{
	"credit": "Made with Blockbench",
	"textures": {
		"0": "item/mk/frontier-trading-post-sign",
		"1": "block/dark_oak_planks",
		"particle": "item/mk/frontier-trading-post-sign"
	},
	"elements": [
		{
			"name": "graphic",
			"from": [-12.28125, 1.40625, 7.64063],
			"to": [28.71875, 16.40625, 7.76563],
			"rotation": {"angle": 0, "axis": "y", "origin": [0, 0, 5.17188]},
			"faces": {
				"north": {"uv": [0, 0, 16, 16], "texture": "#0"},
				"east": {"uv": [0, 0, 0.125, 16], "texture": "#0"},
				"south": {"uv": [15.2352, 15.2352, 16, 16], "texture": "#0"},
				"west": {"uv": [14.5275, 14.33687, 16, 16], "texture": "#0"},
				"up": {"uv": [15.01669, 15.02523, 16, 16], "texture": "#0"},
				"down": {"uv": [14.68892, 14.43039, 16, 16], "texture": "#0"}
			}
		},
		{
			"from": [-15.28125, 0.75, 7.67188],
			"to": [31.4375, 8.875, 8.92188],
			"rotation": {"angle": 0, "axis": "y", "origin": [0, 0, 7.67188]},
			"faces": {
				"north": {"uv": [0, 13.83232, 1.03187, 16], "texture": "#0"},
				"east": {"uv": [0, 13.83232, 0, 15.91502], "texture": "#0"},
				"south": {"uv": [0, 13.83232, 1.03187, 15.91502], "texture": "#0"},
				"west": {"uv": [0, 13.83232, 0, 15.91502], "texture": "#0"},
				"up": {"uv": [0, 13.83232, 1.03187, 13.83232], "texture": "#0"},
				"down": {"uv": [0, 13.83232, 1.03187, 13.83232], "texture": "#0"}
			}
		},
		{
			"from": [-2.90625, 8.75, 7.67188],
			"to": [19.28125, 10.78125, 8.92188],
			"rotation": {"angle": 0, "axis": "y", "origin": [0, 0, 7.67188]},
			"faces": {
				"north": {"uv": [0, 13.83232, 1.03187, 14.26935], "texture": "#0"},
				"east": {"uv": [0, 13.83232, 0, 13.83232], "texture": "#0"},
				"south": {"uv": [0, 13.83232, 1.03187, 13.83232], "texture": "#0"},
				"west": {"uv": [0, 13.83232, 0, 13.83232], "texture": "#0"},
				"up": {"uv": [0, 13.83232, 1.03187, 13.83232], "texture": "#0"},
				"down": {"uv": [0, 13.83232, 1.03187, 13.83232], "texture": "#0"}
			}
		},
		{
			"from": [3.5, 10.71875, 7.67188],
			"to": [13, 13.5, 8.92188],
			"rotation": {"angle": 0, "axis": "y", "origin": [0, 0, 7.67188]},
			"faces": {
				"north": {"uv": [0, 13.83232, 0.04856, 14.26935], "texture": "#0"},
				"east": {"uv": [0, 13.83232, 0, 13.83232], "texture": "#0"},
				"south": {"uv": [0, 13.83232, 0, 13.83232], "texture": "#0"},
				"west": {"uv": [0, 13.83232, 0, 13.83232], "texture": "#0"},
				"up": {"uv": [0, 13.83232, 0, 13.83232], "texture": "#0"},
				"down": {"uv": [0, 13.83232, 0, 13.83232], "texture": "#0"}
			}
		},
		{
			"from": [3.9375, 13.5, 7.67188],
			"to": [12.71875, 14.5, 8.92188],
			"rotation": {"angle": 0, "axis": "y", "origin": [0, 0, 7.67188]},
			"faces": {
				"north": {"uv": [0, 13.83232, 0.04856, 14.26935], "texture": "#0"},
				"east": {"uv": [0, 13.83232, 0, 13.83232], "texture": "#0"},
				"south": {"uv": [0, 13.83232, 0, 13.83232], "texture": "#0"},
				"west": {"uv": [0, 13.83232, 0, 13.83232], "texture": "#0"},
				"up": {"uv": [0, 13.83232, 0, 13.83232], "texture": "#0"},
				"down": {"uv": [0, 13.83232, 0, 13.83232], "texture": "#0"}
			}
		},
		{
			"from": [4.78125, 15, 7.67188],
			"to": [11.5625, 15.5, 8.92188],
			"rotation": {"angle": 0, "axis": "y", "origin": [0, 0, 7.67188]},
			"faces": {
				"north": {"uv": [0, 13.83232, 0.04856, 14.26935], "texture": "#0"},
				"east": {"uv": [0, 13.83232, 0, 13.83232], "texture": "#0"},
				"south": {"uv": [0, 13.83232, 0, 13.83232], "texture": "#0"},
				"west": {"uv": [0, 13.83232, 0, 13.83232], "texture": "#0"},
				"up": {"uv": [0, 13.83232, 0, 13.83232], "texture": "#0"},
				"down": {"uv": [0, 13.83232, 0, 13.83232], "texture": "#0"}
			}
		},
		{
			"from": [6.40625, 16, 7.67188],
			"to": [10.0625, 16.5, 8.92188],
			"rotation": {"angle": 0, "axis": "y", "origin": [0, 0, 7.67188]},
			"faces": {
				"north": {"uv": [0, 13.83232, 0.04856, 14.26935], "texture": "#0"},
				"east": {"uv": [0, 13.83232, 0, 13.83232], "texture": "#0"},
				"south": {"uv": [0, 13.83232, 0, 13.83232], "texture": "#0"},
				"west": {"uv": [0, 13.83232, 0, 13.83232], "texture": "#0"},
				"up": {"uv": [0, 13.83232, 0, 13.83232], "texture": "#0"},
				"down": {"uv": [0, 13.83232, 0, 13.83232], "texture": "#0"}
			}
		},
		{
			"from": [5.28125, 15.5, 7.67188],
			"to": [11.09375, 16, 8.92188],
			"rotation": {"angle": 0, "axis": "y", "origin": [0, 0, 7.67188]},
			"faces": {
				"north": {"uv": [0, 13.83232, 0.04856, 14.26935], "texture": "#0"},
				"east": {"uv": [0, 13.83232, 0, 13.83232], "texture": "#0"},
				"south": {"uv": [0, 13.83232, 0, 13.83232], "texture": "#0"},
				"west": {"uv": [0, 13.83232, 0, 13.83232], "texture": "#0"},
				"up": {"uv": [0, 13.83232, 0, 13.83232], "texture": "#0"},
				"down": {"uv": [0, 13.83232, 0, 13.83232], "texture": "#0"}
			}
		},
		{
			"from": [4.375, 14.5, 7.67188],
			"to": [12.0625, 15, 8.92188],
			"rotation": {"angle": 0, "axis": "y", "origin": [0, 0, 7.67188]},
			"faces": {
				"north": {"uv": [0, 13.83232, 0.04856, 14.26935], "texture": "#0"},
				"east": {"uv": [0, 13.83232, 0, 13.83232], "texture": "#0"},
				"south": {"uv": [0, 13.83232, 0, 13.83232], "texture": "#0"},
				"west": {"uv": [0, 13.83232, 0, 13.83232], "texture": "#0"},
				"up": {"uv": [0, 13.83232, 0, 13.83232], "texture": "#0"},
				"down": {"uv": [0, 13.83232, 0, 13.83232], "texture": "#0"}
			}
		},
		{
			"from": [20, 8.75, 7.42188],
			"to": [31.25, 9.5, 7.67188],
			"rotation": {"angle": 0, "axis": "z", "origin": [0, 0, 7.67188]},
			"faces": {
				"north": {"uv": [0, 0, 3.03187, 4.66768], "rotation": 270, "texture": "#1"},
				"east": {"uv": [0, 0, 1.03187, 0], "rotation": 90, "texture": "#1"},
				"south": {"uv": [0, 0, 1.03187, 2.0827], "rotation": 90, "texture": "#1"},
				"west": {"uv": [0, 0, 1.03187, 0], "rotation": 90, "texture": "#1"},
				"up": {"uv": [0, 0, 0, 2.0827], "rotation": 90, "texture": "#1"},
				"down": {"uv": [0, 0, 0, 2.0827], "rotation": 90, "texture": "#1"}
			}
		},
		{
			"from": [31.25, 0, 7.42188],
			"to": [32, 9.5, 7.67188],
			"rotation": {"angle": 0, "axis": "y", "origin": [0, 0, 7.67188]},
			"faces": {
				"north": {"uv": [0, 0, 3.03187, 4.66768], "texture": "#1"},
				"east": {"uv": [0, 0, 0, 2.0827], "texture": "#1"},
				"south": {"uv": [0, 0, 1.03187, 2.0827], "texture": "#1"},
				"west": {"uv": [0, 0, 0, 2.0827], "texture": "#1"},
				"up": {"uv": [0, 0, 1.03187, 0], "texture": "#1"},
				"down": {"uv": [0, 0, 1.03187, 0], "texture": "#1"}
			}
		},
		{
			"from": [19.25, 8.75, 7.42188],
			"to": [20, 10.75, 7.67188],
			"rotation": {"angle": 0, "axis": "y", "origin": [0, 0, 7.67188]},
			"faces": {
				"north": {"uv": [0, 0, 3.03187, 4.66768], "texture": "#1"},
				"east": {"uv": [0, 0, 0, 2.0827], "texture": "#1"},
				"south": {"uv": [0, 0, 1.03187, 2.0827], "texture": "#1"},
				"west": {"uv": [0, 0, 0, 2.0827], "texture": "#1"},
				"up": {"uv": [0, 0, 1.03187, 0], "texture": "#1"},
				"down": {"uv": [0, 0, 1.03187, 0], "texture": "#1"}
			}
		},
		{
			"from": [3.15625, 10.75, 7.42188],
			"to": [3.90625, 13.40625, 7.67188],
			"rotation": {"angle": 0, "axis": "y", "origin": [4, 11, 7.67188]},
			"faces": {
				"north": {"uv": [3.03187, 0, 0, 4.66768], "texture": "#1"},
				"east": {"uv": [0, 0, 0, 2.0827], "texture": "#1"},
				"south": {"uv": [1.03187, 0, 0, 2.0827], "texture": "#1"},
				"west": {"uv": [0, 0, 0, 2.0827], "texture": "#1"},
				"up": {"uv": [1.03187, 0, 0, 0], "texture": "#1"},
				"down": {"uv": [1.03187, 0, 0, 0], "texture": "#1"}
			}
		},
		{
			"from": [2.71875, 13, 7.42188],
			"to": [3.46875, 14.4375, 7.67188],
			"rotation": {"angle": -22.5, "axis": "z", "origin": [4, 12, 7.67188]},
			"faces": {
				"north": {"uv": [3.03187, 0, 0, 4.66768], "texture": "#1"},
				"east": {"uv": [0, 0, 0, 2.0827], "texture": "#1"},
				"south": {"uv": [1.03187, 0, 0, 2.0827], "texture": "#1"},
				"west": {"uv": [0, 0, 0, 2.0827], "texture": "#1"},
				"up": {"uv": [1.03187, 0, 0, 0], "texture": "#1"},
				"down": {"uv": [1.03187, 0, 0, 0], "texture": "#1"}
			}
		},
		{
			"from": [5.75, 13.3125, 7.42188],
			"to": [7.90625, 14.0625, 7.67188],
			"rotation": {"angle": 45, "axis": "z", "origin": [4, 12, 7.67188]},
			"faces": {
				"north": {"uv": [0, 4.66768, 3.03187, 0], "rotation": 90, "texture": "#1"},
				"east": {"uv": [0, 0, 1.03187, 0], "rotation": 270, "texture": "#1"},
				"south": {"uv": [0, 2.0827, 1.03187, 0], "rotation": 270, "texture": "#1"},
				"west": {"uv": [0, 0, 1.03187, 0], "rotation": 270, "texture": "#1"},
				"up": {"uv": [0, 2.0827, 0, 0], "rotation": 270, "texture": "#1"},
				"down": {"uv": [0, 2.0827, 0, 0], "rotation": 270, "texture": "#1"}
			}
		},
		{
			"from": [6.625, 14.625, 7.42188],
			"to": [8.6875, 15.375, 7.67188],
			"rotation": {"angle": 22.5, "axis": "z", "origin": [4, 12, 7.67188]},
			"faces": {
				"north": {"uv": [0, 4.66768, 3.03187, 0], "rotation": 90, "texture": "#1"},
				"east": {"uv": [0, 0, 1.03187, 0], "rotation": 270, "texture": "#1"},
				"south": {"uv": [0, 2.0827, 1.03187, 0], "rotation": 270, "texture": "#1"},
				"west": {"uv": [0, 0, 1.03187, 0], "rotation": 270, "texture": "#1"},
				"up": {"uv": [0, 2.0827, 0, 0], "rotation": 270, "texture": "#1"},
				"down": {"uv": [0, 2.0827, 0, 0], "rotation": 270, "texture": "#1"}
			}
		},
		{
			"from": [12.59375, 10.75, 7.42188],
			"to": [13.34375, 13.40625, 7.67188],
			"rotation": {"angle": 0, "axis": "y", "origin": [12.5, 11, 7.67188]},
			"faces": {
				"north": {"uv": [0, 0, 3.03187, 4.66768], "texture": "#1"},
				"east": {"uv": [0, 0, 0, 2.0827], "texture": "#1"},
				"south": {"uv": [0, 0, 1.03187, 2.0827], "texture": "#1"},
				"west": {"uv": [0, 0, 0, 2.0827], "texture": "#1"},
				"up": {"uv": [0, 0, 1.03187, 0], "texture": "#1"},
				"down": {"uv": [0, 0, 1.03187, 0], "texture": "#1"}
			}
		},
		{
			"from": [13.03125, 13, 7.42188],
			"to": [13.78125, 14.4375, 7.67188],
			"rotation": {"angle": 22.5, "axis": "z", "origin": [12.5, 12, 7.67188]},
			"faces": {
				"north": {"uv": [0, 0, 3.03187, 4.66768], "texture": "#1"},
				"east": {"uv": [0, 0, 0, 2.0827], "texture": "#1"},
				"south": {"uv": [0, 0, 1.03187, 2.0827], "texture": "#1"},
				"west": {"uv": [0, 0, 0, 2.0827], "texture": "#1"},
				"up": {"uv": [0, 0, 1.03187, 0], "texture": "#1"},
				"down": {"uv": [0, 0, 1.03187, 0], "texture": "#1"}
			}
		},
		{
			"from": [8.59375, 13.3125, 7.42188],
			"to": [10.75, 14.0625, 7.67188],
			"rotation": {"angle": -45, "axis": "z", "origin": [12.5, 12, 7.67188]},
			"faces": {
				"north": {"uv": [0, 0, 3.03187, 4.66768], "rotation": 90, "texture": "#1"},
				"east": {"uv": [0, 0, 1.03187, 0], "rotation": 270, "texture": "#1"},
				"south": {"uv": [0, 0, 1.03187, 2.0827], "rotation": 270, "texture": "#1"},
				"west": {"uv": [0, 0, 1.03187, 0], "rotation": 270, "texture": "#1"},
				"up": {"uv": [0, 0, 0, 2.0827], "rotation": 270, "texture": "#1"},
				"down": {"uv": [0, 0, 0, 2.0827], "rotation": 270, "texture": "#1"}
			}
		},
		{
			"from": [7.8125, 14.625, 7.42188],
			"to": [9.875, 15.375, 7.67188],
			"rotation": {"angle": -22.5, "axis": "z", "origin": [12.5, 12, 7.67188]},
			"faces": {
				"north": {"uv": [0, 0, 3.03187, 4.66768], "rotation": 90, "texture": "#1"},
				"east": {"uv": [0, 0, 1.03187, 0], "rotation": 270, "texture": "#1"},
				"south": {"uv": [0, 0, 1.03187, 2.0827], "rotation": 270, "texture": "#1"},
				"west": {"uv": [0, 0, 1.03187, 0], "rotation": 270, "texture": "#1"},
				"up": {"uv": [0, 0, 0, 2.0827], "rotation": 270, "texture": "#1"},
				"down": {"uv": [0, 0, 0, 2.0827], "rotation": 270, "texture": "#1"}
			}
		},
		{
			"from": [6.78125, 16.125, 7.42188],
			"to": [9.65625, 16.875, 7.67188],
			"rotation": {"angle": 0, "axis": "z", "origin": [12.5, 12, 7.67188]},
			"faces": {
				"north": {"uv": [0, 0, 3.03187, 4.66768], "rotation": 90, "texture": "#1"},
				"east": {"uv": [0, 0, 1.03187, 0], "rotation": 270, "texture": "#1"},
				"south": {"uv": [0, 0, 1.03187, 2.0827], "rotation": 270, "texture": "#1"},
				"west": {"uv": [0, 0, 1.03187, 0], "rotation": 270, "texture": "#1"},
				"up": {"uv": [0, 0, 0, 2.0827], "rotation": 270, "texture": "#1"},
				"down": {"uv": [0, 0, 0, 2.0827], "rotation": 270, "texture": "#1"}
			}
		},
		{
			"from": [19.49609, 9.82813, 7.42188],
			"to": [20.24609, 10.88281, 7.67188],
			"rotation": {"angle": 45, "axis": "z", "origin": [19, 10, 7.67188]},
			"faces": {
				"north": {"uv": [0, 0, 3.03187, 4.66768], "texture": "#1"},
				"east": {"uv": [0, 0, 0, 2.0827], "texture": "#1"},
				"south": {"uv": [0, 0, 1.03187, 2.0827], "texture": "#1"},
				"west": {"uv": [0, 0, 0, 2.0827], "texture": "#1"},
				"up": {"uv": [0, 0, 1.03187, 0], "texture": "#1"},
				"down": {"uv": [0, 0, 1.03187, 0], "texture": "#1"}
			}
		},
		{
			"from": [13.25, 10.75, 7.42188],
			"to": [19.25, 11.5, 7.67188],
			"rotation": {"angle": 0, "axis": "z", "origin": [19, 10, 7.67188]},
			"faces": {
				"north": {"uv": [0, 0, 3.03187, 4.66768], "rotation": 90, "texture": "#1"},
				"east": {"uv": [0, 0, 1.03187, 0], "rotation": 270, "texture": "#1"},
				"south": {"uv": [0, 0, 1.03187, 2.0827], "rotation": 270, "texture": "#1"},
				"west": {"uv": [0, 0, 1.03187, 0], "rotation": 270, "texture": "#1"},
				"up": {"uv": [0, 0, 0, 2.0827], "rotation": 270, "texture": "#1"},
				"down": {"uv": [0, 0, 0, 2.0827], "rotation": 270, "texture": "#1"}
			}
		},
		{
			"from": [-2.8125, 10.75, 7.42188],
			"to": [3.21875, 11.5, 7.67188],
			"rotation": {"angle": 0, "axis": "z", "origin": [-2.5625, 10, 7.67188]},
			"faces": {
				"north": {"uv": [0, 4.66768, 3.03187, 0], "rotation": 90, "texture": "#1"},
				"east": {"uv": [0, 0, 1.03187, 0], "rotation": 270, "texture": "#1"},
				"south": {"uv": [0, 2.0827, 1.03187, 0], "rotation": 270, "texture": "#1"},
				"west": {"uv": [0, 0, 1.03187, 0], "rotation": 270, "texture": "#1"},
				"up": {"uv": [0, 2.0827, 0, 0], "rotation": 270, "texture": "#1"},
				"down": {"uv": [0, 2.0827, 0, 0], "rotation": 270, "texture": "#1"}
			}
		},
		{
			"from": [-3.80859, 9.82813, 7.42188],
			"to": [-3.05859, 10.88281, 7.67188],
			"rotation": {"angle": -45, "axis": "z", "origin": [-2.5625, 10, 7.67188]},
			"faces": {
				"north": {"uv": [3.03187, 0, 0, 4.66768], "texture": "#1"},
				"east": {"uv": [0, 0, 0, 2.0827], "texture": "#1"},
				"south": {"uv": [1.03187, 0, 0, 2.0827], "texture": "#1"},
				"west": {"uv": [0, 0, 0, 2.0827], "texture": "#1"},
				"up": {"uv": [1.03187, 0, 0, 0], "texture": "#1"},
				"down": {"uv": [1.03187, 0, 0, 0], "texture": "#1"}
			}
		},
		{
			"from": [-3.5625, 8.75, 7.42188],
			"to": [-2.8125, 10.75, 7.67188],
			"rotation": {"angle": 0, "axis": "y", "origin": [16.4375, 0, 7.67188]},
			"faces": {
				"north": {"uv": [3.03187, 0, 0, 4.66768], "texture": "#1"},
				"east": {"uv": [0, 0, 0, 2.0827], "texture": "#1"},
				"south": {"uv": [1.03187, 0, 0, 2.0827], "texture": "#1"},
				"west": {"uv": [0, 0, 0, 2.0827], "texture": "#1"},
				"up": {"uv": [1.03187, 0, 0, 0], "texture": "#1"},
				"down": {"uv": [1.03187, 0, 0, 0], "texture": "#1"}
			}
		},
		{
			"from": [-16, 0, 7.42188],
			"to": [-15.25, 9.5, 7.67188],
			"rotation": {"angle": 0, "axis": "y", "origin": [0, 0, 7.67188]},
			"faces": {
				"north": {"uv": [0, 0, 3.03187, 4.66768], "texture": "#1"},
				"east": {"uv": [0, 0, 0, 2.0827], "texture": "#1"},
				"south": {"uv": [0, 0, 1.03187, 2.0827], "texture": "#1"},
				"west": {"uv": [0, 0, 0, 2.0827], "texture": "#1"},
				"up": {"uv": [0, 0, 1.03187, 0], "texture": "#1"},
				"down": {"uv": [0, 0, 1.03187, 0], "texture": "#1"}
			}
		},
		{
			"from": [-15.25, 0, 7.42188],
			"to": [31.25, 0.75, 7.67188],
			"rotation": {"angle": 0, "axis": "z", "origin": [0, 0, 7.67188]},
			"faces": {
				"north": {"uv": [0, 0, 3.03187, 4.66768], "rotation": 270, "texture": "#1"},
				"east": {"uv": [0, 0, 1.03187, 0], "rotation": 90, "texture": "#1"},
				"south": {"uv": [0, 0, 1.03187, 2.0827], "rotation": 90, "texture": "#1"},
				"west": {"uv": [0, 0, 1.03187, 0], "rotation": 90, "texture": "#1"},
				"up": {"uv": [0, 0, 0, 2.0827], "rotation": 90, "texture": "#1"},
				"down": {"uv": [0, 0, 0, 2.0827], "rotation": 90, "texture": "#1"}
			}
		},
		{
			"from": [-15.25, 8.75, 7.42188],
			"to": [-3.53125, 9.5, 7.67188],
			"rotation": {"angle": 0, "axis": "z", "origin": [0, 0, 7.67188]},
			"faces": {
				"north": {"uv": [0, 0, 3.03187, 4.66768], "rotation": 270, "texture": "#1"},
				"east": {"uv": [0, 0, 1.03187, 0], "rotation": 90, "texture": "#1"},
				"south": {"uv": [0, 0, 1.03187, 2.0827], "rotation": 90, "texture": "#1"},
				"west": {"uv": [0, 0, 1.03187, 0], "rotation": 90, "texture": "#1"},
				"up": {"uv": [0, 0, 0, 2.0827], "rotation": 90, "texture": "#1"},
				"down": {"uv": [0, 0, 0, 2.0827], "rotation": 90, "texture": "#1"}
			}
		}
	],
	"display": {
		"head": {
			"translation": [0, -17.75, -1.25],
			"scale": [1.6, 1.6, 1.6]
		}
	},
	"groups": [
		0,
		{
			"name": "background",
			"origin": [0, 0, 7.67188],
			"color": 0,
			"children": [1, 2, 3, 4, 5, 6, 7, 8]
		},
		{
			"name": "trim",
			"origin": [0, 0, 7.67188],
			"color": 0,
			"children": [9, 10, 11, 12, 13, 14, 15, 16, 17, 18, 19, 20, 21, 22, 23, 24, 25, 26, 27, 28]
		}
	]
}