{
	"credit": "Made with Blockbench",
	"textures": {
		"0": "block/brown_concrete",
		"1": "block/black_concrete",
		"2": "block/redstone_block",
		"3": "block/andesite",
		"4": "block/white_concrete",
		"particle": "block/brown_concrete"
	},
	"elements": [
		{
			"from": [-0.25, 0, 0],
			"to": [0.5, 14.5, 9.5],
			"faces": {
				"north": {"uv": [0, 0, 0.75, 14.5], "texture": "#0"},
				"east": {"uv": [0, 0, 9.5, 14.5], "texture": "#0"},
				"south": {"uv": [0, 0, 0.75, 14.5], "texture": "#0"},
				"west": {"uv": [0, 0, 9.5, 14.5], "texture": "#0"},
				"up": {"uv": [0, 0, 0.75, 9.5], "texture": "#0"},
				"down": {"uv": [0, 0, 0.75, 9.5], "texture": "#0"}
			}
		},
		{
			"from": [-0.59375, 1, 1],
			"to": [0.15625, 5, 8.5],
			"faces": {
				"north": {"uv": [0, 0, 0.75, 4], "texture": "#0"},
				"east": {"uv": [0, 0, 7.5, 4], "texture": "#0"},
				"south": {"uv": [0, 0, 0.75, 4], "texture": "#0"},
				"west": {"uv": [0, 0, 7.5, 4], "texture": "#0"},
				"up": {"uv": [0, 0, 0.75, 7.5], "texture": "#0"},
				"down": {"uv": [0, 0, 0.75, 7.5], "texture": "#0"}
			}
		},
		{
			"from": [-0.59375, 5.5, 1],
			"to": [0.15625, 13.5, 8.5],
			"faces": {
				"north": {"uv": [0, 0, 0.75, 8], "texture": "#0"},
				"east": {"uv": [0, 0, 7.5, 8], "texture": "#0"},
				"south": {"uv": [0, 0, 0.75, 8], "texture": "#0"},
				"west": {"uv": [0, 0, 7.5, 8], "texture": "#0"},
				"up": {"uv": [0, 0, 0.75, 7.5], "texture": "#0"},
				"down": {"uv": [0, 0, 0.75, 7.5], "texture": "#0"}
			}
		},
		{
			"from": [-1.1875, 2.25, 7.5],
			"to": [-0.4375, 3.75, 9],
			"faces": {
				"north": {"uv": [0, 0, 0.75, 1.5], "texture": "#3"},
				"east": {"uv": [0, 0, 1.5, 1.5], "texture": "#3"},
				"south": {"uv": [0, 0, 0.75, 1.5], "texture": "#3"},
				"west": {"uv": [0, 0, 1.5, 1.5], "texture": "#3"},
				"up": {"uv": [0, 0, 0.75, 1.5], "texture": "#3"},
				"down": {"uv": [0, 0, 0.75, 1.5], "texture": "#3"}
			}
		},
		{
			"from": [-0.84375, 11.25, 6],
			"to": [-0.59375, 12.25, 6.5],
			"faces": {
				"north": {"uv": [0, 0, 0.25, 1], "texture": "#2"},
				"east": {"uv": [0, 0, 0.5, 1], "texture": "#2"},
				"south": {"uv": [0, 0, 0.25, 1], "texture": "#2"},
				"west": {"uv": [0, 0, 0.5, 1], "texture": "#2"},
				"up": {"uv": [0, 0, 0.25, 0.5], "texture": "#2"},
				"down": {"uv": [0, 0, 0.25, 0.5], "texture": "#2"}
			}
		},
		{
			"from": [-0.6875, 11, 5.5],
			"to": [-0.4375, 12.5, 7],
			"faces": {
				"north": {"uv": [0, 0, 0.25, 1.5], "texture": "#1"},
				"east": {"uv": [0, 0, 1.5, 1.5], "texture": "#1"},
				"south": {"uv": [0, 0, 0.25, 1.5], "texture": "#1"},
				"west": {"uv": [0, 0, 1.5, 1.5], "texture": "#1"},
				"up": {"uv": [0, 0, 0.25, 1.5], "texture": "#1"},
				"down": {"uv": [0, 0, 0.25, 1.5], "texture": "#1"}
			}
		},
		{
			"from": [-0.6875, 9, 5.5],
			"to": [-0.4375, 10.5, 7],
			"faces": {
				"north": {"uv": [0, 0, 0.25, 1.5], "texture": "#1"},
				"east": {"uv": [0, 0, 1.5, 1.5], "texture": "#1"},
				"south": {"uv": [0, 0, 0.25, 1.5], "texture": "#1"},
				"west": {"uv": [0, 0, 1.5, 1.5], "texture": "#1"},
				"up": {"uv": [0, 0, 0.25, 1.5], "texture": "#1"},
				"down": {"uv": [0, 0, 0.25, 1.5], "texture": "#1"}
			}
		},
		{
			"from": [-0.6875, 3.75, 3.5],
			"to": [-0.4375, 4.75, 6],
			"faces": {
				"north": {"uv": [0, 0, 0.25, 1], "texture": "#4"},
				"east": {"uv": [0, 0, 2.5, 1], "texture": "#4"},
				"south": {"uv": [0, 0, 0.25, 1], "texture": "#4"},
				"west": {"uv": [0, 0, 2.5, 1], "texture": "#4"},
				"up": {"uv": [0, 0, 0.25, 2.5], "texture": "#4"},
				"down": {"uv": [0, 0, 0.25, 2.5], "texture": "#4"}
			}
		},
		{
			"from": [-0.84375, 11.25, 3],
			"to": [-0.59375, 12.25, 3.5],
			"faces": {
				"north": {"uv": [0, 0, 0.25, 1], "texture": "#2"},
				"east": {"uv": [0, 0, 0.5, 1], "texture": "#2"},
				"south": {"uv": [0, 0, 0.25, 1], "texture": "#2"},
				"west": {"uv": [0, 0, 0.5, 1], "texture": "#2"},
				"up": {"uv": [0, 0, 0.25, 0.5], "texture": "#2"},
				"down": {"uv": [0, 0, 0.25, 0.5], "texture": "#2"}
			}
		},
		{
			"from": [-0.6875, 11, 2.5],
			"to": [-0.4375, 12.5, 4],
			"faces": {
				"north": {"uv": [0, 0, 0.25, 1.5], "texture": "#1"},
				"east": {"uv": [0, 0, 1.5, 1.5], "texture": "#1"},
				"south": {"uv": [0, 0, 0.25, 1.5], "texture": "#1"},
				"west": {"uv": [0, 0, 1.5, 1.5], "texture": "#1"},
				"up": {"uv": [0, 0, 0.25, 1.5], "texture": "#1"},
				"down": {"uv": [0, 0, 0.25, 1.5], "texture": "#1"}
			}
		},
		{
			"from": [-0.6875, 9, 2.5],
			"to": [-0.4375, 10.5, 4],
			"faces": {
				"north": {"uv": [0, 0, 0.25, 1.5], "texture": "#1"},
				"east": {"uv": [0, 0, 1.5, 1.5], "texture": "#1"},
				"south": {"uv": [0, 0, 0.25, 1.5], "texture": "#1"},
				"west": {"uv": [0, 0, 1.5, 1.5], "texture": "#1"},
				"up": {"uv": [0, 0, 0.25, 1.5], "texture": "#1"},
				"down": {"uv": [0, 0, 0.25, 1.5], "texture": "#1"}
			}
		},
		{
			"from": [-0.6875, 6.5, 2.5],
			"to": [-0.4375, 8, 4],
			"faces": {
				"north": {"uv": [0, 0, 0.25, 1.5], "texture": "#1"},
				"east": {"uv": [0, 0, 1.5, 1.5], "texture": "#1"},
				"south": {"uv": [0, 0, 0.25, 1.5], "texture": "#1"},
				"west": {"uv": [0, 0, 1.5, 1.5], "texture": "#1"},
				"up": {"uv": [0, 0, 0.25, 1.5], "texture": "#1"},
				"down": {"uv": [0, 0, 0.25, 1.5], "texture": "#1"}
			}
		},
		{
			"from": [-0.6875, 6.5, 5.5],
			"to": [-0.4375, 8, 7],
			"faces": {
				"north": {"uv": [0, 0, 0.25, 1.5], "texture": "#1"},
				"east": {"uv": [0, 0, 1.5, 1.5], "texture": "#1"},
				"south": {"uv": [0, 0, 0.25, 1.5], "texture": "#1"},
				"west": {"uv": [0, 0, 1.5, 1.5], "texture": "#1"},
				"up": {"uv": [0, 0, 0.25, 1.5], "texture": "#1"},
				"down": {"uv": [0, 0, 0.25, 1.5], "texture": "#1"}
			}
		}
	],
	"display": {
		"fixed": {
			"rotation": [0, -90, 0],
			"translation": [-6.25, 1.25, 7.5],
			"scale": [1, 2, 2]
		}
	},
	"groups": [
		0,
		1,
		2,
		3,
		{
			"name": "group",
			"origin": [0, 0, 0],
			"color": 0,
			"children": [4, 5, 6, 7]
		},
		{
			"name": "group",
			"origin": [0, 0, 0],
			"color": 0,
			"children": [8, 9, 10, 11]
		},
		12
	]
}