{
	"credit": "Made with Blockbench",
	"textures": {
		"0": "block/white_concrete",
		"1": "block/black_concrete_powder",
		"2": "block/polished_andesite",
		"3": "block/light_blue_concrete",
		"4": "block/cyan_concrete",
		"particle": "block/white_concrete"
	},
	"elements": [
		{
			"from": [-3, 0, -5.5],
			"to": [16, 2, 24.5],
			"faces": {
				"north": {"uv": [0, 0, 16, 2], "texture": "#4"},
				"east": {"uv": [0, 0, 16, 2], "texture": "#4"},
				"south": {"uv": [0, 0, 16, 2], "texture": "#4"},
				"west": {"uv": [0, 0, 16, 2], "texture": "#4"},
				"up": {"uv": [0, 0, 16, 16], "texture": "#1"},
				"down": {"uv": [0, 0, 16, 16], "texture": "#4"}
			}
		},
		{
			"from": [-2, 0.5, 27],
			"to": [15, 8, 28.5],
			"faces": {
				"north": {"uv": [0, 0, 16, 7.5], "texture": "#4"},
				"east": {"uv": [0, 0, 1.5, 7.5], "texture": "#4"},
				"south": {"uv": [0, 0, 16, 7.5], "texture": "#4"},
				"west": {"uv": [0, 0, 1.5, 7.5], "texture": "#4"},
				"up": {"uv": [0, 0, 16, 1.5], "texture": "#4"},
				"down": {"uv": [0, 0, 16, 1.5], "texture": "#4"}
			}
		},
		{
			"from": [-2.5, 0.5, 25.5],
			"to": [15.5, 8, 27],
			"faces": {
				"north": {"uv": [0, 0, 16, 7.5], "texture": "#4"},
				"east": {"uv": [0, 0, 1.5, 7.5], "texture": "#4"},
				"south": {"uv": [0, 0, 16, 7.5], "texture": "#4"},
				"west": {"uv": [0, 0, 1.5, 7.5], "texture": "#4"},
				"up": {"uv": [0, 0, 16, 1.5], "texture": "#4"},
				"down": {"uv": [0, 0, 16, 1.5], "texture": "#4"}
			}
		},
		{
			"from": [-3, 0.5, 24.5],
			"to": [16, 8, 25.5],
			"faces": {
				"north": {"uv": [0, 0, 16, 7.5], "texture": "#4"},
				"east": {"uv": [0, 0, 1, 7.5], "texture": "#4"},
				"south": {"uv": [0, 0, 16, 7.5], "texture": "#4"},
				"west": {"uv": [0, 0, 1, 7.5], "texture": "#4"},
				"up": {"uv": [0, 0, 16, 1], "texture": "#4"},
				"down": {"uv": [0, 0, 16, 1], "texture": "#4"}
			}
		},
		{
			"from": [-2, 5, 28.5],
			"to": [15, 8, 30],
			"faces": {
				"north": {"uv": [0, 0, 16, 3], "texture": "#0"},
				"east": {"uv": [0, 0, 1.5, 3], "texture": "#0"},
				"south": {"uv": [0, 0, 16, 3], "texture": "#0"},
				"west": {"uv": [0, 0, 1.5, 3], "texture": "#0"},
				"up": {"uv": [0, 0, 16, 1.5], "texture": "#0"},
				"down": {"uv": [0, 0, 16, 1.5], "texture": "#0"}
			}
		},
		{
			"from": [15, 2, -5.5],
			"to": [16, 8, 24.5],
			"faces": {
				"north": {"uv": [0, 0, 1, 6], "texture": "#4"},
				"east": {"uv": [0, 0, 16, 6], "texture": "#4"},
				"south": {"uv": [0, 0, 1, 6], "texture": "#4"},
				"west": {"uv": [0, 0, 16, 6], "texture": "#4"},
				"up": {"uv": [0, 0, 1, 16], "texture": "#4"},
				"down": {"uv": [0, 0, 1, 16], "texture": "#4"}
			}
		},
		{
			"from": [14.75, 8, -6.5],
			"to": [16.25, 8.25, 24.5],
			"faces": {
				"north": {"uv": [0, 0, 1.5, 0.25], "texture": "#4"},
				"east": {"uv": [0, 0, 16, 0.25], "texture": "#4"},
				"south": {"uv": [0, 0, 1.5, 0.25], "texture": "#4"},
				"west": {"uv": [0, 0, 16, 0.25], "texture": "#4"},
				"up": {"uv": [0, 0, 1.5, 16], "texture": "#4"},
				"down": {"uv": [0, 0, 1.5, 16], "texture": "#4"}
			}
		},
		{
			"from": [15.25, 8, -6.5],
			"to": [15.75, 8.28125, 24.5],
			"faces": {
				"north": {"uv": [0, 0, 0.5, 0.28125], "texture": "#1"},
				"east": {"uv": [0, 0, 16, 0.28125], "texture": "#1"},
				"south": {"uv": [0, 0, 0.5, 0.28125], "texture": "#1"},
				"west": {"uv": [0, 0, 16, 0.28125], "texture": "#1"},
				"up": {"uv": [0, 0, 0.5, 16], "texture": "#1"},
				"down": {"uv": [0, 0, 0.5, 16], "texture": "#1"}
			}
		},
		{
			"from": [-3.25, 8, 24.5],
			"to": [16.25, 8.25, 25.75],
			"faces": {
				"north": {"uv": [0, 0, 16, 0.25], "texture": "#4"},
				"east": {"uv": [0, 0, 1.25, 0.25], "texture": "#4"},
				"south": {"uv": [0, 0, 16, 0.25], "texture": "#4"},
				"west": {"uv": [0, 0, 1.25, 0.25], "texture": "#4"},
				"up": {"uv": [0, 0, 16, 1.25], "texture": "#4"},
				"down": {"uv": [0, 0, 16, 1.25], "texture": "#4"}
			}
		},
		{
			"from": [-2.75, 8, 25.75],
			"to": [15.75, 8.25, 27.25],
			"faces": {
				"north": {"uv": [0, 0, 16, 0.25], "texture": "#4"},
				"east": {"uv": [0, 0, 1.5, 0.25], "texture": "#4"},
				"south": {"uv": [0, 0, 16, 0.25], "texture": "#4"},
				"west": {"uv": [0, 0, 1.5, 0.25], "texture": "#4"},
				"up": {"uv": [0, 0, 16, 1.5], "texture": "#4"},
				"down": {"uv": [0, 0, 16, 1.5], "texture": "#4"}
			}
		},
		{
			"from": [-2.25, 8, 27.25],
			"to": [15.25, 8.25, 28.75],
			"faces": {
				"north": {"uv": [0, 0, 16, 0.25], "texture": "#4"},
				"east": {"uv": [0, 0, 1.5, 0.25], "texture": "#4"},
				"south": {"uv": [0, 0, 16, 0.25], "texture": "#4"},
				"west": {"uv": [0, 0, 1.5, 0.25], "texture": "#4"},
				"up": {"uv": [0, 0, 16, 1.5], "texture": "#4"},
				"down": {"uv": [0, 0, 16, 1.5], "texture": "#4"}
			}
		},
		{
			"from": [6.25, 8.25, 27],
			"to": [6.75, 8.375, 28.25],
			"rotation": {"angle": 0, "axis": "y", "origin": [0, 0, -0.25]},
			"faces": {
				"north": {"uv": [0, 0, 0.5, 0.125], "texture": "#2"},
				"east": {"uv": [0, 0, 1.25, 0.125], "texture": "#2"},
				"south": {"uv": [0, 0, 0.5, 0.125], "texture": "#2"},
				"west": {"uv": [0, 0, 1.25, 0.125], "texture": "#2"},
				"up": {"uv": [0, 0, 0.5, 1.25], "texture": "#2"},
				"down": {"uv": [0, 0, 0.5, 1.25], "texture": "#2"}
			}
		},
		{
			"from": [6.34375, 8.375, 27.34375],
			"to": [6.65625, 10.625, 27.65625],
			"rotation": {"angle": -22.5, "axis": "x", "origin": [7, 9, 27.75]},
			"faces": {
				"north": {"uv": [0, 0, 0.3125, 2.25], "texture": "#2"},
				"east": {"uv": [0, 0, 0.3125, 2.25], "texture": "#2"},
				"south": {"uv": [0, 0, 0.3125, 2.25], "texture": "#2"},
				"west": {"uv": [0, 0, 0.3125, 2.25], "texture": "#2"},
				"up": {"uv": [0, 0, 0.3125, 0.3125], "texture": "#2"},
				"down": {"uv": [0, 0, 0.3125, 0.3125], "texture": "#2"}
			}
		},
		{
			"from": [14.34375, 8.21875, 25.5625],
			"to": [14.65625, 10.46875, 25.875],
			"rotation": {"angle": 22.5, "axis": "x", "origin": [15, 9, 25.75]},
			"faces": {
				"north": {"uv": [0, 0, 0.3125, 2.25], "texture": "#2"},
				"east": {"uv": [0, 0, 0.3125, 2.25], "texture": "#2"},
				"south": {"uv": [0, 0, 0.3125, 2.25], "texture": "#2"},
				"west": {"uv": [0, 0, 0.3125, 2.25], "texture": "#2"},
				"up": {"uv": [0, 0, 0.3125, 0.3125], "texture": "#2"},
				"down": {"uv": [0, 0, 0.3125, 0.3125], "texture": "#2"}
			}
		},
		{
			"from": [10.53125, 10.28125, 26.125],
			"to": [14.65625, 10.59375, 26.4375],
			"rotation": {"angle": 0, "axis": "z", "origin": [15, 9, 25.75]},
			"faces": {
				"north": {"uv": [0, 0, 0.3125, 4.125], "rotation": 90, "texture": "#2"},
				"east": {"uv": [0, 0, 0.3125, 0.3125], "rotation": 270, "texture": "#2"},
				"south": {"uv": [0, 0, 0.3125, 4.125], "rotation": 270, "texture": "#2"},
				"west": {"uv": [0, 0, 0.3125, 0.3125], "rotation": 270, "texture": "#2"},
				"up": {"uv": [0, 0, 0.3125, 4.125], "rotation": 270, "texture": "#2"},
				"down": {"uv": [0, 0, 0.3125, 4.125], "rotation": 270, "texture": "#2"}
			}
		},
		{
			"from": [8.53125, 10.28125, 26.375],
			"to": [10.65625, 10.59375, 26.6875],
			"rotation": {"angle": 0, "axis": "z", "origin": [15, 9, 25.75]},
			"faces": {
				"north": {"uv": [0, 0, 0.3125, 2.125], "rotation": 90, "texture": "#2"},
				"east": {"uv": [0, 0, 0.3125, 0.3125], "rotation": 270, "texture": "#2"},
				"south": {"uv": [0, 0, 0.3125, 2.125], "rotation": 270, "texture": "#2"},
				"west": {"uv": [0, 0, 0.3125, 0.3125], "rotation": 270, "texture": "#2"},
				"up": {"uv": [0, 0, 0.3125, 2.125], "rotation": 270, "texture": "#2"},
				"down": {"uv": [0, 0, 0.3125, 2.125], "rotation": 270, "texture": "#2"}
			}
		},
		{
			"from": [4.375, 10.28125, 26.625],
			"to": [8.65625, 10.59375, 26.9375],
			"rotation": {"angle": 0, "axis": "z", "origin": [15, 9, 25.75]},
			"faces": {
				"north": {"uv": [0, 0, 0.3125, 4.28125], "rotation": 90, "texture": "#2"},
				"east": {"uv": [0, 0, 0.3125, 0.3125], "rotation": 270, "texture": "#2"},
				"south": {"uv": [0, 0, 0.3125, 4.28125], "rotation": 270, "texture": "#2"},
				"west": {"uv": [0, 0, 0.3125, 0.3125], "rotation": 270, "texture": "#2"},
				"up": {"uv": [0, 0, 0.3125, 4.28125], "rotation": 270, "texture": "#2"},
				"down": {"uv": [0, 0, 0.3125, 4.28125], "rotation": 270, "texture": "#2"}
			}
		},
		{
			"from": [5.53125, 10.1875, 26.5],
			"to": [7.40625, 10.71875, 27.0625],
			"rotation": {"angle": 0, "axis": "z", "origin": [15, 9, 25.75]},
			"faces": {
				"north": {"uv": [0, 0, 0.53125, 1.875], "rotation": 90, "texture": "#2"},
				"east": {"uv": [0, 0, 0.53125, 0.5625], "rotation": 270, "texture": "#2"},
				"south": {"uv": [0, 0, 0.53125, 1.875], "rotation": 270, "texture": "#2"},
				"west": {"uv": [0, 0, 0.53125, 0.5625], "rotation": 270, "texture": "#2"},
				"up": {"uv": [0, 0, 0.5625, 1.875], "rotation": 270, "texture": "#2"},
				"down": {"uv": [0, 0, 0.5625, 1.875], "rotation": 270, "texture": "#2"}
			}
		},
		{
			"from": [14.25, 8.25, 25],
			"to": [14.75, 8.375, 26.25],
			"rotation": {"angle": 0, "axis": "y", "origin": [8, 0, -2.25]},
			"faces": {
				"north": {"uv": [0, 0, 0.5, 0.125], "texture": "#2"},
				"east": {"uv": [0, 0, 1.25, 0.125], "texture": "#2"},
				"south": {"uv": [0, 0, 0.5, 0.125], "texture": "#2"},
				"west": {"uv": [0, 0, 1.25, 0.125], "texture": "#2"},
				"up": {"uv": [0, 0, 0.5, 1.25], "texture": "#2"},
				"down": {"uv": [0, 0, 0.5, 1.25], "texture": "#2"}
			}
		},
		{
			"from": [15.96875, 5, -6.5],
			"to": [16.0625, 8, 25.5],
			"faces": {
				"north": {"uv": [0, 0, 0.09375, 3], "texture": "#0"},
				"east": {"uv": [0, 0, 16, 3], "texture": "#0"},
				"south": {"uv": [0, 0, 0.09375, 3], "texture": "#0"},
				"west": {"uv": [0, 0, 16, 3], "texture": "#0"},
				"up": {"uv": [0, 0, 0.09375, 16], "texture": "#0"},
				"down": {"uv": [0, 0, 0.09375, 16], "texture": "#0"}
			}
		},
		{
			"from": [15.46875, 5, 25.5],
			"to": [15.5625, 8, 27],
			"faces": {
				"north": {"uv": [0, 0, 0.09375, 3], "texture": "#0"},
				"east": {"uv": [0, 0, 1.5, 3], "texture": "#0"},
				"south": {"uv": [0, 0, 0.09375, 3], "texture": "#0"},
				"west": {"uv": [0, 0, 1.5, 3], "texture": "#0"},
				"up": {"uv": [0, 0, 0.09375, 1.5], "texture": "#0"},
				"down": {"uv": [0, 0, 0.09375, 1.5], "texture": "#0"}
			}
		},
		{
			"from": [14.96875, 5, 27],
			"to": [15.0625, 8, 28.5],
			"faces": {
				"north": {"uv": [0, 0, 0.09375, 3], "texture": "#0"},
				"east": {"uv": [0, 0, 1.5, 3], "texture": "#0"},
				"south": {"uv": [0, 0, 0.09375, 3], "texture": "#0"},
				"west": {"uv": [0, 0, 1.5, 3], "texture": "#0"},
				"up": {"uv": [0, 0, 0.09375, 1.5], "texture": "#0"},
				"down": {"uv": [0, 0, 0.09375, 1.5], "texture": "#0"}
			}
		},
		{
			"from": [15, 5, 26.96875],
			"to": [15.5, 8, 27.0625],
			"rotation": {"angle": 0, "axis": "y", "origin": [15.5, 0, 24]},
			"faces": {
				"north": {"uv": [0, 0, 0.5, 3], "texture": "#0"},
				"east": {"uv": [0, 0, 0.09375, 3], "texture": "#0"},
				"south": {"uv": [0, 0, 0.5, 3], "texture": "#0"},
				"west": {"uv": [0, 0, 0.09375, 3], "texture": "#0"},
				"up": {"uv": [0, 0, 0.09375, 0.5], "rotation": 90, "texture": "#0"},
				"down": {"uv": [0, 0, 0.09375, 0.5], "rotation": 270, "texture": "#0"}
			}
		},
		{
			"from": [15.5, 5, 25.46875],
			"to": [16, 8, 25.5625],
			"rotation": {"angle": 0, "axis": "y", "origin": [15.5, 0, 24]},
			"faces": {
				"north": {"uv": [0, 0, 0.5, 3], "texture": "#0"},
				"east": {"uv": [0, 0, 0.09375, 3], "texture": "#0"},
				"south": {"uv": [0, 0, 0.5, 3], "texture": "#0"},
				"west": {"uv": [0, 0, 0.09375, 3], "texture": "#0"},
				"up": {"uv": [0, 0, 0.09375, 0.5], "rotation": 90, "texture": "#0"},
				"down": {"uv": [0, 0, 0.09375, 0.5], "rotation": 270, "texture": "#0"}
			}
		},
		{
			"from": [-2, 0.5, -9.5],
			"to": [15, 8, -8],
			"rotation": {"angle": 0, "axis": "y", "origin": [0, 0, 14]},
			"faces": {
				"north": {"uv": [0, 0, 16, 7.5], "texture": "#4"},
				"east": {"uv": [1.5, 0, 3, 7.5], "texture": "#4"},
				"south": {"uv": [0, 0, 16, 7.5], "texture": "#4"},
				"west": {"uv": [1.5, 0, 3, 7.5], "texture": "#4"},
				"up": {"uv": [0, 1.5, 16, 3], "texture": "#4"},
				"down": {"uv": [0, 1.5, 16, 3], "texture": "#4"}
			}
		},
		{
			"from": [-2, 5, -11],
			"to": [15, 8, -9.5],
			"rotation": {"angle": 0, "axis": "y", "origin": [0, 0, 14]},
			"faces": {
				"north": {"uv": [0, 0, 16, 3], "texture": "#0"},
				"east": {"uv": [1.5, 0, 3, 3], "texture": "#0"},
				"south": {"uv": [0, 0, 16, 3], "texture": "#0"},
				"west": {"uv": [1.5, 0, 3, 3], "texture": "#0"},
				"up": {"uv": [0, 1.5, 16, 3], "texture": "#0"},
				"down": {"uv": [0, 1.5, 16, 3], "texture": "#0"}
			}
		},
		{
			"from": [15, 5, -8.0625],
			"to": [15.5, 8, -7.96875],
			"rotation": {"angle": 0, "axis": "y", "origin": [15.5, 0, -10]},
			"faces": {
				"north": {"uv": [0.5, 0, 1, 3], "texture": "#0"},
				"east": {"uv": [0.09375, 0, 0.1875, 3], "texture": "#0"},
				"south": {"uv": [0.5, 0, 1, 3], "texture": "#0"},
				"west": {"uv": [0.09375, 0, 0.1875, 3], "texture": "#0"},
				"up": {"uv": [0.09375, 0, 0.1875, 0.5], "rotation": 90, "texture": "#0"},
				"down": {"uv": [0.09375, 0, 0.1875, 0.5], "rotation": 270, "texture": "#0"}
			}
		},
		{
			"from": [-3.25, 8, -6.75],
			"to": [16.25, 8.25, -5.5],
			"rotation": {"angle": 0, "axis": "y", "origin": [0, 0, 14]},
			"faces": {
				"north": {"uv": [0, 0, 16, 0.25], "texture": "#4"},
				"east": {"uv": [1.25, 0, 2.5, 0.25], "texture": "#4"},
				"south": {"uv": [0, 0, 16, 0.25], "texture": "#4"},
				"west": {"uv": [1.25, 0, 2.5, 0.25], "texture": "#4"},
				"up": {"uv": [0, 1.25, 16, 2.5], "texture": "#4"},
				"down": {"uv": [0, 1.25, 16, 2.5], "texture": "#4"}
			}
		},
		{
			"from": [-2.75, 8, -8.25],
			"to": [15.75, 8.25, -6.75],
			"rotation": {"angle": 0, "axis": "y", "origin": [0, 0, 14]},
			"faces": {
				"north": {"uv": [0, 0, 16, 0.25], "texture": "#4"},
				"east": {"uv": [1.5, 0, 3, 0.25], "texture": "#4"},
				"south": {"uv": [0, 0, 16, 0.25], "texture": "#4"},
				"west": {"uv": [1.5, 0, 3, 0.25], "texture": "#4"},
				"up": {"uv": [0, 1.5, 16, 3], "texture": "#4"},
				"down": {"uv": [0, 1.5, 16, 3], "texture": "#4"}
			}
		},
		{
			"from": [-2.25, 8, -9.75],
			"to": [15.25, 8.25, -8.25],
			"rotation": {"angle": 0, "axis": "y", "origin": [0, 0, 14]},
			"faces": {
				"north": {"uv": [0, 0, 16, 0.25], "texture": "#4"},
				"east": {"uv": [1.5, 0, 3, 0.25], "texture": "#4"},
				"south": {"uv": [0, 0, 16, 0.25], "texture": "#4"},
				"west": {"uv": [1.5, 0, 3, 0.25], "texture": "#4"},
				"up": {"uv": [0, 1.5, 16, 3], "texture": "#4"},
				"down": {"uv": [0, 1.5, 16, 3], "texture": "#4"}
			}
		},
		{
			"from": [-1.25, 8.25, -9.5],
			"to": [14.25, 10.75, -5.9375],
			"rotation": {"angle": 0, "axis": "y", "origin": [0, 0, 14]},
			"faces": {
				"north": {"uv": [0, 0, 15.5, 2.5], "texture": "#3"},
				"east": {"uv": [1.5, 0, 5.0625, 2.5], "texture": "#3"},
				"south": {"uv": [0, 0, 15.5, 2.5], "texture": "#3"},
				"west": {"uv": [1.5, 0, 5.0625, 2.5], "texture": "#3"},
				"up": {"uv": [0, 1.5, 15.5, 5.0625], "texture": "#3"},
				"down": {"uv": [0, 1.5, 15.5, 5.0625], "texture": "#3"}
			}
		},
		{
			"from": [-3, 0.5, -6.5],
			"to": [16, 8, -5.5],
			"rotation": {"angle": 0, "axis": "y", "origin": [0, 0, 14]},
			"faces": {
				"north": {"uv": [0, 0, 16, 7.5], "texture": "#4"},
				"east": {"uv": [1, 0, 2, 7.5], "texture": "#4"},
				"south": {"uv": [0, 0, 16, 7.5], "texture": "#4"},
				"west": {"uv": [1, 0, 2, 7.5], "texture": "#4"},
				"up": {"uv": [0, 1, 16, 2], "texture": "#4"},
				"down": {"uv": [0, 1, 16, 2], "texture": "#4"}
			}
		},
		{
			"from": [-2.5, 0.5, -8],
			"to": [15.5, 8, -6.5],
			"rotation": {"angle": 0, "axis": "y", "origin": [0, 0, 14]},
			"faces": {
				"north": {"uv": [0, 0, 16, 7.5], "texture": "#4"},
				"east": {"uv": [1.5, 0, 3, 7.5], "texture": "#4"},
				"south": {"uv": [0, 0, 16, 7.5], "texture": "#4"},
				"west": {"uv": [1.5, 0, 3, 7.5], "texture": "#4"},
				"up": {"uv": [0, 1.5, 16, 3], "texture": "#4"},
				"down": {"uv": [0, 1.5, 16, 3], "texture": "#4"}
			}
		},
		{
			"from": [15.5, 5, -6.5625],
			"to": [16, 8, -6.46875],
			"rotation": {"angle": 0, "axis": "y", "origin": [15.5, 0, -10]},
			"faces": {
				"north": {"uv": [0.5, 0, 1, 3], "texture": "#0"},
				"east": {"uv": [0.09375, 0, 0.1875, 3], "texture": "#0"},
				"south": {"uv": [0.5, 0, 1, 3], "texture": "#0"},
				"west": {"uv": [0.09375, 0, 0.1875, 3], "texture": "#0"},
				"up": {"uv": [0.09375, 0, 0.1875, 0.5], "rotation": 90, "texture": "#0"},
				"down": {"uv": [0.09375, 0, 0.1875, 0.5], "rotation": 270, "texture": "#0"}
			}
		},
		{
			"from": [15.46875, 5, -8],
			"to": [15.5625, 8, -6.5],
			"rotation": {"angle": 0, "axis": "y", "origin": [0, 0, 14]},
			"faces": {
				"north": {"uv": [0.09375, 0, 0.1875, 3], "texture": "#0"},
				"east": {"uv": [1.5, 0, 3, 3], "texture": "#0"},
				"south": {"uv": [0.09375, 0, 0.1875, 3], "texture": "#0"},
				"west": {"uv": [1.5, 0, 3, 3], "texture": "#0"},
				"up": {"uv": [0, 1.5, 0.09375, 3], "texture": "#0"},
				"down": {"uv": [0, 1.5, 0.09375, 3], "texture": "#0"}
			}
		},
		{
			"from": [14.96875, 5, -9.5],
			"to": [15.0625, 8, -8],
			"rotation": {"angle": 0, "axis": "y", "origin": [0, 0, 14]},
			"faces": {
				"north": {"uv": [0.09375, 0, 0.1875, 3], "texture": "#0"},
				"east": {"uv": [1.5, 0, 3, 3], "texture": "#0"},
				"south": {"uv": [0.09375, 0, 0.1875, 3], "texture": "#0"},
				"west": {"uv": [1.5, 0, 3, 3], "texture": "#0"},
				"up": {"uv": [0, 1.5, 0.09375, 3], "texture": "#0"},
				"down": {"uv": [0, 1.5, 0.09375, 3], "texture": "#0"}
			}
		},
		{
			"from": [-3.0625, 5, -6.5],
			"to": [-2.96875, 8, 25.5],
			"rotation": {"angle": 0, "axis": "y", "origin": [13, 0, 0]},
			"faces": {
				"north": {"uv": [0.09375, 0, 0.1875, 3], "texture": "#0"},
				"east": {"uv": [0, 0, 16, 3], "texture": "#0"},
				"south": {"uv": [0.09375, 0, 0.1875, 3], "texture": "#0"},
				"west": {"uv": [0, 0, 16, 3], "texture": "#0"},
				"up": {"uv": [0.09375, 0, 0.1875, 16], "texture": "#0"},
				"down": {"uv": [0.09375, 0, 0.1875, 16], "texture": "#0"}
			}
		},
		{
			"from": [-3, 5, 25.46875],
			"to": [-2.5, 8, 25.5625],
			"rotation": {"angle": 0, "axis": "y", "origin": [-2.5, 0, 24]},
			"faces": {
				"north": {"uv": [0.5, 0, 1, 3], "texture": "#0"},
				"east": {"uv": [0.09375, 0, 0.1875, 3], "texture": "#0"},
				"south": {"uv": [0.5, 0, 1, 3], "texture": "#0"},
				"west": {"uv": [0.09375, 0, 0.1875, 3], "texture": "#0"},
				"up": {"uv": [0, 0.5, 0.09375, 1], "rotation": 90, "texture": "#0"},
				"down": {"uv": [0, 0.5, 0.09375, 1], "rotation": 270, "texture": "#0"}
			}
		},
		{
			"from": [-2.5625, 5, 25.5],
			"to": [-2.46875, 8, 27],
			"rotation": {"angle": 0, "axis": "y", "origin": [13, 0, 0]},
			"faces": {
				"north": {"uv": [0.09375, 0, 0.1875, 3], "texture": "#0"},
				"east": {"uv": [1.5, 0, 3, 3], "texture": "#0"},
				"south": {"uv": [0.09375, 0, 0.1875, 3], "texture": "#0"},
				"west": {"uv": [1.5, 0, 3, 3], "texture": "#0"},
				"up": {"uv": [0.09375, 0, 0.1875, 1.5], "texture": "#0"},
				"down": {"uv": [0.09375, 0, 0.1875, 1.5], "texture": "#0"}
			}
		},
		{
			"from": [-2.75, 8, -6.5],
			"to": [-2.25, 8.28125, 24.5],
			"rotation": {"angle": 0, "axis": "y", "origin": [13, 0, 0]},
			"faces": {
				"north": {"uv": [0.5, 0, 1, 0.28125], "texture": "#1"},
				"east": {"uv": [0, 0, 16, 0.28125], "texture": "#1"},
				"south": {"uv": [0.5, 0, 1, 0.28125], "texture": "#1"},
				"west": {"uv": [0, 0, 16, 0.28125], "texture": "#1"},
				"up": {"uv": [0.5, 0, 1, 16], "texture": "#1"},
				"down": {"uv": [0.5, 0, 1, 16], "texture": "#1"}
			}
		},
		{
			"from": [-3.25, 8, -6.5],
			"to": [-1.75, 8.25, 24.5],
			"rotation": {"angle": 0, "axis": "y", "origin": [13, 0, 0]},
			"faces": {
				"north": {"uv": [1.5, 0, 3, 0.25], "texture": "#4"},
				"east": {"uv": [0, 0, 16, 0.25], "texture": "#4"},
				"south": {"uv": [1.5, 0, 3, 0.25], "texture": "#4"},
				"west": {"uv": [0, 0, 16, 0.25], "texture": "#4"},
				"up": {"uv": [1.5, 0, 3, 16], "texture": "#4"},
				"down": {"uv": [1.5, 0, 3, 16], "texture": "#4"}
			}
		},
		{
			"from": [-2.0625, 5, 27],
			"to": [-1.96875, 8, 28.5],
			"rotation": {"angle": 0, "axis": "y", "origin": [13, 0, 0]},
			"faces": {
				"north": {"uv": [0.09375, 0, 0.1875, 3], "texture": "#0"},
				"east": {"uv": [1.5, 0, 3, 3], "texture": "#0"},
				"south": {"uv": [0.09375, 0, 0.1875, 3], "texture": "#0"},
				"west": {"uv": [1.5, 0, 3, 3], "texture": "#0"},
				"up": {"uv": [0.09375, 0, 0.1875, 1.5], "texture": "#0"},
				"down": {"uv": [0.09375, 0, 0.1875, 1.5], "texture": "#0"}
			}
		},
		{
			"from": [-2.5, 5, 26.96875],
			"to": [-2, 8, 27.0625],
			"rotation": {"angle": 0, "axis": "y", "origin": [-2.5, 0, 24]},
			"faces": {
				"north": {"uv": [0.5, 0, 1, 3], "texture": "#0"},
				"east": {"uv": [0.09375, 0, 0.1875, 3], "texture": "#0"},
				"south": {"uv": [0.5, 0, 1, 3], "texture": "#0"},
				"west": {"uv": [0.09375, 0, 0.1875, 3], "texture": "#0"},
				"up": {"uv": [0, 0.5, 0.09375, 1], "rotation": 90, "texture": "#0"},
				"down": {"uv": [0, 0.5, 0.09375, 1], "rotation": 270, "texture": "#0"}
			}
		},
		{
			"from": [-1.75, 8.25, 25],
			"to": [-1.25, 8.375, 26.25],
			"rotation": {"angle": 0, "axis": "y", "origin": [5, 0, -2.25]},
			"faces": {
				"north": {"uv": [0.5, 0, 1, 0.125], "texture": "#2"},
				"east": {"uv": [1.25, 0, 2.5, 0.125], "texture": "#2"},
				"south": {"uv": [0.5, 0, 1, 0.125], "texture": "#2"},
				"west": {"uv": [1.25, 0, 2.5, 0.125], "texture": "#2"},
				"up": {"uv": [0.5, 0, 1, 1.25], "texture": "#2"},
				"down": {"uv": [0.5, 0, 1, 1.25], "texture": "#2"}
			}
		},
		{
			"from": [-1.65625, 8.21875, 25.5625],
			"to": [-1.34375, 10.46875, 25.875],
			"rotation": {"angle": 22.5, "axis": "x", "origin": [-2, 9, 25.75]},
			"faces": {
				"north": {"uv": [0.3125, 0, 0.625, 2.25], "texture": "#2"},
				"east": {"uv": [0.3125, 0, 0.625, 2.25], "texture": "#2"},
				"south": {"uv": [0.3125, 0, 0.625, 2.25], "texture": "#2"},
				"west": {"uv": [0.3125, 0, 0.625, 2.25], "texture": "#2"},
				"up": {"uv": [0.3125, 0, 0.625, 0.3125], "texture": "#2"},
				"down": {"uv": [0.3125, 0, 0.625, 0.3125], "texture": "#2"}
			}
		},
		{
			"from": [-1.65625, 10.28125, 26.125],
			"to": [2.46875, 10.59375, 26.4375],
			"rotation": {"angle": 0, "axis": "z", "origin": [-2, 9, 25.75]},
			"faces": {
				"north": {"uv": [0, 4.125, 0.3125, 8.25], "rotation": 90, "texture": "#2"},
				"east": {"uv": [0, 0.3125, 0.3125, 0.625], "rotation": 270, "texture": "#2"},
				"south": {"uv": [0, 4.125, 0.3125, 8.25], "rotation": 270, "texture": "#2"},
				"west": {"uv": [0, 0.3125, 0.3125, 0.625], "rotation": 270, "texture": "#2"},
				"up": {"uv": [0, 4.125, 0.3125, 8.25], "rotation": 270, "texture": "#2"},
				"down": {"uv": [0, 4.125, 0.3125, 8.25], "rotation": 270, "texture": "#2"}
			}
		},
		{
			"from": [2.34375, 10.28125, 26.375],
			"to": [4.46875, 10.59375, 26.6875],
			"rotation": {"angle": 0, "axis": "z", "origin": [-2, 9, 25.75]},
			"faces": {
				"north": {"uv": [0, 2.125, 0.3125, 4.25], "rotation": 90, "texture": "#2"},
				"east": {"uv": [0, 0.3125, 0.3125, 0.625], "rotation": 270, "texture": "#2"},
				"south": {"uv": [0, 2.125, 0.3125, 4.25], "rotation": 270, "texture": "#2"},
				"west": {"uv": [0, 0.3125, 0.3125, 0.625], "rotation": 270, "texture": "#2"},
				"up": {"uv": [0, 2.125, 0.3125, 4.25], "rotation": 270, "texture": "#2"},
				"down": {"uv": [0, 2.125, 0.3125, 4.25], "rotation": 270, "texture": "#2"}
			}
		},
		{
			"from": [-3, 5, -6.5625],
			"to": [-2.5, 8, -6.46875],
			"rotation": {"angle": 0, "axis": "y", "origin": [-2.5, 0, -10]},
			"faces": {
				"north": {"uv": [1, 0, 1.5, 3], "texture": "#0"},
				"east": {"uv": [0.1875, 0, 0.28125, 3], "texture": "#0"},
				"south": {"uv": [1, 0, 1.5, 3], "texture": "#0"},
				"west": {"uv": [0.1875, 0, 0.28125, 3], "texture": "#0"},
				"up": {"uv": [0.09375, 0.5, 0.1875, 1], "rotation": 90, "texture": "#0"},
				"down": {"uv": [0.09375, 0.5, 0.1875, 1], "rotation": 270, "texture": "#0"}
			}
		},
		{
			"from": [-2.5625, 5, -8],
			"to": [-2.46875, 8, -6.5],
			"rotation": {"angle": 0, "axis": "y", "origin": [13, 0, 14]},
			"faces": {
				"north": {"uv": [0.1875, 0, 0.28125, 3], "texture": "#0"},
				"east": {"uv": [3, 0, 4.5, 3], "texture": "#0"},
				"south": {"uv": [0.1875, 0, 0.28125, 3], "texture": "#0"},
				"west": {"uv": [3, 0, 4.5, 3], "texture": "#0"},
				"up": {"uv": [0.09375, 1.5, 0.1875, 3], "texture": "#0"},
				"down": {"uv": [0.09375, 1.5, 0.1875, 3], "texture": "#0"}
			}
		},
		{
			"from": [-2.5, 5, -8.0625],
			"to": [-2, 8, -7.96875],
			"rotation": {"angle": 0, "axis": "y", "origin": [-2.5, 0, -10]},
			"faces": {
				"north": {"uv": [1, 0, 1.5, 3], "texture": "#0"},
				"east": {"uv": [0.1875, 0, 0.28125, 3], "texture": "#0"},
				"south": {"uv": [1, 0, 1.5, 3], "texture": "#0"},
				"west": {"uv": [0.1875, 0, 0.28125, 3], "texture": "#0"},
				"up": {"uv": [0.09375, 0.5, 0.1875, 1], "rotation": 90, "texture": "#0"},
				"down": {"uv": [0.09375, 0.5, 0.1875, 1], "rotation": 270, "texture": "#0"}
			}
		},
		{
			"from": [-2.0625, 5, -9.5],
			"to": [-1.96875, 8, -8],
			"rotation": {"angle": 0, "axis": "y", "origin": [13, 0, 14]},
			"faces": {
				"north": {"uv": [0.1875, 0, 0.28125, 3], "texture": "#0"},
				"east": {"uv": [3, 0, 4.5, 3], "texture": "#0"},
				"south": {"uv": [0.1875, 0, 0.28125, 3], "texture": "#0"},
				"west": {"uv": [3, 0, 4.5, 3], "texture": "#0"},
				"up": {"uv": [0.09375, 1.5, 0.1875, 3], "texture": "#0"},
				"down": {"uv": [0.09375, 1.5, 0.1875, 3], "texture": "#0"}
			}
		},
		{
			"from": [-3, 2, -5.5],
			"to": [-2, 8, 24.5],
			"faces": {
				"north": {"uv": [0, 0, 1, 6], "texture": "#4"},
				"east": {"uv": [0, 0, 16, 6], "texture": "#4"},
				"south": {"uv": [0, 0, 1, 6], "texture": "#4"},
				"west": {"uv": [0, 0, 16, 6], "texture": "#4"},
				"up": {"uv": [0, 0, 1, 16], "texture": "#4"},
				"down": {"uv": [0, 0, 1, 16], "texture": "#4"}
			}
		},
		{
			"from": [-2, 0, 18.25],
			"to": [15, 4.5, 20.75],
			"faces": {
				"north": {"uv": [0, 0, 16, 4.5], "texture": "#4"},
				"east": {"uv": [0, 0, 2.5, 4.5], "texture": "#4"},
				"south": {"uv": [0, 0, 16, 4.5], "texture": "#4"},
				"west": {"uv": [0, 0, 2.5, 4.5], "texture": "#4"},
				"up": {"uv": [0, 0, 16, 2.5], "texture": "#4"},
				"down": {"uv": [0, 0, 16, 2.5], "texture": "#4"}
			}
		},
		{
			"from": [-2, 4.5, 16.75],
			"to": [15, 5, 21.75],
			"faces": {
				"north": {"uv": [0, 0, 16, 0.5], "texture": "#3"},
				"east": {"uv": [0, 0, 5, 0.5], "texture": "#3"},
				"south": {"uv": [0, 0, 16, 0.5], "texture": "#3"},
				"west": {"uv": [0, 0, 5, 0.5], "texture": "#3"},
				"up": {"uv": [0, 0, 16, 5], "texture": "#3"},
				"down": {"uv": [0, 0, 16, 5], "texture": "#3"}
			}
		},
		{
			"from": [-1.5, 5, 17.75],
			"to": [14.5, 5.0625, 21.25],
			"faces": {
				"north": {"uv": [0, 0, 16, 0.0625], "texture": "#1"},
				"east": {"uv": [0, 0, 3.5, 0.0625], "texture": "#1"},
				"south": {"uv": [0, 0, 16, 0.0625], "texture": "#1"},
				"west": {"uv": [0, 0, 3.5, 0.0625], "texture": "#1"},
				"up": {"uv": [0, 0, 16, 3.5], "texture": "#1"},
				"down": {"uv": [0, 0, 16, 3.5], "texture": "#1"}
			}
		},
		{
			"from": [-2, 5, 16.75],
			"to": [15, 7.75, 17.25],
			"faces": {
				"north": {"uv": [0, 0, 16, 2.75], "texture": "#3"},
				"east": {"uv": [0, 0, 0.5, 2.75], "texture": "#3"},
				"south": {"uv": [0, 0, 16, 2.75], "texture": "#3"},
				"west": {"uv": [0, 0, 0.5, 2.75], "texture": "#3"},
				"up": {"uv": [0, 0, 16, 0.5], "texture": "#3"},
				"down": {"uv": [0, 0, 16, 0.5], "texture": "#3"}
			}
		},
		{
			"from": [-2, 7.75, 16.5],
			"to": [15, 10.25, 17],
			"faces": {
				"north": {"uv": [0, 0, 16, 2.5], "texture": "#3"},
				"east": {"uv": [0, 0, 0.5, 2.5], "texture": "#3"},
				"south": {"uv": [0, 0, 16, 2.5], "texture": "#3"},
				"west": {"uv": [0, 0, 0.5, 2.5], "texture": "#3"},
				"up": {"uv": [0, 0, 16, 0.5], "texture": "#3"},
				"down": {"uv": [0, 0, 16, 0.5], "texture": "#3"}
			}
		},
		{
			"from": [-2, 0, 10.75],
			"to": [15, 4.5, 13.25],
			"faces": {
				"north": {"uv": [0, 0, 16, 4.5], "texture": "#4"},
				"east": {"uv": [0, 0, 2.5, 4.5], "texture": "#4"},
				"south": {"uv": [0, 0, 16, 4.5], "texture": "#4"},
				"west": {"uv": [0, 0, 2.5, 4.5], "texture": "#4"},
				"up": {"uv": [0, 0, 16, 2.5], "texture": "#4"},
				"down": {"uv": [0, 0, 16, 2.5], "texture": "#4"}
			}
		},
		{
			"from": [-2, 4.5, 9.25],
			"to": [15, 5, 14.25],
			"faces": {
				"north": {"uv": [0, 0, 16, 0.5], "texture": "#3"},
				"east": {"uv": [0, 0, 5, 0.5], "texture": "#3"},
				"south": {"uv": [0, 0, 16, 0.5], "texture": "#3"},
				"west": {"uv": [0, 0, 5, 0.5], "texture": "#3"},
				"up": {"uv": [0, 0, 16, 5], "texture": "#3"},
				"down": {"uv": [0, 0, 16, 5], "texture": "#3"}
			}
		},
		{
			"from": [-1.5, 5, 10.25],
			"to": [14.5, 5.0625, 13.75],
			"faces": {
				"north": {"uv": [0, 0, 16, 0.0625], "texture": "#1"},
				"east": {"uv": [0, 0, 3.5, 0.0625], "texture": "#1"},
				"south": {"uv": [0, 0, 16, 0.0625], "texture": "#1"},
				"west": {"uv": [0, 0, 3.5, 0.0625], "texture": "#1"},
				"up": {"uv": [0, 0, 16, 3.5], "texture": "#1"},
				"down": {"uv": [0, 0, 16, 3.5], "texture": "#1"}
			}
		},
		{
			"from": [-2, 5, 9.25],
			"to": [15, 7.75, 9.75],
			"faces": {
				"north": {"uv": [0, 0, 16, 2.75], "texture": "#3"},
				"east": {"uv": [0, 0, 0.5, 2.75], "texture": "#3"},
				"south": {"uv": [0, 0, 16, 2.75], "texture": "#3"},
				"west": {"uv": [0, 0, 0.5, 2.75], "texture": "#3"},
				"up": {"uv": [0, 0, 16, 0.5], "texture": "#3"},
				"down": {"uv": [0, 0, 16, 0.5], "texture": "#3"}
			}
		},
		{
			"from": [-2, 7.75, 9],
			"to": [15, 10.25, 9.5],
			"faces": {
				"north": {"uv": [0, 0, 16, 2.5], "texture": "#3"},
				"east": {"uv": [0, 0, 0.5, 2.5], "texture": "#3"},
				"south": {"uv": [0, 0, 16, 2.5], "texture": "#3"},
				"west": {"uv": [0, 0, 0.5, 2.5], "texture": "#3"},
				"up": {"uv": [0, 0, 16, 0.5], "texture": "#3"},
				"down": {"uv": [0, 0, 16, 0.5], "texture": "#3"}
			}
		},
		{
			"from": [-2, 0, 3.25],
			"to": [15, 4.5, 5.75],
			"faces": {
				"north": {"uv": [0, 0, 16, 4.5], "texture": "#4"},
				"east": {"uv": [0, 0, 2.5, 4.5], "texture": "#4"},
				"south": {"uv": [0, 0, 16, 4.5], "texture": "#4"},
				"west": {"uv": [0, 0, 2.5, 4.5], "texture": "#4"},
				"up": {"uv": [0, 0, 16, 2.5], "texture": "#4"},
				"down": {"uv": [0, 0, 16, 2.5], "texture": "#4"}
			}
		},
		{
			"from": [-2, 4.5, 1.75],
			"to": [15, 5, 6.75],
			"faces": {
				"north": {"uv": [0, 0, 16, 0.5], "texture": "#3"},
				"east": {"uv": [0, 0, 5, 0.5], "texture": "#3"},
				"south": {"uv": [0, 0, 16, 0.5], "texture": "#3"},
				"west": {"uv": [0, 0, 5, 0.5], "texture": "#3"},
				"up": {"uv": [0, 0, 16, 5], "texture": "#3"},
				"down": {"uv": [0, 0, 16, 5], "texture": "#3"}
			}
		},
		{
			"from": [-1.5, 5, 2.75],
			"to": [14.5, 5.0625, 6.25],
			"faces": {
				"north": {"uv": [0, 0, 16, 0.0625], "texture": "#1"},
				"east": {"uv": [0, 0, 3.5, 0.0625], "texture": "#1"},
				"south": {"uv": [0, 0, 16, 0.0625], "texture": "#1"},
				"west": {"uv": [0, 0, 3.5, 0.0625], "texture": "#1"},
				"up": {"uv": [0, 0, 16, 3.5], "texture": "#1"},
				"down": {"uv": [0, 0, 16, 3.5], "texture": "#1"}
			}
		},
		{
			"from": [-2, 5, 1.75],
			"to": [15, 7.75, 2.25],
			"faces": {
				"north": {"uv": [0, 0, 16, 2.75], "texture": "#3"},
				"east": {"uv": [0, 0, 0.5, 2.75], "texture": "#3"},
				"south": {"uv": [0, 0, 16, 2.75], "texture": "#3"},
				"west": {"uv": [0, 0, 0.5, 2.75], "texture": "#3"},
				"up": {"uv": [0, 0, 16, 0.5], "texture": "#3"},
				"down": {"uv": [0, 0, 16, 0.5], "texture": "#3"}
			}
		},
		{
			"from": [-2, 7.75, 1.5],
			"to": [15, 10.25, 2],
			"faces": {
				"north": {"uv": [0, 0, 16, 2.5], "texture": "#3"},
				"east": {"uv": [0, 0, 0.5, 2.5], "texture": "#3"},
				"south": {"uv": [0, 0, 16, 2.5], "texture": "#3"},
				"west": {"uv": [0, 0, 0.5, 2.5], "texture": "#3"},
				"up": {"uv": [0, 0, 16, 0.5], "texture": "#3"},
				"down": {"uv": [0, 0, 16, 0.5], "texture": "#3"}
			}
		},
		{
			"from": [-2, 0, -4.25],
			"to": [15, 4.5, -1.75],
			"faces": {
				"north": {"uv": [0, 0, 16, 4.5], "texture": "#4"},
				"east": {"uv": [0, 0, 2.5, 4.5], "texture": "#4"},
				"south": {"uv": [0, 0, 16, 4.5], "texture": "#4"},
				"west": {"uv": [0, 0, 2.5, 4.5], "texture": "#4"},
				"up": {"uv": [0, 0, 16, 2.5], "texture": "#4"},
				"down": {"uv": [0, 0, 16, 2.5], "texture": "#4"}
			}
		},
		{
			"from": [-2, 4.5, -5.75],
			"to": [15, 5, -0.75],
			"faces": {
				"north": {"uv": [0, 0, 16, 0.5], "texture": "#3"},
				"east": {"uv": [0, 0, 5, 0.5], "texture": "#3"},
				"south": {"uv": [0, 0, 16, 0.5], "texture": "#3"},
				"west": {"uv": [0, 0, 5, 0.5], "texture": "#3"},
				"up": {"uv": [0, 0, 16, 5], "texture": "#3"},
				"down": {"uv": [0, 0, 16, 5], "texture": "#3"}
			}
		},
		{
			"from": [-1.5, 5, -4.75],
			"to": [14.5, 5.0625, -1.25],
			"faces": {
				"north": {"uv": [0, 0, 16, 0.0625], "texture": "#1"},
				"east": {"uv": [0, 0, 3.5, 0.0625], "texture": "#1"},
				"south": {"uv": [0, 0, 16, 0.0625], "texture": "#1"},
				"west": {"uv": [0, 0, 3.5, 0.0625], "texture": "#1"},
				"up": {"uv": [0, 0, 16, 3.5], "texture": "#1"},
				"down": {"uv": [0, 0, 16, 3.5], "texture": "#1"}
			}
		},
		{
			"from": [-2, 5, -5.75],
			"to": [15, 7.75, -5.25],
			"faces": {
				"north": {"uv": [0, 0, 16, 2.75], "texture": "#3"},
				"east": {"uv": [0, 0, 0.5, 2.75], "texture": "#3"},
				"south": {"uv": [0, 0, 16, 2.75], "texture": "#3"},
				"west": {"uv": [0, 0, 0.5, 2.75], "texture": "#3"},
				"up": {"uv": [0, 0, 16, 0.5], "texture": "#3"},
				"down": {"uv": [0, 0, 16, 0.5], "texture": "#3"}
			}
		},
		{
			"from": [-2, 7.75, -5.9375],
			"to": [15, 10.25, -5.4375],
			"faces": {
				"north": {"uv": [0, 0, 16, 2.5], "texture": "#3"},
				"east": {"uv": [0, 0, 0.5, 2.5], "texture": "#3"},
				"south": {"uv": [0, 0, 16, 2.5], "texture": "#3"},
				"west": {"uv": [0, 0, 0.5, 2.5], "texture": "#3"},
				"up": {"uv": [0, 0, 16, 0.5], "texture": "#3"},
				"down": {"uv": [0, 0, 16, 0.5], "texture": "#3"}
			}
		}
	],
	"display": {
		"head": {
			"translation": [6, -25.25, -77],
			"scale": [4, 4, 4]
		}
	},
	"groups": [
		0,
		1,
		2,
		3,
		4,
		5,
		6,
		7,
		8,
		9,
		10,
		11,
		12,
		13,
		14,
		15,
		16,
		17,
		18,
		19,
		20,
		21,
		22,
		23,
		24,
		25,
		26,
		27,
		28,
		29,
		30,
		31,
		32,
		33,
		34,
		35,
		36,
		37,
		38,
		39,
		40,
		41,
		42,
		43,
		44,
		45,
		46,
		47,
		48,
		49,
		50,
		51,
		{
			"name": "group",
			"origin": [0, 0, 0],
			"color": 0,
			"children": [52, 53, 54, 55, 56]
		},
		{
			"name": "group",
			"origin": [0, 0, 0],
			"color": 0,
			"children": [57, 58, 59, 60, 61]
		},
		{
			"name": "group",
			"origin": [0, 0, 0],
			"color": 0,
			"children": [62, 63, 64, 65, 66]
		},
		{
			"name": "group",
			"origin": [0, 0, 0],
			"color": 0,
			"children": [67, 68, 69, 70, 71]
		}
	]
}