{
	"credit": "Made with Blockbench",
	"textures": {
		"0": "item/item/item-bloody-axe",
		"particle": "custom/item/item-bloody-axe"
	},
	"elements": [
		{
			"from": [15.25, 0.75, 18],
			"to": [17.25, 2.75, 19],
			"faces": {
				"north": {"uv": [6, 5, 8, 7], "texture": "#0"},
				"east": {"uv": [4, 12, 5, 14], "texture": "#0"},
				"south": {"uv": [0, 7, 2, 9], "texture": "#0"},
				"west": {"uv": [5, 12, 6, 14], "texture": "#0"},
				"up": {"uv": [14, 5, 12, 4], "texture": "#0"},
				"down": {"uv": [8, 12, 6, 13], "texture": "#0"}
			}
		},
		{
			"from": [14.25, 1.75, 18],
			"to": [15.25, 2.75, 19],
			"faces": {
				"north": {"uv": [2, 14, 3, 15], "texture": "#0"},
				"east": {"uv": [14, 5, 15, 6], "texture": "#0"},
				"south": {"uv": [6, 14, 7, 15], "texture": "#0"},
				"west": {"uv": [14, 6, 15, 7], "texture": "#0"},
				"up": {"uv": [8, 15, 7, 14], "texture": "#0"},
				"down": {"uv": [15, 7, 14, 8], "texture": "#0"}
			}
		},
		{
			"from": [13.25, 2.75, 18],
			"to": [16.25, 3.75, 19],
			"faces": {
				"north": {"uv": [6, 7, 9, 8], "texture": "#0"},
				"east": {"uv": [8, 14, 9, 15], "texture": "#0"},
				"south": {"uv": [8, 5, 11, 6], "texture": "#0"},
				"west": {"uv": [14, 8, 15, 9], "texture": "#0"},
				"up": {"uv": [9, 9, 6, 8], "texture": "#0"},
				"down": {"uv": [11, 6, 8, 7], "texture": "#0"}
			}
		},
		{
			"from": [12.25, 3.75, 18],
			"to": [15.25, 4.75, 19],
			"faces": {
				"north": {"uv": [0, 9, 3, 10], "texture": "#0"},
				"east": {"uv": [9, 14, 10, 15], "texture": "#0"},
				"south": {"uv": [9, 1, 12, 2], "texture": "#0"},
				"west": {"uv": [14, 9, 15, 10], "texture": "#0"},
				"up": {"uv": [12, 3, 9, 2], "texture": "#0"},
				"down": {"uv": [6, 9, 3, 10], "texture": "#0"}
			}
		},
		{
			"from": [11.25, 4.75, 18],
			"to": [14.25, 5.75, 19],
			"faces": {
				"north": {"uv": [9, 3, 12, 4], "texture": "#0"},
				"east": {"uv": [14, 10, 15, 11], "texture": "#0"},
				"south": {"uv": [9, 4, 12, 5], "texture": "#0"},
				"west": {"uv": [14, 11, 15, 12], "texture": "#0"},
				"up": {"uv": [9, 10, 6, 9], "texture": "#0"},
				"down": {"uv": [12, 7, 9, 8], "texture": "#0"}
			}
		},
		{
			"from": [10.25, 5.75, 18],
			"to": [13.25, 6.75, 19],
			"faces": {
				"north": {"uv": [9, 8, 12, 9], "texture": "#0"},
				"east": {"uv": [14, 12, 15, 13], "texture": "#0"},
				"south": {"uv": [9, 9, 12, 10], "texture": "#0"},
				"west": {"uv": [14, 13, 15, 14], "texture": "#0"},
				"up": {"uv": [3, 11, 0, 10], "texture": "#0"},
				"down": {"uv": [6, 10, 3, 11], "texture": "#0"}
			}
		},
		{
			"from": [9.25, 6.75, 18],
			"to": [12.25, 7.75, 19],
			"faces": {
				"north": {"uv": [6, 10, 9, 11], "texture": "#0"},
				"east": {"uv": [14, 14, 15, 15], "texture": "#0"},
				"south": {"uv": [9, 10, 12, 11], "texture": "#0"},
				"west": {"uv": [0, 15, 1, 16], "texture": "#0"},
				"up": {"uv": [3, 12, 0, 11], "texture": "#0"},
				"down": {"uv": [6, 11, 3, 12], "texture": "#0"}
			}
		},
		{
			"from": [8.25, 7.75, 18],
			"to": [11.25, 8.75, 19],
			"faces": {
				"north": {"uv": [11, 5, 14, 6], "texture": "#0"},
				"east": {"uv": [15, 0, 16, 1], "texture": "#0"},
				"south": {"uv": [6, 11, 9, 12], "texture": "#0"},
				"west": {"uv": [15, 1, 16, 2], "texture": "#0"},
				"up": {"uv": [14, 7, 11, 6], "texture": "#0"},
				"down": {"uv": [12, 11, 9, 12], "texture": "#0"}
			}
		},
		{
			"from": [6.25, 8.75, 18],
			"to": [12.25, 11.75, 19],
			"faces": {
				"north": {"uv": [0, 0, 6, 3], "texture": "#0"},
				"east": {"uv": [0, 12, 1, 15], "texture": "#0"},
				"south": {"uv": [0, 3, 6, 6], "texture": "#0"},
				"west": {"uv": [12, 0, 13, 3], "texture": "#0"},
				"up": {"uv": [6, 7, 0, 6], "texture": "#0"},
				"down": {"uv": [12, 0, 6, 1], "texture": "#0"}
			}
		},
		{
			"from": [12.25, 9.75, 18],
			"to": [13.25, 11.75, 19],
			"faces": {
				"north": {"uv": [12, 7, 13, 9], "texture": "#0"},
				"east": {"uv": [8, 12, 9, 14], "texture": "#0"},
				"south": {"uv": [9, 12, 10, 14], "texture": "#0"},
				"west": {"uv": [12, 9, 13, 11], "texture": "#0"},
				"up": {"uv": [3, 16, 2, 15], "texture": "#0"},
				"down": {"uv": [16, 2, 15, 3], "texture": "#0"}
			}
		},
		{
			"from": [10.25, 11.75, 18],
			"to": [12.25, 12.75, 19],
			"faces": {
				"north": {"uv": [10, 12, 12, 13], "texture": "#0"},
				"east": {"uv": [3, 15, 4, 16], "texture": "#0"},
				"south": {"uv": [12, 11, 14, 12], "texture": "#0"},
				"west": {"uv": [15, 3, 16, 4], "texture": "#0"},
				"up": {"uv": [14, 13, 12, 12], "texture": "#0"},
				"down": {"uv": [15, 0, 13, 1], "texture": "#0"}
			}
		},
		{
			"from": [10.25, 12.75, 18],
			"to": [11.25, 13.75, 19],
			"faces": {
				"north": {"uv": [4, 15, 5, 16], "texture": "#0"},
				"east": {"uv": [5, 15, 6, 16], "texture": "#0"},
				"south": {"uv": [15, 5, 16, 6], "texture": "#0"},
				"west": {"uv": [6, 15, 7, 16], "texture": "#0"},
				"up": {"uv": [16, 7, 15, 6], "texture": "#0"},
				"down": {"uv": [8, 15, 7, 16], "texture": "#0"}
			}
		},
		{
			"from": [8.25, 13.75, 18],
			"to": [10.25, 14.75, 19],
			"faces": {
				"north": {"uv": [1, 13, 3, 14], "texture": "#0"},
				"east": {"uv": [15, 7, 16, 8], "texture": "#0"},
				"south": {"uv": [13, 1, 15, 2], "texture": "#0"},
				"west": {"uv": [8, 15, 9, 16], "texture": "#0"},
				"up": {"uv": [15, 3, 13, 2], "texture": "#0"},
				"down": {"uv": [8, 13, 6, 14], "texture": "#0"}
			}
		},
		{
			"from": [7.25, 11.75, 18],
			"to": [10.25, 13.75, 19],
			"faces": {
				"north": {"uv": [6, 1, 9, 3], "texture": "#0"},
				"east": {"uv": [3, 13, 4, 15], "texture": "#0"},
				"south": {"uv": [6, 3, 9, 5], "texture": "#0"},
				"west": {"uv": [13, 7, 14, 9], "texture": "#0"},
				"up": {"uv": [4, 13, 1, 12], "texture": "#0"},
				"down": {"uv": [15, 3, 12, 4], "texture": "#0"}
			}
		},
		{
			"from": [5.25, 7.75, 18],
			"to": [6.25, 9.75, 19],
			"faces": {
				"north": {"uv": [13, 9, 14, 11], "texture": "#0"},
				"east": {"uv": [10, 13, 11, 15], "texture": "#0"},
				"south": {"uv": [11, 13, 12, 15], "texture": "#0"},
				"west": {"uv": [12, 13, 13, 15], "texture": "#0"},
				"up": {"uv": [16, 9, 15, 8], "texture": "#0"},
				"down": {"uv": [10, 15, 9, 16], "texture": "#0"}
			}
		},
		{
			"from": [6.25, 6.75, 18],
			"to": [8.25, 8.75, 19],
			"faces": {
				"north": {"uv": [2, 7, 4, 9], "texture": "#0"},
				"east": {"uv": [13, 13, 14, 15], "texture": "#0"},
				"south": {"uv": [4, 7, 6, 9], "texture": "#0"},
				"west": {"uv": [1, 14, 2, 16], "texture": "#0"},
				"up": {"uv": [6, 15, 4, 14], "texture": "#0"},
				"down": {"uv": [16, 4, 14, 5], "texture": "#0"}
			}
		}
	],
	"display": {
		"thirdperson_righthand": {
			"rotation": [0, 90, -40],
			"translation": [-7.25, 5.25, 4.25],
			"scale": [0.7, 0.7, 0.7]
		},
		"thirdperson_lefthand": {
			"rotation": [0, -90, 40],
			"translation": [7.5, 4.5, 4],
			"scale": [0.7, 0.7, 0.7]
		},
		"firstperson_righthand": {
			"rotation": [-64, 90, 0],
			"translation": [-1.25, 1.5, -4.5]
		},
		"firstperson_lefthand": {
			"rotation": [-64, -90, 0],
			"translation": [19.75, 1.75, -4.5]
		},
		"ground": {
			"translation": [0, 3.25, 0]
		},
		"gui": {
			"rotation": [0, 0, -10.75],
			"translation": [-2.5, 1.25, 0],
			"scale": [0.8, 0.8, 0.8]
		},
		"fixed": {
			"translation": [-3.25, 0, -10.5]
		}
	},
	"groups": [
		{
			"name": "Brown",
			"origin": [0, 0, 0],
			"color": 0,
			"children": []
		},
		{
			"name": "Black",
			"origin": [0, 0, 0],
			"color": 0,
			"children": []
		},
		{
			"name": "Light brown",
			"origin": [0, 0, 0],
			"color": 0,
			"children": [
				{
					"name": "group",
					"origin": [0, 0, 0],
					"color": 0,
					"children": [0, 1, 2, 3, 4, 5, 6, 7, 8, 9, 10, 11, 12, 13, 14, 15]
				}
			]
		},
		{
			"name": "Gray",
			"origin": [0, 0, 0],
			"color": 0,
			"children": []
		},
		{
			"name": "Light gray",
			"origin": [0, 0, 0],
			"color": 0,
			"children": []
		},
		{
			"name": "Lighter gray",
			"origin": [0, 0, 0],
			"color": 0,
			"children": []
		},
		{
			"name": "White",
			"origin": [0, 0, 0],
			"color": 0,
			"children": []
		},
		{
			"name": "DarkerGray",
			"origin": [0, 0, 0],
			"color": 0,
			"children": []
		}
	]
}