{
	"credit": "Made with Blockbench",
	"textures": {
		"0": "block/gold_block",
		"1": "block/quartz_block_top",
		"2": "item/feather",
		"particle": "block/gold_block"
	},
	"elements": [
		{
			"from": [15, -14, 0],
			"to": [16, 7.5, 1],
			"faces": {
				"north": {"uv": [2.5, 2, 4.5, 4], "texture": "#1"},
				"east": {"uv": [2.5, 2, 4.5, 4], "texture": "#1"},
				"south": {"uv": [2.5, 2, 4.5, 4], "texture": "#1"},
				"west": {"uv": [2.5, 2, 4.5, 4], "texture": "#1"},
				"up": {"uv": [2.5, 2, 4.5, 4], "texture": "#1"},
				"down": {"uv": [2.5, 2, 4.5, 4], "texture": "#1"}
			}
		},
		{
			"from": [14.75, -16, -0.25],
			"to": [16.25, -14, 1.25],
			"faces": {
				"north": {"uv": [1, 1, 2.5, 2.5], "texture": "#0"},
				"east": {"uv": [1, 1, 2.5, 2.5], "texture": "#0"},
				"south": {"uv": [1, 1, 2.5, 2.5], "texture": "#0"},
				"west": {"uv": [1, 1, 2.5, 2.5], "texture": "#0"},
				"up": {"uv": [1, 1, 2.5, 2.5], "texture": "#0"},
				"down": {"uv": [1, 1, 2.5, 2.5], "texture": "#0"}
			}
		},
		{
			"from": [14.75, 1, -0.25],
			"to": [16.25, 4.5, 1.25],
			"faces": {
				"north": {"uv": [1, 1, 2.5, 2.5], "texture": "#0"},
				"east": {"uv": [1, 1, 2.5, 2.5], "texture": "#0"},
				"south": {"uv": [1, 1, 2.5, 2.5], "texture": "#0"},
				"west": {"uv": [1, 1, 2.5, 2.5], "texture": "#0"},
				"up": {"uv": [1, 1, 2.5, 2.5], "texture": "#0"},
				"down": {"uv": [1, 1, 2.5, 2.5], "texture": "#0"}
			}
		},
		{
			"from": [16.25, 3.625, 0.25],
			"to": [17.6875, 4.5, 0.75],
			"rotation": {"angle": 0, "axis": "y", "origin": [16, 0, 0]},
			"faces": {
				"north": {"uv": [2.5, 1, 1, 2.5], "texture": "#0"},
				"east": {"uv": [2.5, 1, 1, 2.5], "texture": "#0"},
				"south": {"uv": [2.5, 1, 1, 2.5], "texture": "#0"},
				"west": {"uv": [2.5, 1, 1, 2.5], "texture": "#0"},
				"up": {"uv": [2.5, 1, 1, 2.5], "texture": "#0"},
				"down": {"uv": [2.5, 1, 1, 2.5], "texture": "#0"}
			}
		},
		{
			"from": [17.25, 4.25, 0.25],
			"to": [19.75, 5.09375, 0.75],
			"rotation": {"angle": 0, "axis": "y", "origin": [16, 0, 0]},
			"faces": {
				"north": {"uv": [2.5, 1, 1, 2.5], "texture": "#0"},
				"east": {"uv": [2.5, 1, 1, 2.5], "texture": "#0"},
				"south": {"uv": [2.5, 1, 1, 2.5], "texture": "#0"},
				"west": {"uv": [2.5, 1, 1, 2.5], "texture": "#0"},
				"up": {"uv": [2.5, 1, 1, 2.5], "texture": "#0"},
				"down": {"uv": [2.5, 1, 1, 2.5], "texture": "#0"}
			}
		},
		{
			"from": [19.25, 5, 0.25],
			"to": [21.75, 5.84375, 0.75],
			"rotation": {"angle": 0, "axis": "y", "origin": [16, 0, 0]},
			"faces": {
				"north": {"uv": [2.5, 1, 1, 2.5], "texture": "#0"},
				"east": {"uv": [2.5, 1, 1, 2.5], "texture": "#0"},
				"south": {"uv": [2.5, 1, 1, 2.5], "texture": "#0"},
				"west": {"uv": [2.5, 1, 1, 2.5], "texture": "#0"},
				"up": {"uv": [2.5, 1, 1, 2.5], "texture": "#0"},
				"down": {"uv": [2.5, 1, 1, 2.5], "texture": "#0"}
			}
		},
		{
			"from": [20.75, 5.75, 0.25],
			"to": [21.75, 7.34375, 0.75],
			"rotation": {"angle": 0, "axis": "y", "origin": [16, 0, 0]},
			"faces": {
				"north": {"uv": [2.5, 1, 1, 2.5], "texture": "#0"},
				"east": {"uv": [2.5, 1, 1, 2.5], "texture": "#0"},
				"south": {"uv": [2.5, 1, 1, 2.5], "texture": "#0"},
				"west": {"uv": [2.5, 1, 1, 2.5], "texture": "#0"},
				"up": {"uv": [2.5, 1, 1, 2.5], "texture": "#0"},
				"down": {"uv": [2.5, 1, 1, 2.5], "texture": "#0"}
			}
		},
		{
			"from": [21.69141, 6.5, 0.25],
			"to": [22.75, 7.34375, 0.75],
			"rotation": {"angle": 0, "axis": "y", "origin": [16, 0, 0]},
			"faces": {
				"north": {"uv": [2.5, 1, 1, 2.5], "texture": "#0"},
				"east": {"uv": [2.5, 1, 1, 2.5], "texture": "#0"},
				"south": {"uv": [2.5, 1, 1, 2.5], "texture": "#0"},
				"west": {"uv": [2.5, 1, 1, 2.5], "texture": "#0"},
				"up": {"uv": [2.5, 1, 1, 2.5], "texture": "#0"},
				"down": {"uv": [2.5, 1, 1, 2.5], "texture": "#0"}
			}
		},
		{
			"from": [21.69141, 7.25, 0.25],
			"to": [22.75, 8.34375, 0.75],
			"rotation": {"angle": 0, "axis": "y", "origin": [16, 0, 0]},
			"faces": {
				"north": {"uv": [2.5, 1, 1, 2.5], "texture": "#0"},
				"east": {"uv": [2.5, 1, 1, 2.5], "texture": "#0"},
				"south": {"uv": [2.5, 1, 1, 2.5], "texture": "#0"},
				"west": {"uv": [2.5, 1, 1, 2.5], "texture": "#0"},
				"up": {"uv": [2.5, 1, 1, 2.5], "texture": "#0"},
				"down": {"uv": [2.5, 1, 1, 2.5], "texture": "#0"}
			}
		},
		{
			"from": [22.63672, 8, 0.25],
			"to": [23.69531, 9.09375, 0.75],
			"rotation": {"angle": 0, "axis": "y", "origin": [16, 0, 0]},
			"faces": {
				"north": {"uv": [2.5, 1, 1, 2.5], "texture": "#0"},
				"east": {"uv": [2.5, 1, 1, 2.5], "texture": "#0"},
				"south": {"uv": [2.5, 1, 1, 2.5], "texture": "#0"},
				"west": {"uv": [2.5, 1, 1, 2.5], "texture": "#0"},
				"up": {"uv": [2.5, 1, 1, 2.5], "texture": "#0"},
				"down": {"uv": [2.5, 1, 1, 2.5], "texture": "#0"}
			}
		},
		{
			"from": [16.25, 0.25, 0.46875],
			"to": [26.28125, 8.75, 0.53125],
			"rotation": {"angle": 0, "axis": "y", "origin": [16, 0, 0]},
			"faces": {
				"north": {"uv": [14.5, 3, 5, 14.5], "texture": "#2"},
				"east": {"uv": [2.5, 1, 1, 2.5], "texture": "#2"},
				"south": {"uv": [5, 3, 14.5, 14.5], "texture": "#2"},
				"west": {"uv": [2.5, 1, 1, 2.5], "texture": "#2"},
				"up": {"uv": [2.5, 1, 1, 2.5], "texture": "#2"},
				"down": {"uv": [2.5, 1, 1, 2.5], "texture": "#2"}
			}
		},
		{
			"from": [4.71875, 0.25, 0.46875],
			"to": [14.75, 8.75, 0.53125],
			"faces": {
				"north": {"uv": [5, 3, 14.5, 14.5], "texture": "#2"},
				"east": {"uv": [1, 1, 2.5, 2.5], "texture": "#2"},
				"south": {"uv": [14.5, 3, 5, 14.5], "texture": "#2"},
				"west": {"uv": [1, 1, 2.5, 2.5], "texture": "#2"},
				"up": {"uv": [1, 1, 2.5, 2.5], "texture": "#2"},
				"down": {"uv": [1, 1, 2.5, 2.5], "texture": "#2"}
			}
		},
		{
			"from": [11.25, 4.25, 0.25],
			"to": [13.75, 5.09375, 0.75],
			"faces": {
				"north": {"uv": [1, 1, 2.5, 2.5], "texture": "#0"},
				"east": {"uv": [1, 1, 2.5, 2.5], "texture": "#0"},
				"south": {"uv": [1, 1, 2.5, 2.5], "texture": "#0"},
				"west": {"uv": [1, 1, 2.5, 2.5], "texture": "#0"},
				"up": {"uv": [1, 1, 2.5, 2.5], "texture": "#0"},
				"down": {"uv": [1, 1, 2.5, 2.5], "texture": "#0"}
			}
		},
		{
			"from": [13.3125, 3.625, 0.25],
			"to": [14.75, 4.5, 0.75],
			"faces": {
				"north": {"uv": [1, 1, 2.5, 2.5], "texture": "#0"},
				"east": {"uv": [1, 1, 2.5, 2.5], "texture": "#0"},
				"south": {"uv": [1, 1, 2.5, 2.5], "texture": "#0"},
				"west": {"uv": [1, 1, 2.5, 2.5], "texture": "#0"},
				"up": {"uv": [1, 1, 2.5, 2.5], "texture": "#0"},
				"down": {"uv": [1, 1, 2.5, 2.5], "texture": "#0"}
			}
		},
		{
			"from": [9.25, 5, 0.25],
			"to": [11.75, 5.84375, 0.75],
			"faces": {
				"north": {"uv": [1, 1, 2.5, 2.5], "texture": "#0"},
				"east": {"uv": [1, 1, 2.5, 2.5], "texture": "#0"},
				"south": {"uv": [1, 1, 2.5, 2.5], "texture": "#0"},
				"west": {"uv": [1, 1, 2.5, 2.5], "texture": "#0"},
				"up": {"uv": [1, 1, 2.5, 2.5], "texture": "#0"},
				"down": {"uv": [1, 1, 2.5, 2.5], "texture": "#0"}
			}
		},
		{
			"from": [9.25, 5.75, 0.25],
			"to": [10.25, 7.34375, 0.75],
			"faces": {
				"north": {"uv": [1, 1, 2.5, 2.5], "texture": "#0"},
				"east": {"uv": [1, 1, 2.5, 2.5], "texture": "#0"},
				"south": {"uv": [1, 1, 2.5, 2.5], "texture": "#0"},
				"west": {"uv": [1, 1, 2.5, 2.5], "texture": "#0"},
				"up": {"uv": [1, 1, 2.5, 2.5], "texture": "#0"},
				"down": {"uv": [1, 1, 2.5, 2.5], "texture": "#0"}
			}
		},
		{
			"from": [8.25, 6.5, 0.25],
			"to": [9.30859, 7.34375, 0.75],
			"faces": {
				"north": {"uv": [1, 1, 2.5, 2.5], "texture": "#0"},
				"east": {"uv": [1, 1, 2.5, 2.5], "texture": "#0"},
				"south": {"uv": [1, 1, 2.5, 2.5], "texture": "#0"},
				"west": {"uv": [1, 1, 2.5, 2.5], "texture": "#0"},
				"up": {"uv": [1, 1, 2.5, 2.5], "texture": "#0"},
				"down": {"uv": [1, 1, 2.5, 2.5], "texture": "#0"}
			}
		},
		{
			"from": [8.25, 7.25, 0.25],
			"to": [9.30859, 8.34375, 0.75],
			"faces": {
				"north": {"uv": [1, 1, 2.5, 2.5], "texture": "#0"},
				"east": {"uv": [1, 1, 2.5, 2.5], "texture": "#0"},
				"south": {"uv": [1, 1, 2.5, 2.5], "texture": "#0"},
				"west": {"uv": [1, 1, 2.5, 2.5], "texture": "#0"},
				"up": {"uv": [1, 1, 2.5, 2.5], "texture": "#0"},
				"down": {"uv": [1, 1, 2.5, 2.5], "texture": "#0"}
			}
		},
		{
			"from": [7.30469, 8, 0.25],
			"to": [8.36328, 9.09375, 0.75],
			"faces": {
				"north": {"uv": [1, 1, 2.5, 2.5], "texture": "#0"},
				"east": {"uv": [1, 1, 2.5, 2.5], "texture": "#0"},
				"south": {"uv": [1, 1, 2.5, 2.5], "texture": "#0"},
				"west": {"uv": [1, 1, 2.5, 2.5], "texture": "#0"},
				"up": {"uv": [1, 1, 2.5, 2.5], "texture": "#0"},
				"down": {"uv": [1, 1, 2.5, 2.5], "texture": "#0"}
			}
		},
		{
			"from": [14.75, 7.5, -0.25],
			"to": [16.25, 9, 1.25],
			"faces": {
				"north": {"uv": [1, 1, 2.5, 2.5], "texture": "#0"},
				"east": {"uv": [1, 1, 2.5, 2.5], "texture": "#0"},
				"south": {"uv": [1, 1, 2.5, 2.5], "texture": "#0"},
				"west": {"uv": [1, 1, 2.5, 2.5], "texture": "#0"},
				"up": {"uv": [1, 1, 2.5, 2.5], "texture": "#0"},
				"down": {"uv": [1, 1, 2.5, 2.5], "texture": "#0"}
			}
		},
		{
			"from": [14.75, 7, -0.25],
			"to": [16.25, 7.25, 1.25],
			"faces": {
				"north": {"uv": [1, 1, 2.5, 2.5], "texture": "#0"},
				"east": {"uv": [1, 1, 2.5, 2.5], "texture": "#0"},
				"south": {"uv": [1, 1, 2.5, 2.5], "texture": "#0"},
				"west": {"uv": [1, 1, 2.5, 2.5], "texture": "#0"},
				"up": {"uv": [1, 1, 2.5, 2.5], "texture": "#0"},
				"down": {"uv": [1, 1, 2.5, 2.5], "texture": "#0"}
			}
		},
		{
			"from": [14.75, 6.5, -0.25],
			"to": [16.25, 6.75, 1.25],
			"faces": {
				"north": {"uv": [1, 1, 2.5, 2.5], "texture": "#0"},
				"east": {"uv": [1, 1, 2.5, 2.5], "texture": "#0"},
				"south": {"uv": [1, 1, 2.5, 2.5], "texture": "#0"},
				"west": {"uv": [1, 1, 2.5, 2.5], "texture": "#0"},
				"up": {"uv": [1, 1, 2.5, 2.5], "texture": "#0"},
				"down": {"uv": [1, 1, 2.5, 2.5], "texture": "#0"}
			}
		},
		{
			"from": [14.75, 6, -0.25],
			"to": [16.25, 6.25, 1.25],
			"faces": {
				"north": {"uv": [1, 1, 2.5, 2.5], "texture": "#0"},
				"east": {"uv": [1, 1, 2.5, 2.5], "texture": "#0"},
				"south": {"uv": [1, 1, 2.5, 2.5], "texture": "#0"},
				"west": {"uv": [1, 1, 2.5, 2.5], "texture": "#0"},
				"up": {"uv": [1, 1, 2.5, 2.5], "texture": "#0"},
				"down": {"uv": [1, 1, 2.5, 2.5], "texture": "#0"}
			}
		}
	],
	"display": {
		"thirdperson_righthand": {
			"rotation": [0, -90, -30],
			"translation": [-5.25, 16.25, 6],
			"scale": [0.7, 0.7, 0.7]
		},
		"thirdperson_lefthand": {
			"rotation": [0, 90, 0],
			"translation": [12.75, 19.5, -11],
			"scale": [1.7, 1.7, 1.7]
		},
		"firstperson_righthand": {
			"rotation": [0, -90, 0],
			"translation": [-3.5, 5.25, -5.5],
			"scale": [0.7, 0.7, 0.7]
		},
		"firstperson_lefthand": {
			"rotation": [0, -90, 0],
			"translation": [2.75, 5.25, 0.25],
			"scale": [0.7, 0.7, 0.7]
		},
		"ground": {
			"translation": [-8.75, 13.5, 18.5]
		},
		"gui": {
			"rotation": [23.33, -14.75, -9.95],
			"translation": [-4.25, 4.5, 0],
			"scale": [0.5, 0.5, 0.5]
		},
		"head": {
			"translation": [-15, -2.75, 15],
			"scale": [2, 2, 2]
		},
		"fixed": {
			"translation": [0, 11.5, 6]
		}
	},
	"groups": [
		0,
		1,
		2,
		3,
		4,
		5,
		6,
		7,
		8,
		9,
		10,
		11,
		12,
		13,
		14,
		15,
		16,
		17,
		18,
		19,
		20,
		21,
		22,
		{
			"name": "White",
			"origin": [0, 0, 0],
			"color": 0,
			"children": []
		}
	]
}