{
	"credit": "Made with Blockbench",
	"textures": {
		"1": "block/gray_concrete",
		"6": "block/red_mushroom_block"
	},
	"elements": [
		{
			"from": [5, 0, 5],
			"to": [9.5, 0.5, 8.5],
			"rotation": {"angle": 0, "axis": "y", "origin": [7.25, -4.0625, 6.8125]},
			"faces": {
				"north": {"uv": [10, 11, 14.5, 12.5], "texture": "#6"},
				"east": {"uv": [5, 9, 9.5, 9.5], "texture": "#6"},
				"south": {"uv": [5, 9, 7.5, 9.5], "texture": "#6"},
				"west": {"uv": [4.5, 10.5, 9, 11], "texture": "#6"},
				"up": {"uv": [11, 10.5, 11.5, 13], "texture": "#6"},
				"down": {"uv": [12.5, 11, 13, 14], "texture": "#6"}
			}
		},
		{
			"from": [5.25, 0, 4.5],
			"to": [9.25, 0.5, 5],
			"rotation": {"angle": 0, "axis": "y", "origin": [7.25, -4.0625, 6.8125]},
			"faces": {
				"north": {"uv": [10, 11, 14.5, 12.5], "texture": "#6"},
				"east": {"uv": [5, 9, 9.5, 9.5], "texture": "#6"},
				"south": {"uv": [5, 9, 7.5, 9.5], "texture": "#6"},
				"west": {"uv": [4.5, 10.5, 9, 11], "texture": "#6"},
				"up": {"uv": [11, 10.5, 11.5, 13], "texture": "#6"},
				"down": {"uv": [12.5, 11, 13, 14], "texture": "#6"}
			}
		},
		{
			"from": [5.25, 0, 8.5],
			"to": [9.25, 0.5, 9],
			"rotation": {"angle": 0, "axis": "y", "origin": [7.25, -4.0625, 6.8125]},
			"faces": {
				"north": {"uv": [10, 11, 14.5, 12.5], "texture": "#6"},
				"east": {"uv": [5, 9, 9.5, 9.5], "texture": "#6"},
				"south": {"uv": [5, 9, 7.5, 9.5], "texture": "#6"},
				"west": {"uv": [4.5, 10.5, 9, 11], "texture": "#6"},
				"up": {"uv": [11, 10.5, 11.5, 13], "texture": "#6"},
				"down": {"uv": [12.5, 11, 13, 14], "texture": "#6"}
			}
		},
		{
			"from": [5.25, -0.15625, 3.75],
			"to": [9.25, 0.34375, 4.5],
			"rotation": {"angle": 0, "axis": "y", "origin": [7.25, -4.0625, 6.8125]},
			"faces": {
				"north": {"uv": [6.5, 4, 10.5, 5.5], "texture": "#6"},
				"east": {"uv": [1, 0.5, 1.75, 1], "texture": "#6"},
				"south": {"uv": [3, 1.5, 5, 2], "texture": "#6"},
				"west": {"uv": [0.5, 2, 1.25, 2.5], "texture": "#6"},
				"up": {"uv": [7, 2, 9, 3.5], "texture": "#6"},
				"down": {"uv": [10.5, 1.5, 12, 3], "texture": "#6"}
			}
		},
		{
			"from": [5.5, -0.40625, 3.25],
			"to": [9, 0.09375, 3.75],
			"rotation": {"angle": 0, "axis": "y", "origin": [7.25, -4.0625, 6.8125]},
			"faces": {
				"north": {"uv": [6.5, 5, 10, 6.5], "texture": "#6"},
				"east": {"uv": [1, 0.5, 1.5, 1], "texture": "#6"},
				"south": {"uv": [1, 0.5, 2.5, 1], "texture": "#6"},
				"west": {"uv": [0.5, 2, 1, 2.5], "texture": "#6"},
				"up": {"uv": [5, 2, 6.5, 3], "texture": "#6"},
				"down": {"uv": [6, 2.5, 8, 3.5], "texture": "#6"}
			}
		},
		{
			"from": [5.75, -0.71875, 2.75],
			"to": [8.75, -0.21875, 3.25],
			"rotation": {"angle": 0, "axis": "y", "origin": [7.25, -4.0625, 6.8125]},
			"faces": {
				"north": {"uv": [6, 4.5, 9, 6], "texture": "#6"},
				"east": {"uv": [1, 0.5, 1.5, 1], "texture": "#6"},
				"south": {"uv": [1, 0.5, 2, 1], "texture": "#6"},
				"west": {"uv": [0.5, 2, 1, 2.5], "texture": "#6"},
				"up": {"uv": [5, 2, 6, 3], "texture": "#6"},
				"down": {"uv": [6.5, 2.5, 7.5, 3.5], "texture": "#6"}
			}
		},
		{
			"from": [6, -6.5, 2],
			"to": [8.5, -2, 2.5],
			"rotation": {"angle": 0, "axis": "y", "origin": [7.25, -4.0625, 6.8125]},
			"faces": {
				"north": {"uv": [7.5, 1.5, 10, 5.5], "rotation": 180, "texture": "#6"},
				"east": {"uv": [6.5, 8, 11, 8.5], "rotation": 90, "texture": "#6"},
				"south": {"uv": [4.5, 10, 5, 13], "texture": "#6"},
				"west": {"uv": [7, 9.5, 11.5, 10], "rotation": 270, "texture": "#6"},
				"up": {"uv": [0.5, 6, 5, 8.5], "texture": "#6"},
				"down": {"uv": [10, 11, 11.5, 12], "rotation": 180, "texture": "#6"}
			}
		},
		{
			"from": [6, -2, 2.25],
			"to": [8.5, -0.5625, 2.75],
			"rotation": {"angle": 0, "axis": "y", "origin": [7.25, -4.0625, 6.8125]},
			"faces": {
				"north": {"uv": [7, 4.5, 9.5, 6], "rotation": 180, "texture": "#6"},
				"east": {"uv": [7, 1.5, 8.4375, 2], "rotation": 90, "texture": "#6"},
				"south": {"uv": [3, 1.5, 3.5, 2], "texture": "#6"},
				"west": {"uv": [1.5, 7.5, 2.9375, 8], "rotation": 270, "texture": "#6"},
				"up": {"uv": [3.5, 9, 5.5, 10.5], "texture": "#6"},
				"down": {"uv": [11.5, 3, 15, 5], "rotation": 180, "texture": "#6"}
			}
		},
		{
			"from": [5.5, -0.40625, 9.75],
			"to": [9, 0.09375, 10.25],
			"rotation": {"angle": 0, "axis": "y", "origin": [7.25, -4.0625, 6.8125]},
			"faces": {
				"north": {"uv": [9.5, 3.5, 13, 5], "texture": "#6"},
				"east": {"uv": [1.5, 0.5, 2, 1], "texture": "#6"},
				"south": {"uv": [4.5, 0.5, 6, 1], "texture": "#6"},
				"west": {"uv": [1, 2, 1.5, 2.5], "texture": "#6"},
				"up": {"uv": [6, 1.5, 6.5, 2], "texture": "#6"},
				"down": {"uv": [7, 2, 8, 2.5], "texture": "#6"}
			}
		},
		{
			"from": [6, -6.5, 11],
			"to": [8.5, -2, 11.5],
			"rotation": {"angle": 0, "axis": "y", "origin": [7.25, -4.0625, 6.8125]},
			"faces": {
				"north": {"uv": [12.5, 11, 15, 15], "texture": "#6"},
				"east": {"uv": [5, 9.5, 9.5, 10], "rotation": 90, "texture": "#6"},
				"south": {"uv": [7.5, 9, 8, 12], "rotation": 180, "texture": "#6"},
				"west": {"uv": [4.5, 11, 9, 11.5], "rotation": 270, "texture": "#6"},
				"up": {"uv": [9.5, 10, 10, 10.5], "texture": "#6"},
				"down": {"uv": [11, 10, 11.5, 11], "rotation": 180, "texture": "#6"}
			}
		},
		{
			"from": [6, -9, 4.5],
			"to": [8.5, -8.5, 9],
			"rotation": {"angle": 0, "axis": "y", "origin": [7.25, -4.0625, 6.8125]},
			"faces": {
				"north": {"uv": [4, 6, 6, 7], "texture": "#6"},
				"east": {"uv": [8.5, 0.5, 13, 1], "texture": "#6"},
				"south": {"uv": [1, 0, 2, 0.5], "texture": "#6"},
				"west": {"uv": [0.5, 2.5, 5, 3], "texture": "#6"},
				"up": {"uv": [13, 1.5, 13.5, 4], "rotation": 180, "texture": "#6"},
				"down": {"uv": [7, 4.5, 9.5, 6.5], "rotation": 180, "texture": "#6"}
			}
		},
		{
			"from": [5.75, -0.71875, 10.25],
			"to": [8.75, -0.21875, 10.75],
			"rotation": {"angle": 0, "axis": "y", "origin": [7.25, -4.0625, 6.8125]},
			"faces": {
				"north": {"uv": [9, 2.5, 12, 4], "texture": "#6"},
				"east": {"uv": [1.5, 0.5, 2, 1], "texture": "#6"},
				"south": {"uv": [4, 0.5, 5, 1], "texture": "#6"},
				"west": {"uv": [1, 2, 1.5, 2.5], "texture": "#6"},
				"up": {"uv": [5, 1.5, 6, 2], "texture": "#6"},
				"down": {"uv": [7, 2, 7.5, 2.5], "texture": "#6"}
			}
		},
		{
			"from": [5.25, -0.15625, 9],
			"to": [9.25, 0.34375, 9.75],
			"rotation": {"angle": 0, "axis": "y", "origin": [7.25, -4.0625, 6.8125]},
			"faces": {
				"north": {"uv": [10, 2.5, 14, 4], "texture": "#6"},
				"east": {"uv": [1.75, 0.5, 2.5, 1], "texture": "#6"},
				"south": {"uv": [5, 0.5, 7, 1], "texture": "#6"},
				"west": {"uv": [1.25, 2, 2, 2.5], "texture": "#6"},
				"up": {"uv": [7, 0.75, 8.5, 2], "texture": "#6"},
				"down": {"uv": [8.5, 0.75, 9.5, 2.5], "texture": "#6"}
			}
		},
		{
			"from": [6, -2, 10.75],
			"to": [8.5, -0.5625, 11.25],
			"rotation": {"angle": 0, "axis": "y", "origin": [7.25, -4.0625, 6.8125]},
			"faces": {
				"north": {"uv": [6.5, 7, 9, 8.5], "texture": "#6"},
				"east": {"uv": [8.5, 0.5, 9.9375, 1], "rotation": 90, "texture": "#6"},
				"south": {"uv": [3.5, 0.5, 4, 1], "rotation": 180, "texture": "#6"},
				"west": {"uv": [0.5, 2.5, 1.9375, 3], "rotation": 270, "texture": "#6"},
				"up": {"uv": [10, 1, 10.5, 1.5], "texture": "#6"},
				"down": {"uv": [6, 4, 7.5, 5.5], "rotation": 180, "texture": "#6"}
			}
		},
		{
			"from": [6, -7.9375, 10.75],
			"to": [8.5, -6.5, 11.25],
			"rotation": {"angle": 0, "axis": "y", "origin": [7.25, -4.0625, 6.8125]},
			"faces": {
				"north": {"uv": [6.5, 7, 9, 8.5], "texture": "#6"},
				"east": {"uv": [8.5, 0.5, 9.9375, 1], "rotation": 90, "texture": "#6"},
				"south": {"uv": [3.5, 0.5, 4, 1], "rotation": 180, "texture": "#6"},
				"west": {"uv": [0.5, 2.5, 1.9375, 3], "rotation": 270, "texture": "#6"},
				"up": {"uv": [10, 1, 10.5, 1.5], "texture": "#6"},
				"down": {"uv": [7, 4, 7.5, 5], "rotation": 180, "texture": "#6"}
			}
		},
		{
			"from": [6, -8.75, 9],
			"to": [8.5, -8.25, 10.4375],
			"rotation": {"angle": 0, "axis": "y", "origin": [7.25, -4.0625, 6.8125]},
			"faces": {
				"north": {"uv": [4, 9, 6.5, 7], "texture": "#6"},
				"east": {"uv": [8.5, 0.5, 9.9375, 1], "texture": "#6"},
				"south": {"uv": [9.5, 6, 10, 7.5], "texture": "#6"},
				"west": {"uv": [0.5, 2.5, 1.9375, 3], "texture": "#6"},
				"up": {"uv": [13, 1.5, 14.5, 3], "rotation": 180, "texture": "#6"},
				"down": {"uv": [8, 2, 9.5, 3.5], "rotation": 180, "texture": "#6"}
			}
		},
		{
			"from": [6, -8.5, 10.4375],
			"to": [8.5, -7.9375, 11],
			"rotation": {"angle": 0, "axis": "y", "origin": [7.25, -4.0625, 6.8125]},
			"faces": {
				"north": {"uv": [6, 0.5, 7.5, 2.5], "texture": "#6"},
				"east": {"uv": [2, 1.5, 2.5625, 2.0625], "texture": "#6"},
				"south": {"uv": [2.5, 8.5, 5, 10], "texture": "#6"},
				"west": {"uv": [0.5, 2.5, 1.0625, 3.0625], "texture": "#6"},
				"up": {"uv": [8.5, 0, 10, 1], "rotation": 180, "texture": "#6"},
				"down": {"uv": [7.5, 2.5, 9.5, 3.5], "rotation": 180, "texture": "#6"}
			}
		},
		{
			"from": [6, -8.75, 3.0625],
			"to": [8.5, -8.25, 4.5],
			"rotation": {"angle": 0, "axis": "y", "origin": [7.25, -4.0625, 6.8125]},
			"faces": {
				"north": {"uv": [12.5, 9.5, 15, 11], "texture": "#6"},
				"east": {"uv": [6.4375, 9.5, 7.875, 10], "texture": "#6"},
				"south": {"uv": [7.5, 7.5, 8.5, 9], "texture": "#6"},
				"west": {"uv": [5.9375, 11, 7.375, 11.5], "texture": "#6"},
				"up": {"uv": [12.5, 10.4375, 13.5, 11.375], "rotation": 180, "texture": "#6"},
				"down": {"uv": [9, 7.9375, 10, 8.875], "rotation": 180, "texture": "#6"}
			}
		},
		{
			"from": [6, -8.5, 2.5],
			"to": [8.5, -7.9375, 3.0625],
			"rotation": {"angle": 0, "axis": "y", "origin": [7.25, -4.0625, 6.8125]},
			"faces": {
				"north": {"uv": [7.5, 1.5, 10.5, 3.5], "texture": "#6"},
				"east": {"uv": [5.5625, 9.5, 6.125, 10.0625], "texture": "#6"},
				"south": {"uv": [7.5, 7, 8.5, 9], "texture": "#6"},
				"west": {"uv": [5.0625, 11, 5.625, 11.5625], "texture": "#6"},
				"up": {"uv": [12.5, 9.0625, 14, 10.5], "rotation": 180, "texture": "#6"},
				"down": {"uv": [13, 10.5625, 13.5, 11], "rotation": 180, "texture": "#6"}
			}
		},
		{
			"from": [6, -7.9375, 2.25],
			"to": [8.5, -6.5, 2.75],
			"rotation": {"angle": 0, "axis": "y", "origin": [7.25, -4.0625, 6.8125]},
			"faces": {
				"north": {"uv": [11, 2.5, 14, 5], "rotation": 180, "texture": "#6"},
				"east": {"uv": [1, 1.5, 2.4375, 2], "rotation": 90, "texture": "#6"},
				"south": {"uv": [6, 0.5, 6.5, 1], "texture": "#6"},
				"west": {"uv": [0.5, 3, 1.9375, 3.5], "rotation": 270, "texture": "#6"},
				"up": {"uv": [7, 1, 8.5, 2], "texture": "#6"},
				"down": {"uv": [8.5, 1, 9, 2.5], "rotation": 180, "texture": "#6"}
			}
		},
		{
			"from": [5.75, -6.53125, 1.96875],
			"to": [6, -1.96875, 2.5],
			"rotation": {"angle": 0, "axis": "y", "origin": [7.25, -4.0625, 6.8125]},
			"faces": {
				"north": {"uv": [6, 5.5, 6.25, 10.0625], "rotation": 180, "texture": "#1"},
				"east": {"uv": [6, 5.5, 10.5625, 6.03125], "rotation": 90, "texture": "#1"},
				"south": {"uv": [6, 5.5, 6.25, 10.0625], "texture": "#1"},
				"west": {"uv": [6, 5.5, 10.5625, 6.03125], "rotation": 270, "texture": "#1"},
				"up": {"uv": [6, 5.5, 6.25, 6.03125], "texture": "#1"},
				"down": {"uv": [6, 5.5, 6.25, 6.03125], "rotation": 180, "texture": "#1"}
			}
		},
		{
			"from": [5.5, -0.71875, 2.71875],
			"to": [5.75, -0.1875, 3.25],
			"rotation": {"angle": 0, "axis": "y", "origin": [7.25, -4.0625, 6.8125]},
			"faces": {
				"north": {"uv": [6, 5.5, 6.25, 6.03125], "texture": "#1"},
				"east": {"uv": [6, 5.5, 6.53125, 6.03125], "texture": "#1"},
				"south": {"uv": [6, 5.5, 6.25, 6.03125], "texture": "#1"},
				"west": {"uv": [6, 5.5, 6.53125, 6.03125], "texture": "#1"},
				"up": {"uv": [6, 5.5, 6.25, 6.03125], "texture": "#1"},
				"down": {"uv": [6, 5.5, 6.25, 6.03125], "texture": "#1"}
			}
		},
		{
			"from": [5.25, -0.40625, 3.21875],
			"to": [5.5, 0.125, 3.75],
			"rotation": {"angle": 0, "axis": "y", "origin": [7.25, -4.0625, 6.8125]},
			"faces": {
				"north": {"uv": [6, 5.5, 6.25, 6.03125], "texture": "#1"},
				"east": {"uv": [6, 5.5, 6.53125, 6.03125], "texture": "#1"},
				"south": {"uv": [6, 5.5, 6.25, 6.03125], "texture": "#1"},
				"west": {"uv": [6, 5.5, 6.53125, 6.03125], "texture": "#1"},
				"up": {"uv": [6, 5.5, 6.25, 6.03125], "texture": "#1"},
				"down": {"uv": [6, 5.5, 6.25, 6.03125], "texture": "#1"}
			}
		},
		{
			"from": [4.75, 0, 5],
			"to": [5, 0.53125, 8.5],
			"rotation": {"angle": 0, "axis": "y", "origin": [7.25, -4.0625, 6.8125]},
			"faces": {
				"north": {"uv": [6, 5.5, 6.25, 6.03125], "texture": "#1"},
				"east": {"uv": [6, 5.5, 9.5, 6.03125], "texture": "#1"},
				"south": {"uv": [6, 5.5, 6.25, 6.03125], "texture": "#1"},
				"west": {"uv": [6, 5.5, 9.5, 6.03125], "texture": "#1"},
				"up": {"uv": [6, 5.5, 6.25, 9], "texture": "#1"},
				"down": {"uv": [6, 5.5, 6.25, 9], "texture": "#1"}
			}
		},
		{
			"from": [9.5, 0, 5],
			"to": [9.75, 0.53125, 8.5],
			"rotation": {"angle": 0, "axis": "y", "origin": [7.25, -4.0625, 6.8125]},
			"faces": {
				"north": {"uv": [6, 5.5, 6.25, 6.03125], "texture": "#1"},
				"east": {"uv": [6, 5.5, 9.5, 6.03125], "texture": "#1"},
				"south": {"uv": [6, 5.5, 6.25, 6.03125], "texture": "#1"},
				"west": {"uv": [6, 5.5, 9.5, 6.03125], "texture": "#1"},
				"up": {"uv": [6, 5.5, 6.25, 9], "texture": "#1"},
				"down": {"uv": [6, 5.5, 6.25, 9], "texture": "#1"}
			}
		},
		{
			"from": [9.25, 0, 4.5],
			"to": [9.5, 0.53125, 5],
			"rotation": {"angle": 0, "axis": "y", "origin": [7.25, -4.0625, 6.8125]},
			"faces": {
				"north": {"uv": [6, 5.5, 6.25, 6.03125], "texture": "#1"},
				"east": {"uv": [6, 5.5, 6.5, 6.03125], "texture": "#1"},
				"south": {"uv": [6, 5.5, 6.25, 6.03125], "texture": "#1"},
				"west": {"uv": [6, 5.5, 6.5, 6.03125], "texture": "#1"},
				"up": {"uv": [6, 5.5, 6.25, 6], "texture": "#1"},
				"down": {"uv": [6, 5.5, 6.25, 6], "texture": "#1"}
			}
		},
		{
			"from": [5, 0, 4.5],
			"to": [5.25, 0.53125, 5],
			"rotation": {"angle": 0, "axis": "y", "origin": [7.25, -4.0625, 6.8125]},
			"faces": {
				"north": {"uv": [6, 5.5, 6.25, 6.03125], "texture": "#1"},
				"east": {"uv": [6, 5.5, 6.5, 6.03125], "texture": "#1"},
				"south": {"uv": [6, 5.5, 6.25, 6.03125], "texture": "#1"},
				"west": {"uv": [6, 5.5, 6.5, 6.03125], "texture": "#1"},
				"up": {"uv": [6, 5.5, 6.25, 6], "texture": "#1"},
				"down": {"uv": [6, 5.5, 6.25, 6], "texture": "#1"}
			}
		},
		{
			"from": [9.25, 0, 8.5],
			"to": [9.5, 0.53125, 9],
			"rotation": {"angle": 0, "axis": "y", "origin": [7.25, -4.0625, 6.8125]},
			"faces": {
				"north": {"uv": [6, 5.5, 6.25, 6.03125], "texture": "#1"},
				"east": {"uv": [6, 5.5, 6.5, 6.03125], "texture": "#1"},
				"south": {"uv": [6, 5.5, 6.25, 6.03125], "texture": "#1"},
				"west": {"uv": [6, 5.5, 6.5, 6.03125], "texture": "#1"},
				"up": {"uv": [6, 5.5, 6.25, 6], "texture": "#1"},
				"down": {"uv": [6, 5.5, 6.25, 6], "texture": "#1"}
			}
		},
		{
			"from": [5, 0, 8.5],
			"to": [5.25, 0.53125, 9],
			"rotation": {"angle": 0, "axis": "y", "origin": [7.25, -4.0625, 6.8125]},
			"faces": {
				"north": {"uv": [6, 5.5, 6.25, 6.03125], "texture": "#1"},
				"east": {"uv": [6, 5.5, 6.5, 6.03125], "texture": "#1"},
				"south": {"uv": [6, 5.5, 6.25, 6.03125], "texture": "#1"},
				"west": {"uv": [6, 5.5, 6.5, 6.03125], "texture": "#1"},
				"up": {"uv": [6, 5.5, 6.25, 6], "texture": "#1"},
				"down": {"uv": [6, 5.5, 6.25, 6], "texture": "#1"}
			}
		},
		{
			"from": [9.25, -0.15625, 3.71875],
			"to": [9.5, 0.375, 4.5],
			"rotation": {"angle": 0, "axis": "y", "origin": [7.25, -4.0625, 6.8125]},
			"faces": {
				"north": {"uv": [6, 5.5, 6.25, 6.03125], "texture": "#1"},
				"east": {"uv": [6, 5.5, 6.78125, 6.03125], "texture": "#1"},
				"south": {"uv": [6, 5.5, 6.25, 6.03125], "texture": "#1"},
				"west": {"uv": [6, 5.5, 6.78125, 6.03125], "texture": "#1"},
				"up": {"uv": [6, 5.5, 6.25, 6.28125], "texture": "#1"},
				"down": {"uv": [6, 5.5, 6.25, 6.28125], "texture": "#1"}
			}
		},
		{
			"from": [5, -0.15625, 3.71875],
			"to": [5.25, 0.375, 4.5],
			"rotation": {"angle": 0, "axis": "y", "origin": [7.25, -4.0625, 6.8125]},
			"faces": {
				"north": {"uv": [6, 5.5, 6.25, 6.03125], "texture": "#1"},
				"east": {"uv": [6, 5.5, 6.78125, 6.03125], "texture": "#1"},
				"south": {"uv": [6, 5.5, 6.25, 6.03125], "texture": "#1"},
				"west": {"uv": [6, 5.5, 6.78125, 6.03125], "texture": "#1"},
				"up": {"uv": [6, 5.5, 6.25, 6.28125], "texture": "#1"},
				"down": {"uv": [6, 5.5, 6.25, 6.28125], "texture": "#1"}
			}
		},
		{
			"from": [9, -0.40625, 3.21875],
			"to": [9.25, 0.125, 3.75],
			"rotation": {"angle": 0, "axis": "y", "origin": [7.25, -4.0625, 6.8125]},
			"faces": {
				"north": {"uv": [6, 5.5, 6.25, 6.03125], "texture": "#1"},
				"east": {"uv": [6, 5.5, 6.53125, 6.03125], "texture": "#1"},
				"south": {"uv": [6, 5.5, 6.25, 6.03125], "texture": "#1"},
				"west": {"uv": [6, 5.5, 6.53125, 6.03125], "texture": "#1"},
				"up": {"uv": [6, 5.5, 6.25, 6.03125], "texture": "#1"},
				"down": {"uv": [6, 5.5, 6.25, 6.03125], "texture": "#1"}
			}
		},
		{
			"from": [8.75, -0.71875, 2.71875],
			"to": [9, -0.1875, 3.25],
			"rotation": {"angle": 0, "axis": "y", "origin": [7.25, -4.0625, 6.8125]},
			"faces": {
				"north": {"uv": [6, 5.5, 6.25, 6.03125], "texture": "#1"},
				"east": {"uv": [6, 5.5, 6.53125, 6.03125], "texture": "#1"},
				"south": {"uv": [6, 5.5, 6.25, 6.03125], "texture": "#1"},
				"west": {"uv": [6, 5.5, 6.53125, 6.03125], "texture": "#1"},
				"up": {"uv": [6, 5.5, 6.25, 6.03125], "texture": "#1"},
				"down": {"uv": [6, 5.5, 6.25, 6.03125], "texture": "#1"}
			}
		},
		{
			"from": [8.5, -6.53125, 1.96875],
			"to": [8.75, -1.96875, 2.5],
			"rotation": {"angle": 0, "axis": "y", "origin": [7.25, -4.0625, 6.8125]},
			"faces": {
				"north": {"uv": [6, 5.5, 6.25, 10.0625], "rotation": 180, "texture": "#1"},
				"east": {"uv": [6, 5.5, 10.5625, 6.03125], "rotation": 90, "texture": "#1"},
				"south": {"uv": [6, 5.5, 6.25, 10.0625], "texture": "#1"},
				"west": {"uv": [6, 5.5, 10.5625, 6.03125], "rotation": 270, "texture": "#1"},
				"up": {"uv": [6, 5.5, 6.25, 6.03125], "texture": "#1"},
				"down": {"uv": [6, 5.5, 6.25, 6.03125], "rotation": 180, "texture": "#1"}
			}
		},
		{
			"from": [8.5, -2, 2.21875],
			"to": [8.75, -0.53125, 2.75],
			"rotation": {"angle": 0, "axis": "y", "origin": [7.25, -4.0625, 6.8125]},
			"faces": {
				"north": {"uv": [6, 5.5, 6.25, 6.96875], "rotation": 180, "texture": "#1"},
				"east": {"uv": [6, 5.5, 7.46875, 6.03125], "rotation": 90, "texture": "#1"},
				"south": {"uv": [6, 5.5, 6.25, 6.96875], "texture": "#1"},
				"west": {"uv": [6, 5.5, 7.46875, 6.03125], "rotation": 270, "texture": "#1"},
				"up": {"uv": [6, 5.5, 6.25, 6.03125], "texture": "#1"},
				"down": {"uv": [6, 5.5, 6.25, 6.03125], "rotation": 180, "texture": "#1"}
			}
		},
		{
			"from": [5.75, -2, 2.21875],
			"to": [6, -0.5, 2.75],
			"rotation": {"angle": 0, "axis": "y", "origin": [7.25, -4.0625, 6.8125]},
			"faces": {
				"north": {"uv": [6, 5.5, 6.25, 7], "rotation": 180, "texture": "#1"},
				"east": {"uv": [6, 5.5, 7.5, 6.03125], "rotation": 90, "texture": "#1"},
				"south": {"uv": [6, 5.5, 6.25, 7], "texture": "#1"},
				"west": {"uv": [6, 5.5, 7.5, 6.03125], "rotation": 270, "texture": "#1"},
				"up": {"uv": [6, 5.5, 6.25, 6.03125], "texture": "#1"},
				"down": {"uv": [6, 5.5, 6.25, 6.03125], "rotation": 180, "texture": "#1"}
			}
		},
		{
			"from": [8.75, -0.71875, 10.25],
			"to": [9, -0.1875, 10.78125],
			"rotation": {"angle": 0, "axis": "y", "origin": [7.25, -4.0625, 6.8125]},
			"faces": {
				"north": {"uv": [6.25, 5.5, 6.5, 6.03125], "texture": "#1"},
				"east": {"uv": [6.53125, 5.5, 7.0625, 6.03125], "texture": "#1"},
				"south": {"uv": [6.25, 5.5, 6.5, 6.03125], "texture": "#1"},
				"west": {"uv": [6.53125, 5.5, 7.0625, 6.03125], "texture": "#1"},
				"up": {"uv": [6, 6.03125, 6.25, 6.5625], "texture": "#1"},
				"down": {"uv": [6, 6.03125, 6.25, 6.5625], "texture": "#1"}
			}
		},
		{
			"from": [9, -0.40625, 9.75],
			"to": [9.25, 0.125, 10.28125],
			"rotation": {"angle": 0, "axis": "y", "origin": [7.25, -4.0625, 6.8125]},
			"faces": {
				"north": {"uv": [6.25, 5.5, 6.5, 6.03125], "texture": "#1"},
				"east": {"uv": [6.53125, 5.5, 7.0625, 6.03125], "texture": "#1"},
				"south": {"uv": [6.25, 5.5, 6.5, 6.03125], "texture": "#1"},
				"west": {"uv": [6.53125, 5.5, 7.0625, 6.03125], "texture": "#1"},
				"up": {"uv": [6, 6.03125, 6.25, 6.5625], "texture": "#1"},
				"down": {"uv": [6, 6.03125, 6.25, 6.5625], "texture": "#1"}
			}
		},
		{
			"from": [5.5, -0.71875, 10.25],
			"to": [5.75, -0.1875, 10.78125],
			"rotation": {"angle": 0, "axis": "y", "origin": [7.25, -4.0625, 6.8125]},
			"faces": {
				"north": {"uv": [6.25, 5.5, 6.5, 6.03125], "texture": "#1"},
				"east": {"uv": [6.53125, 5.5, 7.0625, 6.03125], "texture": "#1"},
				"south": {"uv": [6.25, 5.5, 6.5, 6.03125], "texture": "#1"},
				"west": {"uv": [6.53125, 5.5, 7.0625, 6.03125], "texture": "#1"},
				"up": {"uv": [6, 6.03125, 6.25, 6.5625], "texture": "#1"},
				"down": {"uv": [6, 6.03125, 6.25, 6.5625], "texture": "#1"}
			}
		},
		{
			"from": [5.25, -0.40625, 9.75],
			"to": [5.5, 0.125, 10.28125],
			"rotation": {"angle": 0, "axis": "y", "origin": [7.25, -4.0625, 6.8125]},
			"faces": {
				"north": {"uv": [6.25, 5.5, 6.5, 6.03125], "texture": "#1"},
				"east": {"uv": [6.53125, 5.5, 7.0625, 6.03125], "texture": "#1"},
				"south": {"uv": [6.25, 5.5, 6.5, 6.03125], "texture": "#1"},
				"west": {"uv": [6.53125, 5.5, 7.0625, 6.03125], "texture": "#1"},
				"up": {"uv": [6, 6.03125, 6.25, 6.5625], "texture": "#1"},
				"down": {"uv": [6, 6.03125, 6.25, 6.5625], "texture": "#1"}
			}
		},
		{
			"from": [8.5, -6.53125, 11],
			"to": [8.75, -1.96875, 11.53125],
			"rotation": {"angle": 0, "axis": "y", "origin": [7.25, -4.0625, 6.8125]},
			"faces": {
				"north": {"uv": [6.25, 5.5, 6.5, 10.0625], "texture": "#1"},
				"east": {"uv": [6, 6.03125, 10.5625, 6.5625], "rotation": 90, "texture": "#1"},
				"south": {"uv": [6.25, 5.5, 6.5, 10.0625], "rotation": 180, "texture": "#1"},
				"west": {"uv": [6, 6.03125, 10.5625, 6.5625], "rotation": 270, "texture": "#1"},
				"up": {"uv": [6, 6.03125, 6.25, 6.5625], "texture": "#1"},
				"down": {"uv": [6, 6.03125, 6.25, 6.5625], "rotation": 180, "texture": "#1"}
			}
		},
		{
			"from": [5.75, -6.53125, 11],
			"to": [6, -1.96875, 11.53125],
			"rotation": {"angle": 0, "axis": "y", "origin": [7.25, -4.0625, 6.8125]},
			"faces": {
				"north": {"uv": [6.25, 5.5, 6.5, 10.0625], "texture": "#1"},
				"east": {"uv": [6, 6.03125, 10.5625, 6.5625], "rotation": 90, "texture": "#1"},
				"south": {"uv": [6.25, 5.5, 6.5, 10.0625], "rotation": 180, "texture": "#1"},
				"west": {"uv": [6, 6.03125, 10.5625, 6.5625], "rotation": 270, "texture": "#1"},
				"up": {"uv": [6, 6.03125, 6.25, 6.5625], "texture": "#1"},
				"down": {"uv": [6, 6.03125, 6.25, 6.5625], "rotation": 180, "texture": "#1"}
			}
		},
		{
			"from": [8.5, -9.03125, 4.5],
			"to": [8.75, -8.5, 9.03125],
			"rotation": {"angle": 0, "axis": "y", "origin": [7.25, -4.0625, 6.8125]},
			"faces": {
				"north": {"uv": [6, 6.03125, 6.25, 6.5625], "texture": "#1"},
				"east": {"uv": [6, 6.03125, 10.53125, 6.5625], "texture": "#1"},
				"south": {"uv": [6, 6.03125, 6.25, 6.5625], "texture": "#1"},
				"west": {"uv": [6, 6.03125, 10.53125, 6.5625], "texture": "#1"},
				"up": {"uv": [6.25, 5.5, 6.5, 10.03125], "rotation": 180, "texture": "#1"},
				"down": {"uv": [6.25, 5.5, 6.5, 10.03125], "rotation": 180, "texture": "#1"}
			}
		},
		{
			"from": [5.75, -9.03125, 4.5],
			"to": [6, -8.5, 9.03125],
			"rotation": {"angle": 0, "axis": "y", "origin": [7.25, -4.0625, 6.8125]},
			"faces": {
				"north": {"uv": [6, 6.03125, 6.25, 6.5625], "texture": "#1"},
				"east": {"uv": [6, 6.03125, 10.53125, 6.5625], "texture": "#1"},
				"south": {"uv": [6, 6.03125, 6.25, 6.5625], "texture": "#1"},
				"west": {"uv": [6, 6.03125, 10.53125, 6.5625], "texture": "#1"},
				"up": {"uv": [6.25, 5.5, 6.5, 10.03125], "rotation": 180, "texture": "#1"},
				"down": {"uv": [6.25, 5.5, 6.5, 10.03125], "rotation": 180, "texture": "#1"}
			}
		},
		{
			"from": [5, -0.15625, 9],
			"to": [5.25, 0.375, 9.78125],
			"rotation": {"angle": 0, "axis": "y", "origin": [7.25, -4.0625, 6.8125]},
			"faces": {
				"north": {"uv": [6.25, 5.5, 6.5, 6.03125], "texture": "#1"},
				"east": {"uv": [6.78125, 5.5, 7.5625, 6.03125], "texture": "#1"},
				"south": {"uv": [6.25, 5.5, 6.5, 6.03125], "texture": "#1"},
				"west": {"uv": [6.78125, 5.5, 7.5625, 6.03125], "texture": "#1"},
				"up": {"uv": [6, 6.28125, 6.25, 7.0625], "texture": "#1"},
				"down": {"uv": [6, 6.28125, 6.25, 7.0625], "texture": "#1"}
			}
		},
		{
			"from": [9.25, -0.15625, 9],
			"to": [9.5, 0.375, 9.78125],
			"rotation": {"angle": 0, "axis": "y", "origin": [7.25, -4.0625, 6.8125]},
			"faces": {
				"north": {"uv": [6.25, 5.5, 6.5, 6.03125], "texture": "#1"},
				"east": {"uv": [6.78125, 5.5, 7.5625, 6.03125], "texture": "#1"},
				"south": {"uv": [6.25, 5.5, 6.5, 6.03125], "texture": "#1"},
				"west": {"uv": [6.78125, 5.5, 7.5625, 6.03125], "texture": "#1"},
				"up": {"uv": [6, 6.28125, 6.25, 7.0625], "texture": "#1"},
				"down": {"uv": [6, 6.28125, 6.25, 7.0625], "texture": "#1"}
			}
		},
		{
			"from": [5.75, -2, 10.75],
			"to": [6, -0.5, 11.28125],
			"rotation": {"angle": 0, "axis": "y", "origin": [7.25, -4.0625, 6.8125]},
			"faces": {
				"north": {"uv": [6.25, 5.5, 6.5, 7], "texture": "#1"},
				"east": {"uv": [6, 6.03125, 7.5, 6.5625], "rotation": 90, "texture": "#1"},
				"south": {"uv": [6.25, 5.5, 6.5, 7], "rotation": 180, "texture": "#1"},
				"west": {"uv": [6, 6.03125, 7.5, 6.5625], "rotation": 270, "texture": "#1"},
				"up": {"uv": [6, 6.03125, 6.25, 6.5625], "texture": "#1"},
				"down": {"uv": [6, 6.03125, 6.25, 6.5625], "rotation": 180, "texture": "#1"}
			}
		},
		{
			"from": [8.5, -2, 10.75],
			"to": [8.75, -0.53125, 11.28125],
			"rotation": {"angle": 0, "axis": "y", "origin": [7.25, -4.0625, 6.8125]},
			"faces": {
				"north": {"uv": [6.25, 5.5, 6.5, 6.96875], "texture": "#1"},
				"east": {"uv": [6, 6.03125, 7.46875, 6.5625], "rotation": 90, "texture": "#1"},
				"south": {"uv": [6.25, 5.5, 6.5, 6.96875], "rotation": 180, "texture": "#1"},
				"west": {"uv": [6, 6.03125, 7.46875, 6.5625], "rotation": 270, "texture": "#1"},
				"up": {"uv": [6, 6.03125, 6.25, 6.5625], "texture": "#1"},
				"down": {"uv": [6, 6.03125, 6.25, 6.5625], "rotation": 180, "texture": "#1"}
			}
		},
		{
			"from": [8.5, -7.96875, 10.75],
			"to": [8.75, -6.5, 11.28125],
			"rotation": {"angle": 0, "axis": "y", "origin": [7.25, -4.0625, 6.8125]},
			"faces": {
				"north": {"uv": [6.25, 5.5, 6.5, 6.96875], "texture": "#1"},
				"east": {"uv": [6, 6.03125, 7.46875, 6.5625], "rotation": 90, "texture": "#1"},
				"south": {"uv": [6.25, 5.5, 6.5, 6.96875], "rotation": 180, "texture": "#1"},
				"west": {"uv": [6, 6.03125, 7.46875, 6.5625], "rotation": 270, "texture": "#1"},
				"up": {"uv": [6, 6.03125, 6.25, 6.5625], "texture": "#1"},
				"down": {"uv": [6, 6.03125, 6.25, 6.5625], "rotation": 180, "texture": "#1"}
			}
		},
		{
			"from": [5.75, -7.96875, 10.75],
			"to": [6, -6.5, 11.28125],
			"rotation": {"angle": 0, "axis": "y", "origin": [7.25, -4.0625, 6.8125]},
			"faces": {
				"north": {"uv": [6.25, 5.5, 6.5, 6.96875], "texture": "#1"},
				"east": {"uv": [6, 6.03125, 7.46875, 6.5625], "rotation": 90, "texture": "#1"},
				"south": {"uv": [6.25, 5.5, 6.5, 6.96875], "rotation": 180, "texture": "#1"},
				"west": {"uv": [6, 6.03125, 7.46875, 6.5625], "rotation": 270, "texture": "#1"},
				"up": {"uv": [6, 6.03125, 6.25, 6.5625], "texture": "#1"},
				"down": {"uv": [6, 6.03125, 6.25, 6.5625], "rotation": 180, "texture": "#1"}
			}
		},
		{
			"from": [8.5, -8.78125, 8.96875],
			"to": [8.75, -8.25, 10.46875],
			"rotation": {"angle": 0, "axis": "y", "origin": [7.25, -4.0625, 6.8125]},
			"faces": {
				"north": {"uv": [6, 6.03125, 6.25, 6.5625], "texture": "#1"},
				"east": {"uv": [6, 6.03125, 7.5, 6.5625], "texture": "#1"},
				"south": {"uv": [6, 6.03125, 6.25, 6.5625], "texture": "#1"},
				"west": {"uv": [6, 6.03125, 7.5, 6.5625], "texture": "#1"},
				"up": {"uv": [6.25, 5.5, 6.5, 7], "rotation": 180, "texture": "#1"},
				"down": {"uv": [6.25, 5.5, 6.5, 7], "rotation": 180, "texture": "#1"}
			}
		},
		{
			"from": [5.75, -8.78125, 8.96875],
			"to": [6, -8.25, 10.46875],
			"rotation": {"angle": 0, "axis": "y", "origin": [7.25, -4.0625, 6.8125]},
			"faces": {
				"north": {"uv": [6, 6.03125, 6.25, 6.5625], "texture": "#1"},
				"east": {"uv": [6, 6.03125, 7.5, 6.5625], "texture": "#1"},
				"south": {"uv": [6, 6.03125, 6.25, 6.5625], "texture": "#1"},
				"west": {"uv": [6, 6.03125, 7.5, 6.5625], "texture": "#1"},
				"up": {"uv": [6.25, 5.5, 6.5, 7], "rotation": 180, "texture": "#1"},
				"down": {"uv": [6.25, 5.5, 6.5, 7], "rotation": 180, "texture": "#1"}
			}
		},
		{
			"from": [8.5, -8.53125, 10.40625],
			"to": [8.75, -7.90625, 11.03125],
			"rotation": {"angle": 0, "axis": "y", "origin": [7.25, -4.0625, 6.8125]},
			"faces": {
				"north": {"uv": [6, 6.03125, 6.25, 6.65625], "texture": "#1"},
				"east": {"uv": [6, 6.03125, 6.625, 6.65625], "texture": "#1"},
				"south": {"uv": [6, 6.03125, 6.25, 6.65625], "texture": "#1"},
				"west": {"uv": [6, 6.03125, 6.625, 6.65625], "texture": "#1"},
				"up": {"uv": [6.25, 5.5, 6.5, 6.125], "rotation": 180, "texture": "#1"},
				"down": {"uv": [6.25, 5.5, 6.5, 6.125], "rotation": 180, "texture": "#1"}
			}
		},
		{
			"from": [5.75, -8.53125, 10.40625],
			"to": [6, -7.90625, 11.03125],
			"rotation": {"angle": 0, "axis": "y", "origin": [7.25, -4.0625, 6.8125]},
			"faces": {
				"north": {"uv": [6, 6.03125, 6.25, 6.65625], "texture": "#1"},
				"east": {"uv": [6, 6.03125, 6.625, 6.65625], "texture": "#1"},
				"south": {"uv": [6, 6.03125, 6.25, 6.65625], "texture": "#1"},
				"west": {"uv": [6, 6.03125, 6.625, 6.65625], "texture": "#1"},
				"up": {"uv": [6.25, 5.5, 6.5, 6.125], "rotation": 180, "texture": "#1"},
				"down": {"uv": [6.25, 5.5, 6.5, 6.125], "rotation": 180, "texture": "#1"}
			}
		},
		{
			"from": [8.5, -8.78125, 3.03125],
			"to": [8.75, -8.25, 4.53125],
			"rotation": {"angle": 0, "axis": "y", "origin": [7.25, -4.0625, 6.8125]},
			"faces": {
				"north": {"uv": [6.25, 6.03125, 6.5, 6.5625], "texture": "#1"},
				"east": {"uv": [7.5, 6.03125, 9, 6.5625], "texture": "#1"},
				"south": {"uv": [6.25, 6.03125, 6.5, 6.5625], "texture": "#1"},
				"west": {"uv": [7.5, 6.03125, 9, 6.5625], "texture": "#1"},
				"up": {"uv": [6.25, 7, 6.5, 8.5], "rotation": 180, "texture": "#1"},
				"down": {"uv": [6.25, 7, 6.5, 8.5], "rotation": 180, "texture": "#1"}
			}
		},
		{
			"from": [5.75, -8.78125, 3.03125],
			"to": [6, -8.25, 4.53125],
			"rotation": {"angle": 0, "axis": "y", "origin": [7.25, -4.0625, 6.8125]},
			"faces": {
				"north": {"uv": [6.25, 6.03125, 6.5, 6.5625], "texture": "#1"},
				"east": {"uv": [7.5, 6.03125, 9, 6.5625], "texture": "#1"},
				"south": {"uv": [6.25, 6.03125, 6.5, 6.5625], "texture": "#1"},
				"west": {"uv": [7.5, 6.03125, 9, 6.5625], "texture": "#1"},
				"up": {"uv": [6.25, 7, 6.5, 8.5], "rotation": 180, "texture": "#1"},
				"down": {"uv": [6.25, 7, 6.5, 8.5], "rotation": 180, "texture": "#1"}
			}
		},
		{
			"from": [8.5, -8.53125, 2.46875],
			"to": [8.75, -7.90625, 3.09375],
			"rotation": {"angle": 0, "axis": "y", "origin": [7.25, -4.0625, 6.8125]},
			"faces": {
				"north": {"uv": [6.25, 6.03125, 6.5, 6.65625], "texture": "#1"},
				"east": {"uv": [6.625, 6.03125, 7.25, 6.65625], "texture": "#1"},
				"south": {"uv": [6.25, 6.03125, 6.5, 6.65625], "texture": "#1"},
				"west": {"uv": [6.625, 6.03125, 7.25, 6.65625], "texture": "#1"},
				"up": {"uv": [6.25, 6.125, 6.5, 6.75], "rotation": 180, "texture": "#1"},
				"down": {"uv": [6.25, 6.125, 6.5, 6.75], "rotation": 180, "texture": "#1"}
			}
		},
		{
			"from": [5.75, -8.53125, 2.46875],
			"to": [6, -7.90625, 3.09375],
			"rotation": {"angle": 0, "axis": "y", "origin": [7.25, -4.0625, 6.8125]},
			"faces": {
				"north": {"uv": [6.25, 6.03125, 6.5, 6.65625], "texture": "#1"},
				"east": {"uv": [6.625, 6.03125, 7.25, 6.65625], "texture": "#1"},
				"south": {"uv": [6.25, 6.03125, 6.5, 6.65625], "texture": "#1"},
				"west": {"uv": [6.625, 6.03125, 7.25, 6.65625], "texture": "#1"},
				"up": {"uv": [6.25, 6.125, 6.5, 6.75], "rotation": 180, "texture": "#1"},
				"down": {"uv": [6.25, 6.125, 6.5, 6.75], "rotation": 180, "texture": "#1"}
			}
		},
		{
			"from": [8.5, -7.96875, 2.21875],
			"to": [8.75, -6.5, 2.75],
			"rotation": {"angle": 0, "axis": "y", "origin": [7.25, -4.0625, 6.8125]},
			"faces": {
				"north": {"uv": [6.5, 5.5, 6.75, 6.96875], "rotation": 180, "texture": "#1"},
				"east": {"uv": [6, 6.5625, 7.46875, 7.09375], "rotation": 90, "texture": "#1"},
				"south": {"uv": [6.5, 5.5, 6.75, 6.96875], "texture": "#1"},
				"west": {"uv": [6, 6.5625, 7.46875, 7.09375], "rotation": 270, "texture": "#1"},
				"up": {"uv": [6, 6.5625, 6.25, 7.09375], "texture": "#1"},
				"down": {"uv": [6, 6.5625, 6.25, 7.09375], "rotation": 180, "texture": "#1"}
			}
		},
		{
			"from": [5.75, -7.96875, 2.21875],
			"to": [6, -6.5, 2.75],
			"rotation": {"angle": 0, "axis": "y", "origin": [7.25, -4.0625, 6.8125]},
			"faces": {
				"north": {"uv": [6.5, 5.5, 6.75, 6.96875], "rotation": 180, "texture": "#1"},
				"east": {"uv": [6, 6.5625, 7.46875, 7.09375], "rotation": 90, "texture": "#1"},
				"south": {"uv": [6.5, 5.5, 6.75, 6.96875], "texture": "#1"},
				"west": {"uv": [6, 6.5625, 7.46875, 7.09375], "rotation": 270, "texture": "#1"},
				"up": {"uv": [6, 6.5625, 6.25, 7.09375], "texture": "#1"},
				"down": {"uv": [6, 6.5625, 6.25, 7.09375], "rotation": 180, "texture": "#1"}
			}
		}
	],
	"display": {
		"thirdperson_righthand": {
			"rotation": [122.34, 89.75, -119.88],
			"translation": [0.75, 4.75, 2.75],
			"scale": [0.54, 0.54, 0.54]
		},
		"thirdperson_lefthand": {
			"rotation": [0.77, 90, 0],
			"translation": [0.75, 4.75, 3.5],
			"scale": [0.54, 0.54, 0.54]
		},
		"firstperson_righthand": {
			"rotation": [-90, 0, 0],
			"translation": [0, 11, 0]
		},
		"gui": {
			"rotation": [-98.04, 3.33, 157.51],
			"translation": [-6, 3.75, 0],
			"scale": [1.3, 1.2, 1.3]
		}
	},
	"groups": [
		{
			"name": "Colored Part",
			"origin": [0, 0, 0],
			"color": 0,
			"children": [0, 1, 2, 3, 4, 5, 6, 7, 8, 9, 10, 11, 12, 13, 14, 15, 16, 17, 18, 19]
		},
		{
			"name": "Border",
			"origin": [0, 0, 0],
			"color": 0,
			"children": [20, 21, 22, 23, 24, 25, 26, 27, 28, 29, 30, 31, 32, 33, 34, 35, 36, 37, 38, 39, 40, 41, 42, 43, 44, 45, 46, 47, 48, 49, 50, 51, 52, 53, 54, 55, 56, 57, 58, 59]
		}
	]
}