{
	"credit": "Made with Blockbench",
	"textures": {
		"0": "block/anvil",
		"1": "block/tinted_glass",
		"particle": "block/anvil"
	},
	"elements": [
		{
			"from": [0, 0, 0],
			"to": [1.5, 1, 0.5],
			"faces": {
				"north": {"uv": [0, 0, 1.5, 1], "texture": "#0"},
				"east": {"uv": [0, 0, 0.5, 1], "texture": "#0"},
				"south": {"uv": [0, 0, 1.5, 1], "texture": "#0"},
				"west": {"uv": [0, 0, 0.5, 1], "texture": "#0"},
				"up": {"uv": [0, 0, 1.5, 0.5], "texture": "#0"},
				"down": {"uv": [0, 0, 1.5, 0.5], "texture": "#0"}
			}
		},
		{
			"from": [3.72206, -4.51192, 0],
			"to": [5.22206, -3.51192, 0.5],
			"rotation": {"angle": 22.5, "axis": "z", "origin": [-8.73044, -7.84149, -8]},
			"faces": {
				"north": {"uv": [0, 0, 1.5, 1], "texture": "#0"},
				"east": {"uv": [0, 0, 0.5, 1], "texture": "#0"},
				"south": {"uv": [0, 0, 1.5, 1], "texture": "#0"},
				"west": {"uv": [0, 0, 0.5, 1], "texture": "#0"},
				"up": {"uv": [0, 0, 1.5, 0.5], "texture": "#0"},
				"down": {"uv": [0, 0, 1.5, 0.5], "texture": "#0"}
			}
		},
		{
			"from": [5.22206, -4.51192, 0],
			"to": [6.72206, -3.51192, 0.5],
			"rotation": {"angle": 22.5, "axis": "z", "origin": [-8.73044, -7.84149, -8]},
			"faces": {
				"north": {"uv": [0, 0, 1.5, 1], "texture": "#0"},
				"east": {"uv": [0, 0, 0.5, 1], "texture": "#0"},
				"south": {"uv": [0, 0, 1.5, 1], "texture": "#0"},
				"west": {"uv": [0, 0, 0.5, 1], "texture": "#0"},
				"up": {"uv": [0, 0, 1.5, 0.5], "texture": "#0"},
				"down": {"uv": [0, 0, 1.5, 0.5], "texture": "#0"}
			}
		},
		{
			"from": [-3.09792, 6.16687, 0],
			"to": [-1.59792, 7.16687, 0.5],
			"rotation": {"angle": -22.5, "axis": "z", "origin": [-15.55042, 2.8373, -8]},
			"faces": {
				"north": {"uv": [0, 0, 1.5, 1], "texture": "#0"},
				"east": {"uv": [0, 0, 0.5, 1], "texture": "#0"},
				"south": {"uv": [0, 0, 1.5, 1], "texture": "#0"},
				"west": {"uv": [0, 0, 0.5, 1], "texture": "#0"},
				"up": {"uv": [0, 0, 1.5, 0.5], "texture": "#0"},
				"down": {"uv": [0, 0, 1.5, 0.5], "texture": "#0"}
			}
		},
		{
			"from": [-1.59792, 6.16687, 0],
			"to": [-0.09792, 7.16687, 0.5],
			"rotation": {"angle": -22.5, "axis": "z", "origin": [-15.55042, 2.8373, -8]},
			"faces": {
				"north": {"uv": [0, 0, 1.5, 1], "texture": "#0"},
				"east": {"uv": [0, 0, 0.5, 1], "texture": "#0"},
				"south": {"uv": [0, 0, 1.5, 1], "texture": "#0"},
				"west": {"uv": [0, 0, 0.5, 1], "texture": "#0"},
				"up": {"uv": [0, 0, 1.5, 0.5], "texture": "#0"},
				"down": {"uv": [0, 0, 1.5, 0.5], "texture": "#0"}
			}
		},
		{
			"from": [10.71259, -7.74265, 0],
			"to": [12.21259, -6.74265, 0.5],
			"rotation": {"angle": 45, "axis": "z", "origin": [-3.23991, -11.07222, -8]},
			"faces": {
				"north": {"uv": [0, 0, 1.5, 1], "texture": "#0"},
				"east": {"uv": [0, 0, 0.5, 1], "texture": "#0"},
				"south": {"uv": [0, 0, 1.5, 1], "texture": "#0"},
				"west": {"uv": [0, 0, 0.5, 1], "texture": "#0"},
				"up": {"uv": [0, 0, 1.5, 0.5], "texture": "#0"},
				"down": {"uv": [0, 0, 1.5, 0.5], "texture": "#0"}
			}
		},
		{
			"from": [-13.25082, -3.87048, 0],
			"to": [-11.75082, -2.87048, 0.5],
			"rotation": {"angle": -45, "axis": "z", "origin": [-1.20333, -12.20005, -8]},
			"faces": {
				"north": {"uv": [0, 0, 1.5, 1], "texture": "#0"},
				"east": {"uv": [0, 0, 0.5, 1], "texture": "#0"},
				"south": {"uv": [0, 0, 1.5, 1], "texture": "#0"},
				"west": {"uv": [0, 0, 0.5, 1], "texture": "#0"},
				"up": {"uv": [0, 0, 1.5, 0.5], "texture": "#0"},
				"down": {"uv": [0, 0, 1.5, 0.5], "texture": "#0"}
			}
		},
		{
			"from": [-1.26054, 1.99661, 0],
			"to": [-0.26054, 3.49661, 0.5],
			"rotation": {"angle": -22.5, "axis": "z", "origin": [3.06903, -11.95589, -8]},
			"faces": {
				"north": {"uv": [0, 0, 1.5, 1], "rotation": 90, "texture": "#0"},
				"east": {"uv": [0, 0, 1.5, 0.5], "rotation": 270, "texture": "#0"},
				"south": {"uv": [0, 0, 1.5, 1], "rotation": 270, "texture": "#0"},
				"west": {"uv": [0, 0, 1.5, 0.5], "rotation": 270, "texture": "#0"},
				"up": {"uv": [0, 0, 0.5, 1], "rotation": 270, "texture": "#0"},
				"down": {"uv": [0, 0, 0.5, 1], "rotation": 270, "texture": "#0"}
			}
		},
		{
			"from": [1.17752, 4.92764, 0],
			"to": [2.17752, 6.42764, 0.5],
			"rotation": {"angle": 22.5, "axis": "z", "origin": [5.50709, -9.02487, -8]},
			"faces": {
				"north": {"uv": [0, 0, 1.5, 1], "rotation": 90, "texture": "#0"},
				"east": {"uv": [0, 0, 1.5, 0.5], "rotation": 270, "texture": "#0"},
				"south": {"uv": [0, 0, 1.5, 1], "rotation": 270, "texture": "#0"},
				"west": {"uv": [0, 0, 1.5, 0.5], "rotation": 270, "texture": "#0"},
				"up": {"uv": [0, 0, 0.5, 1], "rotation": 270, "texture": "#0"},
				"down": {"uv": [0, 0, 0.5, 1], "rotation": 270, "texture": "#0"}
			}
		},
		{
			"from": [4.90632, 3.59453, 0],
			"to": [5.90632, 5.09453, 0.5],
			"rotation": {"angle": 0, "axis": "z", "origin": [9.23589, -10.35797, -8]},
			"faces": {
				"north": {"uv": [0, 0, 1.5, 1], "rotation": 90, "texture": "#0"},
				"east": {"uv": [0, 0, 1.5, 0.5], "rotation": 270, "texture": "#0"},
				"south": {"uv": [0, 0, 1.5, 1], "rotation": 270, "texture": "#0"},
				"west": {"uv": [0, 0, 1.5, 0.5], "rotation": 270, "texture": "#0"},
				"up": {"uv": [0, 0, 0.5, 1], "rotation": 270, "texture": "#0"},
				"down": {"uv": [0, 0, 0.5, 1], "rotation": 270, "texture": "#0"}
			}
		},
		{
			"from": [-4.40632, 3.59453, 0],
			"to": [-3.40632, 5.09453, 0.5],
			"rotation": {"angle": 0, "axis": "z", "origin": [4.92324, -10.35797, -8]},
			"faces": {
				"north": {"uv": [0, 0, 1.5, 1], "rotation": 90, "texture": "#0"},
				"east": {"uv": [0, 0, 1.5, 0.5], "rotation": 270, "texture": "#0"},
				"south": {"uv": [0, 0, 1.5, 1], "rotation": 270, "texture": "#0"},
				"west": {"uv": [0, 0, 1.5, 0.5], "rotation": 270, "texture": "#0"},
				"up": {"uv": [0, 0, 0.5, 1], "rotation": 270, "texture": "#0"},
				"down": {"uv": [0, 0, 0.5, 1], "rotation": 270, "texture": "#0"}
			}
		},
		{
			"from": [9.99227, 7.43077, 0],
			"to": [10.99227, 8.93077, 0.5],
			"rotation": {"angle": 22.5, "axis": "z", "origin": [14.32184, -6.52173, -8]},
			"faces": {
				"north": {"uv": [0, 0, 1.5, 1], "rotation": 90, "texture": "#0"},
				"east": {"uv": [0, 0, 1.5, 0.5], "rotation": 270, "texture": "#0"},
				"south": {"uv": [0, 0, 1.5, 1], "rotation": 270, "texture": "#0"},
				"west": {"uv": [0, 0, 1.5, 0.5], "rotation": 270, "texture": "#0"},
				"up": {"uv": [0, 0, 0.5, 1], "rotation": 270, "texture": "#0"},
				"down": {"uv": [0, 0, 0.5, 1], "rotation": 270, "texture": "#0"}
			}
		},
		{
			"from": [13.223, 12.9213, 0],
			"to": [14.223, 14.4213, 0.5],
			"rotation": {"angle": 45, "axis": "z", "origin": [17.55257, -1.0312, -8]},
			"faces": {
				"north": {"uv": [0, 0, 1.5, 1], "rotation": 90, "texture": "#0"},
				"east": {"uv": [0, 0, 1.5, 0.5], "rotation": 270, "texture": "#0"},
				"south": {"uv": [0, 0, 1.5, 1], "rotation": 270, "texture": "#0"},
				"west": {"uv": [0, 0, 1.5, 0.5], "rotation": 270, "texture": "#0"},
				"up": {"uv": [0, 0, 0.5, 1], "rotation": 270, "texture": "#0"},
				"down": {"uv": [0, 0, 0.5, 1], "rotation": 270, "texture": "#0"}
			}
		},
		{
			"from": [-2.77164, 6.54101, 0],
			"to": [4.22836, 7.54101, 0.5],
			"rotation": {"angle": 0, "axis": "z", "origin": [16.68086, 10.87058, -8]},
			"faces": {
				"north": {"uv": [0, 0, 7, 1], "rotation": 180, "texture": "#0"},
				"east": {"uv": [0, 0, 0.5, 1], "rotation": 180, "texture": "#0"},
				"south": {"uv": [0, 0, 7, 1], "rotation": 180, "texture": "#0"},
				"west": {"uv": [0, 0, 0.5, 1], "rotation": 180, "texture": "#0"},
				"up": {"uv": [0, 0, 7, 0.5], "rotation": 180, "texture": "#0"},
				"down": {"uv": [0, 0, 7, 0.5], "rotation": 180, "texture": "#0"}
			}
		},
		{
			"from": [-10.07528, 4.49975, 0],
			"to": [-9.07528, 5.99975, 0.5],
			"rotation": {"angle": -22.5, "axis": "z", "origin": [-5.74572, -9.45276, -8]},
			"faces": {
				"north": {"uv": [0, 0, 1.5, 1], "rotation": 90, "texture": "#0"},
				"east": {"uv": [0, 0, 1.5, 0.5], "rotation": 270, "texture": "#0"},
				"south": {"uv": [0, 0, 1.5, 1], "rotation": 270, "texture": "#0"},
				"west": {"uv": [0, 0, 1.5, 0.5], "rotation": 270, "texture": "#0"},
				"up": {"uv": [0, 0, 0.5, 1], "rotation": 270, "texture": "#0"},
				"down": {"uv": [0, 0, 0.5, 1], "rotation": 270, "texture": "#0"}
			}
		},
		{
			"from": [-14.96631, 7.50547, 0],
			"to": [-13.96631, 9.00547, 0.5],
			"rotation": {"angle": -45, "axis": "z", "origin": [-10.63674, -6.44703, -8]},
			"faces": {
				"north": {"uv": [0, 0, 1.5, 1], "rotation": 90, "texture": "#0"},
				"east": {"uv": [0, 0, 1.5, 0.5], "rotation": 270, "texture": "#0"},
				"south": {"uv": [0, 0, 1.5, 1], "rotation": 270, "texture": "#0"},
				"west": {"uv": [0, 0, 1.5, 0.5], "rotation": 270, "texture": "#0"},
				"up": {"uv": [0, 0, 0.5, 1], "rotation": 270, "texture": "#0"},
				"down": {"uv": [0, 0, 0.5, 1], "rotation": 270, "texture": "#0"}
			}
		},
		{
			"from": [-1.25082, -3.87048, 0],
			"to": [0.24918, -2.87048, 0.5],
			"rotation": {"angle": -45, "axis": "z", "origin": [10.79667, -12.20005, -8]},
			"faces": {
				"north": {"uv": [0, 0, 1.5, 1], "texture": "#0"},
				"east": {"uv": [0, 0, 0.5, 1], "texture": "#0"},
				"south": {"uv": [0, 0, 1.5, 1], "texture": "#0"},
				"west": {"uv": [0, 0, 0.5, 1], "texture": "#0"},
				"up": {"uv": [0, 0, 1.5, 0.5], "texture": "#0"},
				"down": {"uv": [0, 0, 1.5, 0.5], "texture": "#0"}
			}
		},
		{
			"from": [10.73946, 1.99661, 0],
			"to": [11.73946, 3.49661, 0.5],
			"rotation": {"angle": -22.5, "axis": "z", "origin": [15.06903, -11.95589, -8]},
			"faces": {
				"north": {"uv": [0, 0, 1.5, 1], "rotation": 90, "texture": "#0"},
				"east": {"uv": [0, 0, 1.5, 0.5], "rotation": 270, "texture": "#0"},
				"south": {"uv": [0, 0, 1.5, 1], "rotation": 270, "texture": "#0"},
				"west": {"uv": [0, 0, 1.5, 0.5], "rotation": 270, "texture": "#0"},
				"up": {"uv": [0, 0, 0.5, 1], "rotation": 270, "texture": "#0"},
				"down": {"uv": [0, 0, 0.5, 1], "rotation": 270, "texture": "#0"}
			}
		},
		{
			"from": [13.17752, 4.92764, 0],
			"to": [14.17752, 6.42764, 0.5],
			"rotation": {"angle": 22.5, "axis": "z", "origin": [17.50709, -9.02487, -8]},
			"faces": {
				"north": {"uv": [0, 0, 1.5, 1], "rotation": 90, "texture": "#0"},
				"east": {"uv": [0, 0, 1.5, 0.5], "rotation": 270, "texture": "#0"},
				"south": {"uv": [0, 0, 1.5, 1], "rotation": 270, "texture": "#0"},
				"west": {"uv": [0, 0, 1.5, 0.5], "rotation": 270, "texture": "#0"},
				"up": {"uv": [0, 0, 0.5, 1], "rotation": 270, "texture": "#0"},
				"down": {"uv": [0, 0, 0.5, 1], "rotation": 270, "texture": "#0"}
			}
		},
		{
			"from": [16.90632, 3.59453, 0],
			"to": [17.90632, 5.09453, 0.5],
			"rotation": {"angle": 0, "axis": "z", "origin": [21.23589, -10.35797, -8]},
			"faces": {
				"north": {"uv": [0, 0, 1.5, 1], "rotation": 90, "texture": "#0"},
				"east": {"uv": [0, 0, 1.5, 0.5], "rotation": 270, "texture": "#0"},
				"south": {"uv": [0, 0, 1.5, 1], "rotation": 270, "texture": "#0"},
				"west": {"uv": [0, 0, 1.5, 0.5], "rotation": 270, "texture": "#0"},
				"up": {"uv": [0, 0, 0.5, 1], "rotation": 270, "texture": "#0"},
				"down": {"uv": [0, 0, 0.5, 1], "rotation": 270, "texture": "#0"}
			}
		},
		{
			"from": [7.59368, 3.59453, 0],
			"to": [8.59368, 5.09453, 0.5],
			"rotation": {"angle": 0, "axis": "z", "origin": [16.92324, -10.35797, -8]},
			"faces": {
				"north": {"uv": [0, 0, 1.5, 1], "rotation": 90, "texture": "#0"},
				"east": {"uv": [0, 0, 1.5, 0.5], "rotation": 270, "texture": "#0"},
				"south": {"uv": [0, 0, 1.5, 1], "rotation": 270, "texture": "#0"},
				"west": {"uv": [0, 0, 1.5, 0.5], "rotation": 270, "texture": "#0"},
				"up": {"uv": [0, 0, 0.5, 1], "rotation": 270, "texture": "#0"},
				"down": {"uv": [0, 0, 0.5, 1], "rotation": 270, "texture": "#0"}
			}
		},
		{
			"from": [21.99227, 7.43077, 0],
			"to": [22.99227, 8.93077, 0.5],
			"rotation": {"angle": 22.5, "axis": "z", "origin": [26.32184, -6.52173, -8]},
			"faces": {
				"north": {"uv": [0, 0, 1.5, 1], "rotation": 90, "texture": "#0"},
				"east": {"uv": [0, 0, 1.5, 0.5], "rotation": 270, "texture": "#0"},
				"south": {"uv": [0, 0, 1.5, 1], "rotation": 270, "texture": "#0"},
				"west": {"uv": [0, 0, 1.5, 0.5], "rotation": 270, "texture": "#0"},
				"up": {"uv": [0, 0, 0.5, 1], "rotation": 270, "texture": "#0"},
				"down": {"uv": [0, 0, 0.5, 1], "rotation": 270, "texture": "#0"}
			}
		},
		{
			"from": [25.223, 12.9213, 0],
			"to": [26.223, 14.4213, 0.5],
			"rotation": {"angle": 45, "axis": "z", "origin": [29.55257, -1.0312, -8]},
			"faces": {
				"north": {"uv": [0, 0, 1.5, 1], "rotation": 90, "texture": "#0"},
				"east": {"uv": [0, 0, 1.5, 0.5], "rotation": 270, "texture": "#0"},
				"south": {"uv": [0, 0, 1.5, 1], "rotation": 270, "texture": "#0"},
				"west": {"uv": [0, 0, 1.5, 0.5], "rotation": 270, "texture": "#0"},
				"up": {"uv": [0, 0, 0.5, 1], "rotation": 270, "texture": "#0"},
				"down": {"uv": [0, 0, 0.5, 1], "rotation": 270, "texture": "#0"}
			}
		},
		{
			"from": [9.22836, 6.54101, 0],
			"to": [16.22836, 7.54101, 0.5],
			"rotation": {"angle": 0, "axis": "z", "origin": [28.68086, 10.87058, -8]},
			"faces": {
				"north": {"uv": [0, 0, 7, 1], "rotation": 180, "texture": "#0"},
				"east": {"uv": [0, 0, 0.5, 1], "rotation": 180, "texture": "#0"},
				"south": {"uv": [0, 0, 7, 1], "rotation": 180, "texture": "#0"},
				"west": {"uv": [0, 0, 0.5, 1], "rotation": 180, "texture": "#0"},
				"up": {"uv": [0, 0, 7, 0.5], "rotation": 180, "texture": "#0"},
				"down": {"uv": [0, 0, 7, 0.5], "rotation": 180, "texture": "#0"}
			}
		},
		{
			"from": [1.92472, 4.49975, 0],
			"to": [2.92472, 5.99975, 0.5],
			"rotation": {"angle": -22.5, "axis": "z", "origin": [6.25428, -9.45276, -8]},
			"faces": {
				"north": {"uv": [0, 0, 1.5, 1], "rotation": 90, "texture": "#0"},
				"east": {"uv": [0, 0, 1.5, 0.5], "rotation": 270, "texture": "#0"},
				"south": {"uv": [0, 0, 1.5, 1], "rotation": 270, "texture": "#0"},
				"west": {"uv": [0, 0, 1.5, 0.5], "rotation": 270, "texture": "#0"},
				"up": {"uv": [0, 0, 0.5, 1], "rotation": 270, "texture": "#0"},
				"down": {"uv": [0, 0, 0.5, 1], "rotation": 270, "texture": "#0"}
			}
		},
		{
			"from": [-2.96631, 7.50547, 0],
			"to": [-1.96631, 9.00547, 0.5],
			"rotation": {"angle": -45, "axis": "z", "origin": [1.36326, -6.44703, -8]},
			"faces": {
				"north": {"uv": [0, 0, 1.5, 1], "rotation": 90, "texture": "#0"},
				"east": {"uv": [0, 0, 1.5, 0.5], "rotation": 270, "texture": "#0"},
				"south": {"uv": [0, 0, 1.5, 1], "rotation": 270, "texture": "#0"},
				"west": {"uv": [0, 0, 1.5, 0.5], "rotation": 270, "texture": "#0"},
				"up": {"uv": [0, 0, 0.5, 1], "rotation": 270, "texture": "#0"},
				"down": {"uv": [0, 0, 0.5, 1], "rotation": 270, "texture": "#0"}
			}
		},
		{
			"from": [12, 0, 0],
			"to": [13.5, 1, 0.5],
			"rotation": {"angle": 0, "axis": "y", "origin": [12, 0, 0]},
			"faces": {
				"north": {"uv": [0, 0, 1.5, 1], "texture": "#0"},
				"east": {"uv": [0, 0, 0.5, 1], "texture": "#0"},
				"south": {"uv": [0, 0, 1.5, 1], "texture": "#0"},
				"west": {"uv": [0, 0, 0.5, 1], "texture": "#0"},
				"up": {"uv": [0, 0, 1.5, 0.5], "texture": "#0"},
				"down": {"uv": [0, 0, 1.5, 0.5], "texture": "#0"}
			}
		},
		{
			"from": [15.72206, -4.51192, 0],
			"to": [17.22206, -3.51192, 0.5],
			"rotation": {"angle": 22.5, "axis": "z", "origin": [3.26956, -7.84149, -8]},
			"faces": {
				"north": {"uv": [0, 0, 1.5, 1], "texture": "#0"},
				"east": {"uv": [0, 0, 0.5, 1], "texture": "#0"},
				"south": {"uv": [0, 0, 1.5, 1], "texture": "#0"},
				"west": {"uv": [0, 0, 0.5, 1], "texture": "#0"},
				"up": {"uv": [0, 0, 1.5, 0.5], "texture": "#0"},
				"down": {"uv": [0, 0, 1.5, 0.5], "texture": "#0"}
			}
		},
		{
			"from": [17.22206, -4.51192, 0],
			"to": [18.72206, -3.51192, 0.5],
			"rotation": {"angle": 22.5, "axis": "z", "origin": [3.26956, -7.84149, -8]},
			"faces": {
				"north": {"uv": [0, 0, 1.5, 1], "texture": "#0"},
				"east": {"uv": [0, 0, 0.5, 1], "texture": "#0"},
				"south": {"uv": [0, 0, 1.5, 1], "texture": "#0"},
				"west": {"uv": [0, 0, 0.5, 1], "texture": "#0"},
				"up": {"uv": [0, 0, 1.5, 0.5], "texture": "#0"},
				"down": {"uv": [0, 0, 1.5, 0.5], "texture": "#0"}
			}
		},
		{
			"from": [8.90208, 6.16687, 0],
			"to": [10.40208, 7.16687, 0.5],
			"rotation": {"angle": -22.5, "axis": "z", "origin": [-3.55042, 2.8373, -8]},
			"faces": {
				"north": {"uv": [0, 0, 1.5, 1], "texture": "#0"},
				"east": {"uv": [0, 0, 0.5, 1], "texture": "#0"},
				"south": {"uv": [0, 0, 1.5, 1], "texture": "#0"},
				"west": {"uv": [0, 0, 0.5, 1], "texture": "#0"},
				"up": {"uv": [0, 0, 1.5, 0.5], "texture": "#0"},
				"down": {"uv": [0, 0, 1.5, 0.5], "texture": "#0"}
			}
		},
		{
			"from": [10.40208, 6.16687, 0],
			"to": [11.90208, 7.16687, 0.5],
			"rotation": {"angle": -22.5, "axis": "z", "origin": [-3.55042, 2.8373, -8]},
			"faces": {
				"north": {"uv": [0, 0, 1.5, 1], "texture": "#0"},
				"east": {"uv": [0, 0, 0.5, 1], "texture": "#0"},
				"south": {"uv": [0, 0, 1.5, 1], "texture": "#0"},
				"west": {"uv": [0, 0, 0.5, 1], "texture": "#0"},
				"up": {"uv": [0, 0, 1.5, 0.5], "texture": "#0"},
				"down": {"uv": [0, 0, 1.5, 0.5], "texture": "#0"}
			}
		},
		{
			"from": [22.71259, -7.74265, 0],
			"to": [24.21259, -6.74265, 0.5],
			"rotation": {"angle": 45, "axis": "z", "origin": [8.76009, -11.07222, -8]},
			"faces": {
				"north": {"uv": [0, 0, 1.5, 1], "texture": "#0"},
				"east": {"uv": [0, 0, 0.5, 1], "texture": "#0"},
				"south": {"uv": [0, 0, 1.5, 1], "texture": "#0"},
				"west": {"uv": [0, 0, 0.5, 1], "texture": "#0"},
				"up": {"uv": [0, 0, 1.5, 0.5], "texture": "#0"},
				"down": {"uv": [0, 0, 1.5, 0.5], "texture": "#0"}
			}
		},
		{
			"from": [4, 7.25, 0],
			"to": [9.5, 7.75, 0.75],
			"faces": {
				"north": {"uv": [0, 0, 5.5, 0.5], "texture": "#0"},
				"east": {"uv": [0, 0, 0.75, 0.5], "texture": "#0"},
				"south": {"uv": [0, 0, 5.5, 0.5], "texture": "#0"},
				"west": {"uv": [0, 0, 0.75, 0.5], "texture": "#0"},
				"up": {"uv": [0, 0, 5.5, 0.75], "texture": "#0"},
				"down": {"uv": [0, 0, 5.5, 0.75], "texture": "#0"}
			}
		},
		{
			"from": [-4.59767, 4.59453, -0.03806],
			"to": [-3.84767, 5.09453, 3.46194],
			"rotation": {"angle": -22.5, "axis": "y", "origin": [-4.59767, -2.65547, 0.46194]},
			"faces": {
				"north": {"uv": [0, 0, 0.75, 0.5], "texture": "#0"},
				"east": {"uv": [0, 0, 3.5, 0.5], "texture": "#0"},
				"south": {"uv": [0, 0, 0.75, 0.5], "texture": "#0"},
				"west": {"uv": [0, 0, 3.5, 0.5], "texture": "#0"},
				"up": {"uv": [0, 0, 3.5, 0.75], "rotation": 270, "texture": "#0"},
				"down": {"uv": [0, 0, 3.5, 0.75], "rotation": 90, "texture": "#0"}
			}
		},
		{
			"from": [17.40476, 4.59453, 0.24895],
			"to": [18.15476, 5.09453, 3.74895],
			"rotation": {"angle": 22.5, "axis": "y", "origin": [17.40476, -2.65547, 0.74895]},
			"faces": {
				"north": {"uv": [0, 0, 0.75, 0.5], "texture": "#0"},
				"east": {"uv": [0, 0, 3.5, 0.5], "texture": "#0"},
				"south": {"uv": [0, 0, 0.75, 0.5], "texture": "#0"},
				"west": {"uv": [0, 0, 3.5, 0.5], "texture": "#0"},
				"up": {"uv": [0, 0, 3.5, 0.75], "rotation": 270, "texture": "#0"},
				"down": {"uv": [0, 0, 3.5, 0.75], "rotation": 90, "texture": "#0"}
			}
		},
		{
			"from": [-5.74572, 4.59453, 3.23358],
			"to": [-4.99572, 5.09453, 9.48358],
			"rotation": {"angle": 0, "axis": "y", "origin": [-5.74572, -2.65547, -1.26642]},
			"faces": {
				"north": {"uv": [0, 0, 0.75, 0.5], "texture": "#0"},
				"east": {"uv": [0, 0, 6.25, 0.5], "texture": "#0"},
				"south": {"uv": [0, 0, 0.75, 0.5], "texture": "#0"},
				"west": {"uv": [0, 0, 6.25, 0.5], "texture": "#0"},
				"up": {"uv": [0, 0, 6.25, 0.75], "rotation": 270, "texture": "#0"},
				"down": {"uv": [0, 0, 6.25, 0.75], "rotation": 90, "texture": "#0"}
			}
		},
		{
			"from": [-5.74572, 8.05459, 7.08869],
			"to": [-4.99572, 8.55459, 10.58869],
			"rotation": {"angle": 22.5, "axis": "x", "origin": [-5.74572, 0.80459, -0.41131]},
			"faces": {
				"north": {"uv": [0, 0, 0.75, 0.5], "texture": "#0"},
				"east": {"uv": [0, 0, 3.5, 0.5], "texture": "#0"},
				"south": {"uv": [0, 0, 0.75, 0.5], "texture": "#0"},
				"west": {"uv": [0, 0, 3.5, 0.5], "texture": "#0"},
				"up": {"uv": [0, 0, 3.5, 0.75], "rotation": 270, "texture": "#0"},
				"down": {"uv": [0, 0, 3.5, 0.75], "rotation": 90, "texture": "#0"}
			}
		},
		{
			"from": [18.49572, 4.59453, 3.23358],
			"to": [19.24572, 5.09453, 9.48358],
			"rotation": {"angle": 0, "axis": "y", "origin": [18.49572, -2.65547, -1.26642]},
			"faces": {
				"north": {"uv": [0, 0, 0.75, 0.5], "texture": "#0"},
				"east": {"uv": [0, 0, 6.25, 0.5], "texture": "#0"},
				"south": {"uv": [0, 0, 0.75, 0.5], "texture": "#0"},
				"west": {"uv": [0, 0, 6.25, 0.5], "texture": "#0"},
				"up": {"uv": [0, 0, 6.25, 0.75], "rotation": 270, "texture": "#0"},
				"down": {"uv": [0, 0, 6.25, 0.75], "rotation": 90, "texture": "#0"}
			}
		},
		{
			"from": [18.49572, 8.05459, 7.08869],
			"to": [19.24572, 8.55459, 10.58869],
			"rotation": {"angle": 22.5, "axis": "x", "origin": [18.49572, 0.80459, -0.41131]},
			"faces": {
				"north": {"uv": [0, 0, 0.75, 0.5], "texture": "#0"},
				"east": {"uv": [0, 0, 3.5, 0.5], "texture": "#0"},
				"south": {"uv": [0, 0, 0.75, 0.5], "texture": "#0"},
				"west": {"uv": [0, 0, 3.5, 0.5], "texture": "#0"},
				"up": {"uv": [0, 0, 3.5, 0.75], "rotation": 270, "texture": "#0"},
				"down": {"uv": [0, 0, 3.5, 0.75], "rotation": 90, "texture": "#0"}
			}
		},
		{
			"from": [5.25, 4.25, 0.25],
			"to": [8.25, 4.75, 0.5],
			"faces": {
				"north": {"uv": [0, 0, 3, 0.5], "texture": "#0"},
				"east": {"uv": [0, 0, 0.25, 0.5], "texture": "#0"},
				"south": {"uv": [0, 0, 3, 0.5], "texture": "#0"},
				"west": {"uv": [0, 0, 0.25, 0.5], "texture": "#0"},
				"up": {"uv": [0, 0, 3, 0.25], "texture": "#0"},
				"down": {"uv": [0, 0, 3, 0.25], "texture": "#0"}
			}
		},
		{
			"from": [-2.25, 1, 0.1],
			"to": [3.75, 6.75, 0.35],
			"faces": {
				"north": {"uv": [0, 0, 16, 16], "texture": "#1"},
				"east": {"uv": [0, 0, 0.25, 5.75], "texture": "#1"},
				"south": {"uv": [0, 0, 16, 16], "texture": "#1"},
				"west": {"uv": [0, 0, 0.25, 5.75], "texture": "#1"},
				"up": {"uv": [0, 0, 6, 0.25], "texture": "#1"},
				"down": {"uv": [0, 0, 6, 0.25], "texture": "#1"}
			}
		},
		{
			"from": [-3.5, 2, 0.1],
			"to": [-2.25, 6.75, 0.35],
			"faces": {
				"north": {"uv": [0, 0, 16, 16], "texture": "#1"},
				"east": {"uv": [0, 0, 0.25, 4.75], "texture": "#1"},
				"south": {"uv": [0, 0, 16, 16], "texture": "#1"},
				"west": {"uv": [0, 0, 0.25, 4.75], "texture": "#1"},
				"up": {"uv": [0, 0, 1.25, 0.25], "texture": "#1"},
				"down": {"uv": [0, 0, 1.25, 0.25], "texture": "#1"}
			}
		},
		{
			"from": [3.75, 2, 0.1],
			"to": [5, 6.75, 0.35],
			"faces": {
				"north": {"uv": [0, 0, 16, 16], "texture": "#1"},
				"east": {"uv": [0, 0, 0.25, 4.75], "texture": "#1"},
				"south": {"uv": [0, 0, 16, 16], "texture": "#1"},
				"west": {"uv": [0, 0, 0.25, 4.75], "texture": "#1"},
				"up": {"uv": [0, 0, 1.25, 0.25], "texture": "#1"},
				"down": {"uv": [0, 0, 1.25, 0.25], "texture": "#1"}
			}
		},
		{
			"from": [9.75, 1, 0.1],
			"to": [15.75, 6.75, 0.35],
			"faces": {
				"north": {"uv": [0, 0, 16, 16], "texture": "#1"},
				"east": {"uv": [0, 0, 0.25, 5.75], "texture": "#1"},
				"south": {"uv": [0, 0, 16, 16], "texture": "#1"},
				"west": {"uv": [0, 0, 0.25, 5.75], "texture": "#1"},
				"up": {"uv": [0, 0, 6, 0.25], "texture": "#1"},
				"down": {"uv": [0, 0, 6, 0.25], "texture": "#1"}
			}
		},
		{
			"from": [8.5, 2, 0.1],
			"to": [9.75, 6.75, 0.35],
			"faces": {
				"north": {"uv": [0, 0, 16, 16], "texture": "#1"},
				"east": {"uv": [0, 0, 0.25, 4.75], "texture": "#1"},
				"south": {"uv": [0, 0, 16, 16], "texture": "#1"},
				"west": {"uv": [0, 0, 0.25, 4.75], "texture": "#1"},
				"up": {"uv": [0, 0, 1.25, 0.25], "texture": "#1"},
				"down": {"uv": [0, 0, 1.25, 0.25], "texture": "#1"}
			}
		},
		{
			"from": [15.75, 2, 0.1],
			"to": [17, 6.75, 0.35],
			"faces": {
				"north": {"uv": [0, 0, 16, 16], "texture": "#1"},
				"east": {"uv": [0, 0, 0.25, 4.75], "texture": "#1"},
				"south": {"uv": [0, 0, 16, 16], "texture": "#1"},
				"west": {"uv": [0, 0, 0.25, 4.75], "texture": "#1"},
				"up": {"uv": [0, 0, 1.25, 0.25], "texture": "#1"},
				"down": {"uv": [0, 0, 1.25, 0.25], "texture": "#1"}
			}
		}
	],
	"display": {
		"thirdperson_righthand": {
			"rotation": [60, 0, 0],
			"translation": [0.25, -0.5, 2.25],
			"scale": [0.18, 0.18, 0.18]
		},
		"thirdperson_lefthand": {
			"rotation": [60, 0, 0],
			"translation": [-0.25, -0.5, 2.25],
			"scale": [0.18, 0.18, 0.18]
		},
		"firstperson_righthand": {
			"translation": [-80, -80, -80]
		},
		"firstperson_lefthand": {
			"translation": [-80, -80, -80],
			"scale": [0.71, 0.71, 0.71]
		},
		"ground": {
			"translation": [-0.25, 0, 0],
			"scale": [0.4, 0.4, 0.4]
		},
		"gui": {
			"rotation": [115.04, 43.25, -135.24],
			"translation": [2, 1, 0],
			"scale": [0.7, 0.7, 0.7]
		},
		"head": {
			"translation": [0.75, 2, -3],
			"scale": [0.58203, 0.58203, 0.58203]
		}
	},
	"groups": [
		{
			"name": "Frame",
			"origin": [0, 0, 0],
			"color": 0,
			"children": [0, 1, 2, 3, 4, 5, 6, 7, 8, 9, 10, 11, 12, 13, 14, 15, 16, 17, 18, 19, 20, 21, 22, 23, 24, 25, 26, 27, 28, 29, 30, 31, 32, 33, 34, 35, 36, 37, 38, 39]
		},
		{
			"name": "Glass",
			"origin": [0, 0, 0],
			"color": 0,
			"children": [40, 41, 42, 43, 44, 45]
		}
	]
}