{
	"credit": "Made with Blockbench",
	"textures": {
		"1": "block/black_shulker_box",
		"3": "item/generic/pride",
		"particle": "block/black_shulker_box"
	},
	"elements": [
		{
			"from": [-3, 0, 5],
			"to": [19, 27, 15],
			"faces": {
				"north": {"uv": [0, 0, 3.79775, 16], "texture": "#3"},
				"east": {"uv": [0, 0, 4.98876, 16], "texture": "#3"},
				"south": {"uv": [0, 0, 5.10112, 16], "texture": "#3"},
				"west": {"uv": [0, 0, 5.23596, 16], "texture": "#3"},
				"up": {"uv": [0, 0, 6.29213, 1.23596], "texture": "#3"},
				"down": {"uv": [0, 0, 16, 10], "texture": "#3"}
			}
		},
		{
			"from": [19, 0, 5],
			"to": [20, 15, 15],
			"faces": {
				"north": {"uv": [0, 7.14607, 6.01124, 15.86517], "texture": "#3"},
				"east": {"uv": [0, 7.14607, 6.8764, 16], "texture": "#3"},
				"south": {"uv": [1.41573, 7.08989, 5.04494, 16], "texture": "#3"},
				"west": {"uv": [0, 0, 10, 15], "texture": "#3"},
				"up": {"uv": [1.1236, 5.8427, 6.55056, 7.61798], "texture": "#3"},
				"down": {"uv": [0, 0, 1, 10], "texture": "#3"}
			}
		},
		{
			"from": [-4, 0, 5],
			"to": [-3, 15, 15],
			"faces": {
				"north": {"uv": [2.89888, 7.11236, 4.05618, 16], "texture": "#3"},
				"east": {"uv": [0, 0, 10, 15], "texture": "#3"},
				"south": {"uv": [1.79775, 7.10112, 4.30337, 16], "texture": "#3"},
				"west": {"uv": [0, 7.13483, 5.57303, 15.88764], "texture": "#3"},
				"up": {"uv": [2.85393, 6, 6.21348, 7.19101], "texture": "#3"},
				"down": {"uv": [0, 0, 1, 10], "texture": "#3"}
			}
		},
		{
			"from": [-2, 1, 3],
			"to": [18, 16, 14],
			"faces": {
				"north": {"uv": [0, 6.35955, 4.80899, 16], "texture": "#3"},
				"east": {"uv": [0, 6.49438, 6.23596, 16], "texture": "#3"},
				"south": {"uv": [0, 0, 16, 15], "texture": "#3"},
				"west": {"uv": [0, 6.35955, 5.26966, 16], "texture": "#3"},
				"up": {"uv": [0.98876, 5.95506, 6.94382, 7.60674], "texture": "#3"},
				"down": {"uv": [0, 0, 16, 11], "texture": "#3"}
			}
		},
		{
			"from": [-2, 27, 5],
			"to": [18, 28, 15],
			"faces": {
				"north": {"uv": [0.04494, 0.33708, 7.61798, 0.33708], "texture": "#3"},
				"east": {"uv": [0.04494, 0.33708, 1.61798, 0.33708], "texture": "#3"},
				"south": {"uv": [0.04494, 0.33708, 7.61798, 0.33708], "texture": "#3"},
				"west": {"uv": [0.04494, 0.33708, 1.61798, 0.33708], "texture": "#3"},
				"up": {"uv": [0.04494, 0.33708, 7.61798, 2.40449], "texture": "#3"},
				"down": {"uv": [0.04494, 0.33708, 7.61798, 2.40449], "texture": "#3"}
			}
		},
		{
			"from": [-2, 26, 6],
			"to": [18, 29, 15],
			"faces": {
				"north": {"uv": [0.04494, 0.33708, 7.61798, 0.33708], "texture": "#3"},
				"east": {"uv": [0.04494, 0.33708, 0.8764, 0.33708], "texture": "#3"},
				"south": {"uv": [0.04494, 0.33708, 7.61798, 0.33708], "texture": "#3"},
				"west": {"uv": [0.04494, 0.33708, 0.8764, 0.33708], "texture": "#3"},
				"up": {"uv": [0.04494, 0.33708, 7.61798, 1.40449], "texture": "#3"},
				"down": {"uv": [0.04494, 0.33708, 7.61798, 1.40449], "texture": "#3"}
			}
		},
		{
			"from": [-3, 27, 6],
			"to": [19, 28, 15],
			"faces": {
				"north": {"uv": [0.04494, 0.33708, 7.61798, 0.33708], "texture": "#3"},
				"east": {"uv": [0.04494, 0.33708, 0.8764, 0.33708], "texture": "#3"},
				"south": {"uv": [0.04494, 0.33708, 7.61798, 0.33708], "texture": "#3"},
				"west": {"uv": [0.04494, 0.33708, 0.8764, 0.33708], "texture": "#3"},
				"up": {"uv": [0.04494, 0.33708, 7.61798, 1.40449], "texture": "#3"},
				"down": {"uv": [0.04494, 0.33708, 7.61798, 1.40449], "texture": "#3"}
			}
		},
		{
			"from": [-3, 1, 4],
			"to": [19, 17, 5],
			"faces": {
				"north": {"uv": [0.33708, 5.82022, 7.05618, 16], "texture": "#3"},
				"east": {"uv": [0, 5.86517, 5.53933, 16], "texture": "#3"},
				"south": {"uv": [0, 0, 16, 16], "texture": "#3"},
				"west": {"uv": [0, 5.82022, 6.32584, 16], "texture": "#3"},
				"up": {"uv": [0, 6.31461, 6.11236, 7.5618], "texture": "#3"},
				"down": {"uv": [0, 0, 16, 1], "texture": "#3"}
			}
		},
		{
			"from": [10, 22, 10],
			"to": [11, 31, 11],
			"faces": {
				"north": {"uv": [0.04494, 0.33708, 0.8764, 1.40449], "texture": "#1"},
				"east": {"uv": [0.04494, 0.33708, 0.8764, 1.40449], "texture": "#1"},
				"south": {"uv": [0.04494, 0.33708, 0.8764, 1.40449], "texture": "#1"},
				"west": {"uv": [0.04494, 0.33708, 0.8764, 1.40449], "texture": "#1"},
				"up": {"uv": [0.04494, 0.33708, 0.8764, 0.33708], "texture": "#1"},
				"down": {"uv": [0.04494, 0.33708, 0.8764, 0.33708], "texture": "#1"}
			}
		},
		{
			"from": [5, 22, 10],
			"to": [6, 31, 11],
			"faces": {
				"north": {"uv": [0.04494, 0.33708, 0.8764, 1.40449], "texture": "#1"},
				"east": {"uv": [0.04494, 0.33708, 0.8764, 1.40449], "texture": "#1"},
				"south": {"uv": [0.04494, 0.33708, 0.8764, 1.40449], "texture": "#1"},
				"west": {"uv": [0.04494, 0.33708, 0.8764, 1.40449], "texture": "#1"},
				"up": {"uv": [0.04494, 0.33708, 0.8764, 0.33708], "texture": "#1"},
				"down": {"uv": [0.04494, 0.33708, 0.8764, 0.33708], "texture": "#1"}
			}
		},
		{
			"from": [6, 31, 10],
			"to": [10, 32, 11],
			"faces": {
				"north": {"uv": [0.04494, 0.33708, 0.8764, 0.33708], "texture": "#1"},
				"east": {"uv": [0.04494, 0.33708, 0.8764, 0.33708], "texture": "#1"},
				"south": {"uv": [0.04494, 0.33708, 0.8764, 0.33708], "texture": "#1"},
				"west": {"uv": [0.04494, 0.33708, 0.8764, 0.33708], "texture": "#1"},
				"up": {"uv": [0.04494, 0.33708, 0.8764, 0.33708], "texture": "#1"},
				"down": {"uv": [0.04494, 0.33708, 0.8764, 0.33708], "texture": "#1"}
			}
		},
		{
			"from": [0, 3, 2],
			"to": [15, 13, 3],
			"faces": {
				"north": {"uv": [8.52809, 0, 14.80899, 13.25843], "texture": "#3"},
				"east": {"uv": [12.8764, 0, 13.92135, 13.30337], "texture": "#3"},
				"south": {"uv": [8.52809, 0, 15.93258, 13.34831], "texture": "#3"},
				"west": {"uv": [8.69663, 0, 10.19101, 13.39326], "texture": "#3"},
				"up": {"uv": [8.52809, 1.47191, 14.78652, 0], "texture": "#3"},
				"down": {"uv": [9.98876, 12.77528, 14.98876, 10.98876], "texture": "#3"}
			}
		},
		{
			"from": [5, 19, 4],
			"to": [11, 22, 5],
			"faces": {
				"north": {"uv": [9.01124, 0, 15.25843, 13.22472], "texture": "#3"},
				"east": {"uv": [9.01124, 0, 15.51685, 13.13483], "texture": "#3"},
				"south": {"uv": [9.01124, 0, 15.01124, 13.17978], "texture": "#3"},
				"west": {"uv": [9.01124, 0, 12.95506, 13.17978], "texture": "#3"},
				"up": {"uv": [9.01124, 0, 15.01124, 1], "texture": "#3"},
				"down": {"uv": [9.16854, 12.49438, 15.16854, 13.49438], "texture": "#3"}
			}
		},
		{
			"from": [0, 11, 29],
			"to": [3, 19, 30],
			"rotation": {"angle": -22.5, "axis": "x", "origin": [0, 3, 4]},
			"faces": {
				"north": {"uv": [10.01685, 8.87079, 7.24157, 7.87079], "texture": "#1"},
				"east": {"uv": [8.51685, 1.37079, 8.74157, 1.37079], "texture": "#1"},
				"south": {"uv": [3.01685, 3.37079, 6.24157, 7.87079], "texture": "#1"},
				"west": {"uv": [10.01685, 3.37079, 11.74157, 4.87079], "texture": "#1"},
				"up": {"uv": [5.01685, 3.87079, 3.24157, 6.87079], "texture": "#1"},
				"down": {"uv": [4.51685, 6.37079, 4.74157, 9.37079], "texture": "#1"}
			}
		},
		{
			"from": [0, 27, 16],
			"to": [3, 28, 22],
			"rotation": {"angle": 0, "axis": "y", "origin": [0, 0, 5]},
			"faces": {
				"north": {"uv": [10.01685, 8.87079, 7.24157, 7.87079], "rotation": 180, "texture": "#1"},
				"east": {"uv": [8.51685, 1.37079, 8.74157, 1.37079], "rotation": 90, "texture": "#1"},
				"south": {"uv": [3.01685, 3.37079, 6.24157, 7.87079], "texture": "#1"},
				"west": {"uv": [10.01685, 3.37079, 11.74157, 4.87079], "rotation": 270, "texture": "#1"},
				"up": {"uv": [5.01685, 3.87079, 3.24157, 6.87079], "texture": "#1"},
				"down": {"uv": [4.51685, 6.37079, 4.74157, 9.37079], "rotation": 180, "texture": "#1"}
			}
		},
		{
			"from": [13, 27, 16],
			"to": [16, 28, 22],
			"rotation": {"angle": 0, "axis": "y", "origin": [0, 0, 5]},
			"faces": {
				"north": {"uv": [10.01685, 8.87079, 7.24157, 7.87079], "rotation": 180, "texture": "#1"},
				"east": {"uv": [8.51685, 1.37079, 8.74157, 1.37079], "rotation": 90, "texture": "#1"},
				"south": {"uv": [3.01685, 3.37079, 6.24157, 7.87079], "texture": "#1"},
				"west": {"uv": [10.01685, 3.37079, 11.74157, 4.87079], "rotation": 270, "texture": "#1"},
				"up": {"uv": [5.01685, 3.87079, 3.24157, 6.87079], "texture": "#1"},
				"down": {"uv": [4.51685, 6.37079, 4.74157, 9.37079], "rotation": 180, "texture": "#1"}
			}
		},
		{
			"from": [13, 11, 29],
			"to": [16, 19, 30],
			"rotation": {"angle": -22.5, "axis": "x", "origin": [0, 3, 4]},
			"faces": {
				"north": {"uv": [10.01685, 8.87079, 7.24157, 7.87079], "texture": "#1"},
				"east": {"uv": [8.51685, 1.37079, 8.74157, 1.37079], "texture": "#1"},
				"south": {"uv": [3.01685, 3.37079, 6.24157, 7.87079], "texture": "#1"},
				"west": {"uv": [10.01685, 3.37079, 11.74157, 4.87079], "texture": "#1"},
				"up": {"uv": [5.01685, 3.87079, 3.24157, 6.87079], "texture": "#1"},
				"down": {"uv": [4.51685, 6.37079, 4.74157, 9.37079], "texture": "#1"}
			}
		},
		{
			"from": [13, 11, 24],
			"to": [16, 21, 25],
			"rotation": {"angle": 0, "axis": "y", "origin": [0, 3, 4]},
			"faces": {
				"north": {"uv": [10.01685, 8.87079, 7.24157, 7.87079], "texture": "#1"},
				"east": {"uv": [8.51685, 1.37079, 8.74157, 1.37079], "texture": "#1"},
				"south": {"uv": [3.01685, 3.37079, 6.24157, 7.87079], "texture": "#1"},
				"west": {"uv": [10.01685, 3.37079, 11.74157, 4.87079], "texture": "#1"},
				"up": {"uv": [5.01685, 3.87079, 3.24157, 6.87079], "texture": "#1"},
				"down": {"uv": [4.51685, 6.37079, 4.74157, 9.37079], "texture": "#1"}
			}
		},
		{
			"from": [13, 11, 12],
			"to": [16, 24, 13],
			"rotation": {"angle": 45, "axis": "x", "origin": [0, 3, 4]},
			"faces": {
				"north": {"uv": [10.01685, 8.87079, 7.24157, 7.87079], "texture": "#1"},
				"east": {"uv": [8.51685, 1.37079, 8.74157, 1.37079], "texture": "#1"},
				"south": {"uv": [3.01685, 3.37079, 6.24157, 7.87079], "texture": "#1"},
				"west": {"uv": [10.01685, 3.37079, 11.74157, 4.87079], "texture": "#1"},
				"up": {"uv": [5.01685, 3.87079, 3.24157, 6.87079], "texture": "#1"},
				"down": {"uv": [4.51685, 6.37079, 4.74157, 9.37079], "texture": "#1"}
			}
		},
		{
			"from": [0, 11, 12],
			"to": [3, 24, 13],
			"rotation": {"angle": 45, "axis": "x", "origin": [0, 3, 4]},
			"faces": {
				"north": {"uv": [10.01685, 8.87079, 7.24157, 7.87079], "texture": "#1"},
				"east": {"uv": [8.51685, 1.37079, 8.74157, 1.37079], "texture": "#1"},
				"south": {"uv": [3.01685, 3.37079, 6.24157, 7.87079], "texture": "#1"},
				"west": {"uv": [10.01685, 3.37079, 11.74157, 4.87079], "texture": "#1"},
				"up": {"uv": [5.01685, 3.87079, 3.24157, 6.87079], "texture": "#1"},
				"down": {"uv": [4.51685, 6.37079, 4.74157, 9.37079], "texture": "#1"}
			}
		},
		{
			"from": [0, 11, 24],
			"to": [3, 21, 25],
			"rotation": {"angle": 0, "axis": "y", "origin": [0, 3, 4]},
			"faces": {
				"north": {"uv": [10.01685, 8.87079, 7.24157, 7.87079], "texture": "#1"},
				"east": {"uv": [8.51685, 1.37079, 8.74157, 1.37079], "texture": "#1"},
				"south": {"uv": [3.01685, 3.37079, 6.24157, 7.87079], "texture": "#1"},
				"west": {"uv": [10.01685, 3.37079, 11.74157, 4.87079], "texture": "#1"},
				"up": {"uv": [5.01685, 3.87079, 3.24157, 6.87079], "texture": "#1"},
				"down": {"uv": [4.51685, 6.37079, 4.74157, 9.37079], "texture": "#1"}
			}
		},
		{
			"from": [-2, 1.98047, 15],
			"to": [18, 28, 16],
			"faces": {
				"north": {"uv": [10.01685, 8.87079, 13.66854, 10.25281], "texture": "#1"},
				"east": {"uv": [8.51685, 1.37079, 8.74157, 3.75281], "texture": "#1"},
				"south": {"uv": [3.01685, 3.37079, 6.24157, 7.87079], "texture": "#1"},
				"west": {"uv": [10.01685, 3.37079, 11.74157, 7.25281], "texture": "#1"},
				"up": {"uv": [5.01685, 3.87079, 9.66854, 6.87079], "texture": "#1"},
				"down": {"uv": [4.51685, 6.37079, 11.16854, 9.37079], "texture": "#1"}
			}
		},
		{
			"from": [-4, -1, 5],
			"to": [20, 0, 15],
			"faces": {
				"north": {"uv": [0, 0, 16, 1], "texture": "#1"},
				"east": {"uv": [0, 0, 10, 1], "texture": "#1"},
				"south": {"uv": [0, 0, 16, 1], "texture": "#1"},
				"west": {"uv": [0, 0, 10, 1], "texture": "#1"},
				"up": {"uv": [0, 0, 16, 10], "texture": "#1"},
				"down": {"uv": [0, 0, 16, 10], "texture": "#1"}
			}
		},
		{
			"from": [0, -1, 3],
			"to": [16, 0, 5],
			"faces": {
				"north": {"uv": [0, 0, 16, 1], "texture": "#1"},
				"east": {"uv": [0, 0, 2, 1], "texture": "#1"},
				"south": {"uv": [0, 0, 16, 1], "texture": "#1"},
				"west": {"uv": [0, 0, 2, 1], "texture": "#1"},
				"up": {"uv": [0, 0, 16, 2], "texture": "#1"},
				"down": {"uv": [0, 0, 16, 2], "texture": "#1"}
			}
		},
		{
			"from": [16, -1, 3],
			"to": [18, 0, 5],
			"faces": {
				"north": {"uv": [0, 0, 2, 1], "texture": "#1"},
				"east": {"uv": [0, 0, 2, 1], "texture": "#1"},
				"south": {"uv": [0, 0, 2, 1], "texture": "#1"},
				"west": {"uv": [0, 0, 2, 1], "texture": "#1"},
				"up": {"uv": [0, 0, 2, 2], "texture": "#1"},
				"down": {"uv": [0, 0, 2, 2], "texture": "#1"}
			}
		},
		{
			"from": [-3, -1, 4],
			"to": [-2, 0, 5],
			"faces": {
				"north": {"uv": [0, 0, 1, 1], "texture": "#1"},
				"east": {"uv": [0, 0, 1, 1], "texture": "#1"},
				"south": {"uv": [0, 0, 1, 1], "texture": "#1"},
				"west": {"uv": [0, 0, 1, 1], "texture": "#1"},
				"up": {"uv": [0, 0, 1, 1], "texture": "#1"},
				"down": {"uv": [0, 0, 1, 1], "texture": "#1"}
			}
		},
		{
			"from": [18, -1, 4],
			"to": [19, 0, 5],
			"faces": {
				"north": {"uv": [0, 0, 1, 1], "texture": "#1"},
				"east": {"uv": [0, 0, 1, 1], "texture": "#1"},
				"south": {"uv": [0, 0, 1, 1], "texture": "#1"},
				"west": {"uv": [0, 0, 1, 1], "texture": "#1"},
				"up": {"uv": [0, 0, 1, 1], "texture": "#1"},
				"down": {"uv": [0, 0, 1, 1], "texture": "#1"}
			}
		},
		{
			"from": [-2, -1, 3],
			"to": [0, 0, 5],
			"faces": {
				"north": {"uv": [0, 0, 2, 1], "texture": "#1"},
				"east": {"uv": [0, 0, 2, 1], "texture": "#1"},
				"south": {"uv": [0, 0, 2, 1], "texture": "#1"},
				"west": {"uv": [0, 0, 2, 1], "texture": "#1"},
				"up": {"uv": [0, 0, 2, 2], "texture": "#1"},
				"down": {"uv": [0, 0, 2, 2], "texture": "#1"}
			}
		},
		{
			"from": [-2, 0, 2],
			"to": [18, 2, 4],
			"faces": {
				"north": {"uv": [0, 0, 16, 2], "texture": "#1"},
				"east": {"uv": [0, 0, 2, 2], "texture": "#1"},
				"south": {"uv": [0, 0, 16, 2], "texture": "#1"},
				"west": {"uv": [0, 0, 2, 2], "texture": "#1"},
				"up": {"uv": [0, 0, 16, 2], "texture": "#1"},
				"down": {"uv": [0, 0, 16, 2], "texture": "#1"}
			}
		},
		{
			"from": [20, 0, 5],
			"to": [21, 2, 15],
			"faces": {
				"north": {"uv": [0, 0, 1, 2], "texture": "#1"},
				"east": {"uv": [0, 0, 10, 2], "texture": "#1"},
				"south": {"uv": [0, 0, 1, 2], "texture": "#1"},
				"west": {"uv": [0, 0, 10, 2], "texture": "#1"},
				"up": {"uv": [0, 0, 1, 10], "texture": "#1"},
				"down": {"uv": [0, 0, 1, 10], "texture": "#1"}
			}
		},
		{
			"from": [19, 0, 4],
			"to": [20, 2, 5],
			"faces": {
				"north": {"uv": [0, 0, 1, 2], "texture": "#1"},
				"east": {"uv": [0, 0, 1, 2], "texture": "#1"},
				"south": {"uv": [0, 0, 1, 2], "texture": "#1"},
				"west": {"uv": [0, 0, 1, 2], "texture": "#1"},
				"up": {"uv": [0, 0, 1, 1], "texture": "#1"},
				"down": {"uv": [0, 0, 1, 1], "texture": "#1"}
			}
		},
		{
			"from": [19, 0, 15],
			"to": [20, 2, 16],
			"faces": {
				"north": {"uv": [0, 0, 1, 2], "texture": "#1"},
				"east": {"uv": [0, 0, 1, 2], "texture": "#1"},
				"south": {"uv": [0, 0, 1, 2], "texture": "#1"},
				"west": {"uv": [0, 0, 1, 2], "texture": "#1"},
				"up": {"uv": [0, 0, 1, 1], "texture": "#1"},
				"down": {"uv": [0, 0, 1, 1], "texture": "#1"}
			}
		},
		{
			"from": [-4, 0, 15],
			"to": [-3, 2, 16],
			"faces": {
				"north": {"uv": [0, 0, 1, 2], "texture": "#1"},
				"east": {"uv": [0, 0, 1, 2], "texture": "#1"},
				"south": {"uv": [0, 0, 1, 2], "texture": "#1"},
				"west": {"uv": [0, 0, 1, 2], "texture": "#1"},
				"up": {"uv": [0, 0, 1, 1], "texture": "#1"},
				"down": {"uv": [0, 0, 1, 1], "texture": "#1"}
			}
		},
		{
			"from": [-4, 0, 4],
			"to": [-3, 2, 5],
			"faces": {
				"north": {"uv": [0, 0, 1, 2], "texture": "#1"},
				"east": {"uv": [0, 0, 1, 2], "texture": "#1"},
				"south": {"uv": [0, 0, 1, 2], "texture": "#1"},
				"west": {"uv": [0, 0, 1, 2], "texture": "#1"},
				"up": {"uv": [0, 0, 1, 1], "texture": "#1"},
				"down": {"uv": [0, 0, 1, 1], "texture": "#1"}
			}
		},
		{
			"from": [-5, 0, 5],
			"to": [-4, 2, 15],
			"faces": {
				"north": {"uv": [0, 0, 1, 2], "texture": "#1"},
				"east": {"uv": [0, 0, 10, 2], "texture": "#1"},
				"south": {"uv": [0, 0, 1, 2], "texture": "#1"},
				"west": {"uv": [0, 0, 10, 2], "texture": "#1"},
				"up": {"uv": [0, 0, 1, 10], "texture": "#1"},
				"down": {"uv": [0, 0, 1, 10], "texture": "#1"}
			}
		},
		{
			"from": [-3, 0, 3],
			"to": [19, 2, 16],
			"faces": {
				"north": {"uv": [0, 0, 16, 2], "texture": "#1"},
				"east": {"uv": [0, 0, 13, 2], "texture": "#1"},
				"south": {"uv": [0, 0, 16, 2], "texture": "#1"},
				"west": {"uv": [0, 0, 13, 2], "texture": "#1"},
				"up": {"uv": [0, 0, 16, 13], "texture": "#1"},
				"down": {"uv": [0, 0, 16, 13], "texture": "#1"}
			}
		}
	],
	"display": {
		"thirdperson_righthand": {
			"rotation": [-111, 0, -180],
			"translation": [-6, -10.75, 4.25],
			"scale": [0.5, 0.5, 0.5]
		},
		"thirdperson_lefthand": {
			"rotation": [-111, 0, -180],
			"translation": [-6, -10.75, 4.25],
			"scale": [0.5, 0.5, 0.5]
		},
		"firstperson_righthand": {
			"translation": [0, -80, 0]
		},
		"firstperson_lefthand": {
			"translation": [0, -80, 0]
		},
		"gui": {
			"rotation": [-180, 34, -180],
			"translation": [-1, -3.25, 0],
			"scale": [0.45, 0.45, 0.45]
		},
		"head": {
			"rotation": [180, 0, 180],
			"translation": [0, -23, 11],
			"scale": [0.72852, 0.80859, 1]
		}
	},
	"groups": [
		0,
		1,
		2,
		3,
		4,
		5,
		6,
		7,
		8,
		9,
		10,
		11,
		12,
		{
			"name": "group",
			"origin": [0, 0, 0],
			"color": 0,
			"children": [13, 14, 15, 16, 17, 18, 19, 20, 21]
		},
		{
			"name": "group",
			"origin": [0, 0, 0],
			"color": 0,
			"children": [22, 23, 24, 25, 26, 27, 28, 29, 30, 31, 32, 33, 34, 35]
		}
	]
}