{
	"credit": "Made with Blockbench",
	"textures": {
		"0": "block/anvil",
		"2": "block/spruce_planks",
		"particle": "block/anvil"
	},
	"elements": [
		{
			"from": [3.73934, 4.56346, -15.15431],
			"to": [5.8884, 5.37664, -13.95791],
			"rotation": {"angle": 0, "axis": "y", "origin": [9.51147, -4.30904, -16.55486]},
			"faces": {
				"north": {"uv": [0, 0, 9.5, 3.5], "texture": "#0"},
				"east": {"uv": [0, 0, 9.5, 3.5], "texture": "#0"},
				"south": {"uv": [0, 0, 9.5, 3.5], "texture": "#0"},
				"west": {"uv": [0, 0, 9.5, 3.5], "texture": "#0"},
				"up": {"uv": [0, 0, 9.5, 6], "texture": "#0"},
				"down": {"uv": [0, 0, 9.5, 6], "texture": "#0"}
			}
		},
		{
			"from": [2.82934, 4.10846, -15.18986],
			"to": [4.0684, 4.92164, -13.9508],
			"rotation": {"angle": 0, "axis": "y", "origin": [9.51147, -4.30904, -16.55486]},
			"faces": {
				"north": {"uv": [0, 0, 9.5, 3.5], "texture": "#0"},
				"east": {"uv": [0, 0, 9.5, 3.5], "texture": "#0"},
				"south": {"uv": [0, 0, 9.5, 3.5], "texture": "#0"},
				"west": {"uv": [0, 0, 9.5, 3.5], "texture": "#0"},
				"up": {"uv": [0, 0, 9.5, 6], "texture": "#0"},
				"down": {"uv": [0, 0, 9.5, 6], "texture": "#0"}
			}
		},
		{
			"from": [0.72497, 4.56346, -15.18986],
			"to": [1.96402, 5.83164, -13.9508],
			"rotation": {"angle": 0, "axis": "y", "origin": [9.51147, -4.30904, -16.55486]},
			"faces": {
				"north": {"uv": [0, 0, 9.5, 3.5], "texture": "#0"},
				"east": {"uv": [0, 0, 9.5, 3.5], "texture": "#0"},
				"south": {"uv": [0, 0, 9.5, 3.5], "texture": "#0"},
				"west": {"uv": [0, 0, 9.5, 3.5], "texture": "#0"},
				"up": {"uv": [0, 0, 9.5, 6], "texture": "#0"},
				"down": {"uv": [0, 0, 9.5, 6], "texture": "#0"}
			}
		},
		{
			"from": [1.63497, 1.83346, -15.15431],
			"to": [2.87402, 4.92164, -13.95791],
			"rotation": {"angle": 0, "axis": "y", "origin": [9.51147, -4.30904, -16.55486]},
			"faces": {
				"north": {"uv": [0, 0, 9.5, 3.5], "texture": "#0"},
				"east": {"uv": [0, 0, 9.5, 3.5], "texture": "#0"},
				"south": {"uv": [0, 0, 9.5, 3.5], "texture": "#0"},
				"west": {"uv": [0, 0, 9.5, 3.5], "texture": "#0"},
				"up": {"uv": [0, 0, 9.5, 6], "texture": "#0"},
				"down": {"uv": [0, 0, 9.5, 6], "texture": "#0"}
			}
		},
		{
			"from": [0.78184, -0.78279, -15.18986],
			"to": [2.0209, 2.30539, -13.9508],
			"rotation": {"angle": 0, "axis": "y", "origin": [9.51147, -4.30904, -16.55486]},
			"faces": {
				"north": {"uv": [0, 0, 9.5, 3.5], "texture": "#0"},
				"east": {"uv": [0, 0, 9.5, 3.5], "texture": "#0"},
				"south": {"uv": [0, 0, 9.5, 3.5], "texture": "#0"},
				"west": {"uv": [0, 0, 9.5, 3.5], "texture": "#0"},
				"up": {"uv": [0, 0, 9.5, 6], "texture": "#0"},
				"down": {"uv": [0, 0, 9.5, 6], "texture": "#0"}
			}
		},
		{
			"from": [-0.01441, -3.39904, -15.15431],
			"to": [1.22465, -0.31086, -13.95791],
			"rotation": {"angle": 0, "axis": "y", "origin": [9.51147, -4.30904, -16.55486]},
			"faces": {
				"north": {"uv": [0, 0, 9.5, 3.5], "texture": "#0"},
				"east": {"uv": [0, 0, 9.5, 3.5], "texture": "#0"},
				"south": {"uv": [0, 0, 9.5, 3.5], "texture": "#0"},
				"west": {"uv": [0, 0, 9.5, 3.5], "texture": "#0"},
				"up": {"uv": [0, 0, 9.5, 6], "texture": "#0"},
				"down": {"uv": [0, 0, 9.5, 6], "texture": "#0"}
			}
		},
		{
			"from": [-0.46941, -4.30904, -15.64486],
			"to": [1.67965, -3.04086, -13.4958],
			"rotation": {"angle": 0, "axis": "y", "origin": [9.51147, -4.30904, -16.55486]},
			"faces": {
				"north": {"uv": [0, 0, 9.5, 3.5], "texture": "#0"},
				"east": {"uv": [0, 0, 9.5, 3.5], "texture": "#0"},
				"south": {"uv": [0, 0, 9.5, 3.5], "texture": "#0"},
				"west": {"uv": [0, 0, 9.5, 3.5], "texture": "#0"},
				"up": {"uv": [0, 0, 9.5, 6], "texture": "#0"},
				"down": {"uv": [0, 0, 9.5, 6], "texture": "#0"}
			}
		},
		{
			"from": [4.36497, 5.35971, -15.18986],
			"to": [4.86465, 7.19664, -13.9508],
			"rotation": {"angle": 0, "axis": "y", "origin": [9.51147, -4.30904, -16.55486]},
			"faces": {
				"north": {"uv": [0, 0, 9.5, 3.5], "texture": "#0"},
				"east": {"uv": [0, 0, 9.5, 3.5], "texture": "#0"},
				"south": {"uv": [0, 0, 9.5, 3.5], "texture": "#0"},
				"west": {"uv": [0, 0, 9.5, 3.5], "texture": "#0"},
				"up": {"uv": [0, 0, 9.5, 6], "texture": "#0"},
				"down": {"uv": [0, 0, 9.5, 6], "texture": "#0"}
			}
		},
		{
			"from": [6.41247, 5.81471, -15.15431],
			"to": [6.91215, 7.19664, -13.95791],
			"rotation": {"angle": 0, "axis": "y", "origin": [0.79877, -4.30904, -16.55486]},
			"faces": {
				"north": {"uv": [9.5, 0, 0, 3.5], "texture": "#0"},
				"east": {"uv": [9.5, 0, 0, 3.5], "texture": "#0"},
				"south": {"uv": [9.5, 0, 0, 3.5], "texture": "#0"},
				"west": {"uv": [9.5, 0, 0, 3.5], "texture": "#0"},
				"up": {"uv": [9.5, 0, 0, 6], "texture": "#0"},
				"down": {"uv": [9.5, 0, 0, 6], "texture": "#0"}
			}
		},
		{
			"from": [7.37934, 4.56346, -15.15431],
			"to": [9.5284, 5.37664, -13.95791],
			"rotation": {"angle": 0, "axis": "y", "origin": [0.79877, -4.30904, -16.55486]},
			"faces": {
				"north": {"uv": [9.5, 0, 0, 3.5], "texture": "#0"},
				"east": {"uv": [9.5, 0, 0, 3.5], "texture": "#0"},
				"south": {"uv": [9.5, 0, 0, 3.5], "texture": "#0"},
				"west": {"uv": [9.5, 0, 0, 3.5], "texture": "#0"},
				"up": {"uv": [9.5, 0, 0, 6], "texture": "#0"},
				"down": {"uv": [9.5, 0, 0, 6], "texture": "#0"}
			}
		},
		{
			"from": [9.19934, 4.10846, -15.18986],
			"to": [10.4384, 4.92164, -13.9508],
			"rotation": {"angle": 0, "axis": "y", "origin": [0.79877, -4.30904, -16.55486]},
			"faces": {
				"north": {"uv": [9.5, 0, 0, 3.5], "texture": "#0"},
				"east": {"uv": [9.5, 0, 0, 3.5], "texture": "#0"},
				"south": {"uv": [9.5, 0, 0, 3.5], "texture": "#0"},
				"west": {"uv": [9.5, 0, 0, 3.5], "texture": "#0"},
				"up": {"uv": [9.5, 0, 0, 6], "texture": "#0"},
				"down": {"uv": [9.5, 0, 0, 6], "texture": "#0"}
			}
		},
		{
			"from": [11.24684, -0.78279, -15.18986],
			"to": [12.4859, 2.30539, -13.9508],
			"rotation": {"angle": 0, "axis": "y", "origin": [0.79877, -4.30904, -16.55486]},
			"faces": {
				"north": {"uv": [9.5, 0, 0, 3.5], "texture": "#0"},
				"east": {"uv": [9.5, 0, 0, 3.5], "texture": "#0"},
				"south": {"uv": [9.5, 0, 0, 3.5], "texture": "#0"},
				"west": {"uv": [9.5, 0, 0, 3.5], "texture": "#0"},
				"up": {"uv": [9.5, 0, 0, 6], "texture": "#0"},
				"down": {"uv": [9.5, 0, 0, 6], "texture": "#0"}
			}
		},
		{
			"from": [12.04309, -3.39904, -15.15431],
			"to": [13.28215, -0.31086, -13.95791],
			"rotation": {"angle": 0, "axis": "y", "origin": [0.79877, -4.30904, -16.55486]},
			"faces": {
				"north": {"uv": [9.5, 0, 0, 3.5], "texture": "#0"},
				"east": {"uv": [9.5, 0, 0, 3.5], "texture": "#0"},
				"south": {"uv": [9.5, 0, 0, 3.5], "texture": "#0"},
				"west": {"uv": [9.5, 0, 0, 3.5], "texture": "#0"},
				"up": {"uv": [9.5, 0, 0, 6], "texture": "#0"},
				"down": {"uv": [9.5, 0, 0, 6], "texture": "#0"}
			}
		},
		{
			"from": [11.58809, -4.30904, -15.64486],
			"to": [13.73715, -3.04086, -13.4958],
			"rotation": {"angle": 0, "axis": "y", "origin": [0.79877, -4.30904, -16.55486]},
			"faces": {
				"north": {"uv": [9.5, 0, 0, 3.5], "texture": "#0"},
				"east": {"uv": [9.5, 0, 0, 3.5], "texture": "#0"},
				"south": {"uv": [9.5, 0, 0, 3.5], "texture": "#0"},
				"west": {"uv": [9.5, 0, 0, 3.5], "texture": "#0"},
				"up": {"uv": [9.5, 0, 0, 6], "texture": "#0"},
				"down": {"uv": [9.5, 0, 0, 6], "texture": "#0"}
			}
		},
		{
			"from": [10.39372, 1.83346, -15.15431],
			"to": [11.63277, 4.92164, -13.95791],
			"rotation": {"angle": 0, "axis": "y", "origin": [0.79877, -4.30904, -16.55486]},
			"faces": {
				"north": {"uv": [9.5, 0, 0, 3.5], "texture": "#0"},
				"east": {"uv": [9.5, 0, 0, 3.5], "texture": "#0"},
				"south": {"uv": [9.5, 0, 0, 3.5], "texture": "#0"},
				"west": {"uv": [9.5, 0, 0, 3.5], "texture": "#0"},
				"up": {"uv": [9.5, 0, 0, 6], "texture": "#0"},
				"down": {"uv": [9.5, 0, 0, 6], "texture": "#0"}
			}
		},
		{
			"from": [10.22309, 4.90471, -15.18986],
			"to": [10.72277, 7.19664, -13.9508],
			"rotation": {"angle": 0, "axis": "y", "origin": [0.79877, -4.30904, -16.55486]},
			"faces": {
				"north": {"uv": [9.5, 0, 0, 3.5], "texture": "#0"},
				"east": {"uv": [9.5, 0, 0, 3.5], "texture": "#0"},
				"south": {"uv": [9.5, 0, 0, 3.5], "texture": "#0"},
				"west": {"uv": [9.5, 0, 0, 3.5], "texture": "#0"},
				"up": {"uv": [9.5, 0, 0, 6], "texture": "#0"},
				"down": {"uv": [9.5, 0, 0, 6], "texture": "#0"}
			}
		},
		{
			"from": [8.40309, 5.35971, -15.18986],
			"to": [8.90277, 7.19664, -13.9508],
			"rotation": {"angle": 0, "axis": "y", "origin": [0.79877, -4.30904, -16.55486]},
			"faces": {
				"north": {"uv": [9.5, 0, 0, 3.5], "texture": "#0"},
				"east": {"uv": [9.5, 0, 0, 3.5], "texture": "#0"},
				"south": {"uv": [9.5, 0, 0, 3.5], "texture": "#0"},
				"west": {"uv": [9.5, 0, 0, 3.5], "texture": "#0"},
				"up": {"uv": [9.5, 0, 0, 6], "texture": "#0"},
				"down": {"uv": [9.5, 0, 0, 6], "texture": "#0"}
			}
		},
		{
			"from": [-0.18503, 5.70096, -15.15431],
			"to": [1.05402, 7.19664, -13.95791],
			"rotation": {"angle": 0, "axis": "y", "origin": [9.51147, -4.30904, -16.55486]},
			"faces": {
				"north": {"uv": [0, 0, 9.5, 3.5], "texture": "#0"},
				"east": {"uv": [0, 0, 9.5, 3.5], "texture": "#0"},
				"south": {"uv": [0, 0, 9.5, 3.5], "texture": "#0"},
				"west": {"uv": [0, 0, 9.5, 3.5], "texture": "#0"},
				"up": {"uv": [0, 0, 9.5, 6], "texture": "#0"},
				"down": {"uv": [0, 0, 9.5, 6], "texture": "#0"}
			}
		},
		{
			"from": [2.54497, 4.90471, -15.18986],
			"to": [3.04465, 7.19664, -13.9508],
			"rotation": {"angle": 0, "axis": "y", "origin": [9.51147, -4.30904, -16.55486]},
			"faces": {
				"north": {"uv": [0, 0, 9.5, 3.5], "texture": "#0"},
				"east": {"uv": [0, 0, 9.5, 3.5], "texture": "#0"},
				"south": {"uv": [0, 0, 9.5, 3.5], "texture": "#0"},
				"west": {"uv": [0, 0, 9.5, 3.5], "texture": "#0"},
				"up": {"uv": [0, 0, 9.5, 6], "texture": "#0"},
				"down": {"uv": [0, 0, 9.5, 6], "texture": "#0"}
			}
		},
		{
			"from": [-0.18503, 7.17971, -15.18986],
			"to": [12.59965, 7.70851, -13.9508],
			"rotation": {"angle": 0, "axis": "y", "origin": [9.51147, -4.30904, -16.55486]},
			"faces": {
				"north": {"uv": [0, 0, 9.5, 3.5], "texture": "#0"},
				"east": {"uv": [0, 0, 9.5, 3.5], "texture": "#0"},
				"south": {"uv": [0, 0, 9.5, 3.5], "texture": "#0"},
				"west": {"uv": [0, 0, 9.5, 3.5], "texture": "#0"},
				"up": {"uv": [0, 0, 9.5, 6], "texture": "#0"},
				"down": {"uv": [0, 0, 9.5, 6], "texture": "#0"}
			}
		},
		{
			"from": [5.55934, 5.01846, -15.18986],
			"to": [7.7084, 5.83164, -13.9508],
			"rotation": {"angle": 0, "axis": "y", "origin": [0.79877, -4.30904, -16.55486]},
			"faces": {
				"north": {"uv": [9.5, 0, 0, 3.5], "texture": "#0"},
				"east": {"uv": [9.5, 0, 0, 3.5], "texture": "#0"},
				"south": {"uv": [9.5, 0, 0, 3.5], "texture": "#0"},
				"west": {"uv": [9.5, 0, 0, 3.5], "texture": "#0"},
				"up": {"uv": [9.5, 0, 0, 6], "texture": "#0"},
				"down": {"uv": [9.5, 0, 0, 6], "texture": "#0"}
			}
		},
		{
			"from": [12.21372, 2.28846, -15.15431],
			"to": [12.99777, 4.01164, -13.95791],
			"rotation": {"angle": 0, "axis": "y", "origin": [0.79877, -4.30904, -16.55486]},
			"faces": {
				"north": {"uv": [9.5, 0, 0, 3.5], "texture": "#0"},
				"east": {"uv": [9.5, 0, 0, 3.5], "texture": "#0"},
				"south": {"uv": [9.5, 0, 0, 3.5], "texture": "#0"},
				"west": {"uv": [9.5, 0, 0, 3.5], "texture": "#0"},
				"up": {"uv": [9.5, 0, 0, 6], "texture": "#0"},
				"down": {"uv": [9.5, 0, 0, 6], "texture": "#0"}
			}
		},
		{
			"from": [12.78247, 3.8312, -15.18986],
			"to": [13.7016, 4.45953, -13.9508],
			"rotation": {"angle": 0, "axis": "y", "origin": [0.79877, -4.30904, -16.55486]},
			"faces": {
				"north": {"uv": [9.5, 0, 0, 3.5], "texture": "#0"},
				"east": {"uv": [9.5, 0, 0, 3.5], "texture": "#0"},
				"south": {"uv": [9.5, 0, 0, 3.5], "texture": "#0"},
				"west": {"uv": [9.5, 0, 0, 3.5], "texture": "#0"},
				"up": {"uv": [9.5, 0, 0, 6], "texture": "#0"},
				"down": {"uv": [9.5, 0, 0, 6], "texture": "#0"}
			}
		},
		{
			"from": [14.247, 5.26729, -15.18986],
			"to": [15.16613, 6.45726, -13.9508],
			"rotation": {"angle": 0, "axis": "y", "origin": [0.79877, -4.30904, -16.55486]},
			"faces": {
				"north": {"uv": [9.5, 0, 0, 3.5], "texture": "#0"},
				"east": {"uv": [9.5, 0, 0, 3.5], "texture": "#0"},
				"south": {"uv": [9.5, 0, 0, 3.5], "texture": "#0"},
				"west": {"uv": [9.5, 0, 0, 3.5], "texture": "#0"},
				"up": {"uv": [9.5, 0, 0, 6], "texture": "#0"},
				"down": {"uv": [9.5, 0, 0, 6], "texture": "#0"}
			}
		},
		{
			"from": [12.01466, 2.17471, -15.21119],
			"to": [12.51434, 7.19664, -13.90104],
			"rotation": {"angle": 0, "axis": "y", "origin": [0.79877, -4.30904, -16.55486]},
			"faces": {
				"north": {"uv": [9.5, 0, 0, 3.5], "texture": "#0"},
				"east": {"uv": [9.5, 0, 0, 3.5], "texture": "#0"},
				"south": {"uv": [9.5, 0, 0, 3.5], "texture": "#0"},
				"west": {"uv": [9.5, 0, 0, 3.5], "texture": "#0"},
				"up": {"uv": [9.5, 0, 0, 6], "texture": "#0"},
				"down": {"uv": [9.5, 0, 0, 6], "texture": "#0"}
			}
		},
		{
			"from": [19.82277, 1.6344, -15.15431],
			"to": [22.25418, 2.1632, -13.95791],
			"rotation": {"angle": 45, "axis": "z", "origin": [9.51147, -4.30904, -16.55486]},
			"faces": {
				"north": {"uv": [0, 0, 9.5, 3.5], "texture": "#0"},
				"east": {"uv": [0, 0, 9.5, 3.5], "texture": "#0"},
				"south": {"uv": [0, 0, 9.5, 3.5], "texture": "#0"},
				"west": {"uv": [0, 0, 9.5, 3.5], "texture": "#0"},
				"up": {"uv": [0, 0, 9.5, 6], "texture": "#0"},
				"down": {"uv": [0, 0, 9.5, 6], "texture": "#0"}
			}
		},
		{
			"from": [13.77494, 8.95866, -15.18986],
			"to": [14.75874, 12.06546, -13.9508],
			"rotation": {"angle": 0, "axis": "z", "origin": [13.15147, 6.61096, -16.55486]},
			"faces": {
				"north": {"uv": [0, 0, 9.5, 3.5], "rotation": 90, "texture": "#0"},
				"east": {"uv": [0, 0, 9.5, 6], "rotation": 270, "texture": "#0"},
				"south": {"uv": [0, 0, 9.5, 3.5], "rotation": 270, "texture": "#0"},
				"west": {"uv": [0, 0, 9.5, 6], "rotation": 270, "texture": "#0"},
				"up": {"uv": [0, 0, 9.5, 3.5], "rotation": 270, "texture": "#0"},
				"down": {"uv": [0, 0, 9.5, 3.5], "rotation": 270, "texture": "#0"}
			}
		},
		{
			"from": [14.22994, 11.68866, -15.15431],
			"to": [15.21374, 14.34046, -13.95791],
			"rotation": {"angle": 0, "axis": "z", "origin": [13.15147, 6.61096, -16.55486]},
			"faces": {
				"north": {"uv": [0, 0, 9.5, 3.5], "rotation": 90, "texture": "#0"},
				"east": {"uv": [0, 0, 9.5, 6], "rotation": 270, "texture": "#0"},
				"south": {"uv": [0, 0, 9.5, 3.5], "rotation": 270, "texture": "#0"},
				"west": {"uv": [0, 0, 9.5, 6], "rotation": 270, "texture": "#0"},
				"up": {"uv": [0, 0, 9.5, 3.5], "rotation": 270, "texture": "#0"},
				"down": {"uv": [0, 0, 9.5, 3.5], "rotation": 270, "texture": "#0"}
			}
		},
		{
			"from": [14.68494, 14.03476, -15.18986],
			"to": [15.66874, 16.69366, -13.9508],
			"rotation": {"angle": 0, "axis": "z", "origin": [13.15147, 6.61096, -16.55486]},
			"faces": {
				"north": {"uv": [0, 0, 9.5, 3.5], "rotation": 90, "texture": "#0"},
				"east": {"uv": [0, 0, 9.5, 6], "rotation": 270, "texture": "#0"},
				"south": {"uv": [0, 0, 9.5, 3.5], "rotation": 270, "texture": "#0"},
				"west": {"uv": [0, 0, 9.5, 6], "rotation": 270, "texture": "#0"},
				"up": {"uv": [0, 0, 9.5, 3.5], "rotation": 270, "texture": "#0"},
				"down": {"uv": [0, 0, 9.5, 3.5], "rotation": 270, "texture": "#0"}
			}
		},
		{
			"from": [15.30994, 16.28866, -15.18986],
			"to": [16.29374, 18.94757, -13.9508],
			"rotation": {"angle": 0, "axis": "z", "origin": [13.15147, 6.61096, -16.55486]},
			"faces": {
				"north": {"uv": [0, 0, 9.5, 3.5], "rotation": 90, "texture": "#0"},
				"east": {"uv": [0, 0, 9.5, 6], "rotation": 270, "texture": "#0"},
				"south": {"uv": [0, 0, 9.5, 3.5], "rotation": 270, "texture": "#0"},
				"west": {"uv": [0, 0, 9.5, 6], "rotation": 270, "texture": "#0"},
				"up": {"uv": [0, 0, 9.5, 3.5], "rotation": 270, "texture": "#0"},
				"down": {"uv": [0, 0, 9.5, 3.5], "rotation": 270, "texture": "#0"}
			}
		},
		{
			"from": [15.77666, 18.71398, -15.15431],
			"to": [16.76046, 21.06718, -13.95791],
			"rotation": {"angle": 0, "axis": "z", "origin": [13.78819, 8.91565, -16.55486]},
			"faces": {
				"north": {"uv": [0, 0, 9.5, 3.5], "rotation": 90, "texture": "#0"},
				"east": {"uv": [0, 0, 9.5, 6], "rotation": 270, "texture": "#0"},
				"south": {"uv": [0, 0, 9.5, 3.5], "rotation": 270, "texture": "#0"},
				"west": {"uv": [0, 0, 9.5, 6], "rotation": 270, "texture": "#0"},
				"up": {"uv": [0, 0, 9.5, 3.5], "rotation": 270, "texture": "#0"},
				"down": {"uv": [0, 0, 9.5, 3.5], "rotation": 270, "texture": "#0"}
			}
		},
		{
			"from": [15.29322, 21.81366, -15.18986],
			"to": [16.27702, 23.82562, -13.9508],
			"rotation": {"angle": -45, "axis": "z", "origin": [14.69819, 20.74565, -16.55486]},
			"faces": {
				"north": {"uv": [0, 0, 9.5, 3.5], "rotation": 90, "texture": "#0"},
				"east": {"uv": [0, 0, 9.5, 6], "rotation": 270, "texture": "#0"},
				"south": {"uv": [0, 0, 9.5, 3.5], "rotation": 270, "texture": "#0"},
				"west": {"uv": [0, 0, 9.5, 6], "rotation": 270, "texture": "#0"},
				"up": {"uv": [0, 0, 9.5, 3.5], "rotation": 270, "texture": "#0"},
				"down": {"uv": [0, 0, 9.5, 3.5], "rotation": 270, "texture": "#0"}
			}
		},
		{
			"from": [14.52427, 6.1844, -15.15431],
			"to": [15.4434, 10.1968, -13.95791],
			"rotation": {"angle": 0, "axis": "y", "origin": [0.79877, -4.30904, -16.55486]},
			"faces": {
				"north": {"uv": [9.5, 0, 0, 3.5], "texture": "#0"},
				"east": {"uv": [9.5, 0, 0, 3.5], "texture": "#0"},
				"south": {"uv": [9.5, 0, 0, 3.5], "texture": "#0"},
				"west": {"uv": [9.5, 0, 0, 3.5], "texture": "#0"},
				"up": {"uv": [9.5, 0, 0, 6], "texture": "#0"},
				"down": {"uv": [9.5, 0, 0, 6], "texture": "#0"}
			}
		},
		{
			"from": [13.50762, 4.32885, -15.15431],
			"to": [14.42676, 5.51883, -13.95791],
			"rotation": {"angle": 0, "axis": "y", "origin": [0.79877, -4.30904, -16.55486]},
			"faces": {
				"north": {"uv": [9.5, 0, 0, 3.5], "texture": "#0"},
				"east": {"uv": [9.5, 0, 0, 3.5], "texture": "#0"},
				"south": {"uv": [9.5, 0, 0, 3.5], "texture": "#0"},
				"west": {"uv": [9.5, 0, 0, 3.5], "texture": "#0"},
				"up": {"uv": [9.5, 0, 0, 6], "texture": "#0"},
				"down": {"uv": [9.5, 0, 0, 6], "texture": "#0"}
			}
		},
		{
			"from": [13.37966, 4.37862, -15.21119],
			"to": [13.87934, 8.48344, -13.90104],
			"rotation": {"angle": 0, "axis": "y", "origin": [0.79877, -4.30904, -16.55486]},
			"faces": {
				"north": {"uv": [9.5, 0, 0, 3.5], "texture": "#0"},
				"east": {"uv": [9.5, 0, 0, 3.5], "texture": "#0"},
				"south": {"uv": [9.5, 0, 0, 3.5], "texture": "#0"},
				"west": {"uv": [9.5, 0, 0, 3.5], "texture": "#0"},
				"up": {"uv": [9.5, 0, 0, 6], "texture": "#0"},
				"down": {"uv": [9.5, 0, 0, 6], "texture": "#0"}
			}
		},
		{
			"from": [1.87669, 8.88596, -15.13299],
			"to": [11.68965, 9.41476, -14.01479],
			"rotation": {"angle": 0, "axis": "y", "origin": [9.51147, 9.34096, -16.55486]},
			"faces": {
				"north": {"uv": [0, 0, 9.5, 3.5], "texture": "#0"},
				"east": {"uv": [0, 0, 9.5, 3.5], "texture": "#0"},
				"south": {"uv": [0, 0, 9.5, 3.5], "texture": "#0"},
				"west": {"uv": [0, 0, 9.5, 3.5], "texture": "#0"},
				"up": {"uv": [0, 0, 9.5, 6], "texture": "#0"},
				"down": {"uv": [0, 0, 9.5, 6], "texture": "#0"}
			}
		},
		{
			"from": [0.96669, 11.4169, -15.18986],
			"to": [3.7627, 11.9457, -13.9508],
			"rotation": {"angle": 45, "axis": "z", "origin": [5.87147, 8.43096, -16.55486]},
			"faces": {
				"north": {"uv": [0, 0, 9.5, 3.5], "texture": "#0"},
				"east": {"uv": [0, 0, 9.5, 3.5], "texture": "#0"},
				"south": {"uv": [0, 0, 9.5, 3.5], "texture": "#0"},
				"west": {"uv": [0, 0, 9.5, 3.5], "texture": "#0"},
				"up": {"uv": [0, 0, 9.5, 6], "texture": "#0"},
				"down": {"uv": [0, 0, 9.5, 6], "texture": "#0"}
			}
		},
		{
			"from": [20.3895, 3.42596, -15.18986],
			"to": [22.08356, 3.95476, -13.9508],
			"rotation": {"angle": 45, "axis": "z", "origin": [9.51147, -4.30904, -16.55486]},
			"faces": {
				"north": {"uv": [0, 0, 9.5, 3.5], "texture": "#0"},
				"east": {"uv": [0, 0, 9.5, 3.5], "texture": "#0"},
				"south": {"uv": [0, 0, 9.5, 3.5], "texture": "#0"},
				"west": {"uv": [0, 0, 9.5, 3.5], "texture": "#0"},
				"up": {"uv": [0, 0, 9.5, 6], "texture": "#0"},
				"down": {"uv": [0, 0, 9.5, 6], "texture": "#0"}
			}
		},
		{
			"from": [12.38806, 10.00282, -15.13299],
			"to": [12.91686, 12.28695, -14.01479],
			"rotation": {"angle": 0, "axis": "z", "origin": [9.51147, 9.34096, -16.55486]},
			"faces": {
				"north": {"uv": [0, 0, 9.5, 3.5], "rotation": 90, "texture": "#0"},
				"east": {"uv": [0, 0, 9.5, 6], "rotation": 270, "texture": "#0"},
				"south": {"uv": [0, 0, 9.5, 3.5], "rotation": 270, "texture": "#0"},
				"west": {"uv": [0, 0, 9.5, 6], "rotation": 270, "texture": "#0"},
				"up": {"uv": [0, 0, 9.5, 3.5], "rotation": 270, "texture": "#0"},
				"down": {"uv": [0, 0, 9.5, 3.5], "rotation": 270, "texture": "#0"}
			}
		},
		{
			"from": [12.77908, 12.1854, -15.18986],
			"to": [13.30788, 14.46953, -13.9508],
			"rotation": {"angle": 0, "axis": "z", "origin": [9.51147, 9.34096, -16.55486]},
			"faces": {
				"north": {"uv": [0, 0, 9.5, 3.5], "rotation": 90, "texture": "#0"},
				"east": {"uv": [0, 0, 9.5, 6], "rotation": 270, "texture": "#0"},
				"south": {"uv": [0, 0, 9.5, 3.5], "rotation": 270, "texture": "#0"},
				"west": {"uv": [0, 0, 9.5, 6], "rotation": 270, "texture": "#0"},
				"up": {"uv": [0, 0, 9.5, 3.5], "rotation": 270, "texture": "#0"},
				"down": {"uv": [0, 0, 9.5, 3.5], "rotation": 270, "texture": "#0"}
			}
		},
		{
			"from": [13.13455, 14.3111, -15.13299],
			"to": [13.66335, 16.59523, -14.01479],
			"rotation": {"angle": 0, "axis": "z", "origin": [9.51147, 9.34096, -16.55486]},
			"faces": {
				"north": {"uv": [0, 0, 9.5, 3.5], "rotation": 90, "texture": "#0"},
				"east": {"uv": [0, 0, 9.5, 6], "rotation": 270, "texture": "#0"},
				"south": {"uv": [0, 0, 9.5, 3.5], "rotation": 270, "texture": "#0"},
				"west": {"uv": [0, 0, 9.5, 6], "rotation": 270, "texture": "#0"},
				"up": {"uv": [0, 0, 9.5, 3.5], "rotation": 270, "texture": "#0"},
				"down": {"uv": [0, 0, 9.5, 3.5], "rotation": 270, "texture": "#0"}
			}
		},
		{
			"from": [13.48291, 16.48657, -15.18986],
			"to": [14.01171, 18.7707, -13.9508],
			"rotation": {"angle": 0, "axis": "z", "origin": [9.51147, 9.34096, -16.55486]},
			"faces": {
				"north": {"uv": [0, 0, 9.5, 3.5], "rotation": 90, "texture": "#0"},
				"east": {"uv": [0, 0, 9.5, 6], "rotation": 270, "texture": "#0"},
				"south": {"uv": [0, 0, 9.5, 3.5], "rotation": 270, "texture": "#0"},
				"west": {"uv": [0, 0, 9.5, 6], "rotation": 270, "texture": "#0"},
				"up": {"uv": [0, 0, 9.5, 3.5], "rotation": 270, "texture": "#0"},
				"down": {"uv": [0, 0, 9.5, 3.5], "rotation": 270, "texture": "#0"}
			}
		},
		{
			"from": [13.88916, 18.31469, -15.18986],
			"to": [14.41796, 21.07539, -13.9508],
			"rotation": {"angle": 0, "axis": "z", "origin": [9.51147, 9.34096, -16.55486]},
			"faces": {
				"north": {"uv": [0, 0, 9.5, 3.5], "rotation": 90, "texture": "#0"},
				"east": {"uv": [0, 0, 9.5, 6], "rotation": 270, "texture": "#0"},
				"south": {"uv": [0, 0, 9.5, 3.5], "rotation": 270, "texture": "#0"},
				"west": {"uv": [0, 0, 9.5, 6], "rotation": 270, "texture": "#0"},
				"up": {"uv": [0, 0, 9.5, 3.5], "rotation": 270, "texture": "#0"},
				"down": {"uv": [0, 0, 9.5, 3.5], "rotation": 270, "texture": "#0"}
			}
		},
		{
			"from": [14.20833, 20.39018, -15.13299],
			"to": [17.39535, 20.91898, -14.01479],
			"rotation": {"angle": 22.5, "axis": "z", "origin": [13.78819, 20.74565, -16.55486]},
			"faces": {
				"north": {"uv": [0, 0, 9.5, 3.5], "texture": "#0"},
				"east": {"uv": [0, 0, 9.5, 3.5], "texture": "#0"},
				"south": {"uv": [0, 0, 9.5, 3.5], "texture": "#0"},
				"west": {"uv": [0, 0, 9.5, 3.5], "texture": "#0"},
				"up": {"uv": [0, 0, 9.5, 6], "texture": "#0"},
				"down": {"uv": [0, 0, 9.5, 6], "texture": "#0"}
			}
		},
		{
			"from": [13.37627, 9.9175, -16],
			"to": [13.90507, 11.78219, 32],
			"rotation": {"angle": 0, "axis": "z", "origin": [9.51147, -4.30904, -15.37486]},
			"faces": {
				"north": {"uv": [0, 0, 1.5, 16], "rotation": 90, "texture": "#2"},
				"east": {"uv": [0, 0, 1.5, 16], "rotation": 270, "texture": "#2"},
				"south": {"uv": [0, 0, 1.5, 16], "rotation": 270, "texture": "#2"},
				"west": {"uv": [5.5, 12, 7, 15], "rotation": 270, "texture": "#2"},
				"up": {"uv": [0, 12, 1.5, 15], "rotation": 270, "texture": "#2"},
				"down": {"uv": [0, 0, 1.5, 16], "rotation": 270, "texture": "#2"}
			}
		},
		{
			"from": [10.08802, 7.67737, -16],
			"to": [11.9527, 8.20617, 32],
			"rotation": {"angle": 0, "axis": "y", "origin": [9.51147, -4.30904, -15.37486]},
			"faces": {
				"north": {"uv": [0, 0, 1.5, 16], "texture": "#2"},
				"east": {"uv": [0, 0, 1.5, 16], "texture": "#2"},
				"south": {"uv": [0, 0, 1.5, 16], "texture": "#2"},
				"west": {"uv": [0, 12, 1.5, 15], "texture": "#2"},
				"up": {"uv": [8, 12, 9.5, 15], "texture": "#2"},
				"down": {"uv": [0, 0, 1.5, 16], "texture": "#2"}
			}
		},
		{
			"from": [20.30419, 1.98276, -16],
			"to": [22.16887, 2.51156, 32],
			"rotation": {"angle": 45, "axis": "z", "origin": [9.51147, -4.30904, -15.37486]},
			"faces": {
				"north": {"uv": [0, 0, 1.5, 16], "texture": "#2"},
				"east": {"uv": [0, 0, 1.5, 16], "texture": "#2"},
				"south": {"uv": [0, 0, 1.5, 16], "texture": "#2"},
				"west": {"uv": [0, 12, 1.5, 15], "texture": "#2"},
				"up": {"uv": [8, 12, 9.5, 15], "texture": "#2"},
				"down": {"uv": [0, 0, 1.5, 16], "texture": "#2"}
			}
		},
		{
			"from": [7.81302, 7.67737, -16],
			"to": [9.6777, 8.20617, 32],
			"rotation": {"angle": 0, "axis": "y", "origin": [9.51147, -4.30904, -15.37486]},
			"faces": {
				"north": {"uv": [0, 0, 1.5, 16], "texture": "#2"},
				"east": {"uv": [0, 0, 1.5, 16], "texture": "#2"},
				"south": {"uv": [0, 0, 1.5, 16], "texture": "#2"},
				"west": {"uv": [0, 12, 1.5, 15], "texture": "#2"},
				"up": {"uv": [9.5, 12, 11, 15], "texture": "#2"},
				"down": {"uv": [0, 0, 1.5, 16], "texture": "#2"}
			}
		},
		{
			"from": [5.53802, 7.67737, -16],
			"to": [7.4027, 8.20617, 32],
			"rotation": {"angle": 0, "axis": "y", "origin": [9.51147, -4.30904, -15.37486]},
			"faces": {
				"north": {"uv": [0, 0, 1.5, 16], "texture": "#2"},
				"east": {"uv": [0, 0, 1.5, 16], "texture": "#2"},
				"south": {"uv": [0, 0, 1.5, 16], "texture": "#2"},
				"west": {"uv": [0, 12, 1.5, 15], "texture": "#2"},
				"up": {"uv": [11, 12, 12.5, 15], "texture": "#2"},
				"down": {"uv": [0, 0, 1.5, 16], "texture": "#2"}
			}
		},
		{
			"from": [3.26302, 7.67737, -16],
			"to": [5.1277, 8.20617, 32],
			"rotation": {"angle": 0, "axis": "y", "origin": [9.51147, -4.30904, -15.37486]},
			"faces": {
				"north": {"uv": [0, 0, 1.5, 16], "texture": "#2"},
				"east": {"uv": [0, 0, 1.5, 16], "texture": "#2"},
				"south": {"uv": [0, 0, 1.5, 16], "texture": "#2"},
				"west": {"uv": [0, 12, 1.5, 15], "texture": "#2"},
				"up": {"uv": [6, 12, 7.5, 15], "texture": "#2"},
				"down": {"uv": [0, 0, 1.5, 16], "texture": "#2"}
			}
		},
		{
			"from": [0.98802, 7.67737, -16],
			"to": [2.8527, 8.20617, 32],
			"rotation": {"angle": 0, "axis": "y", "origin": [9.51147, -4.30904, -15.37486]},
			"faces": {
				"north": {"uv": [0, 0, 1.5, 16], "texture": "#2"},
				"east": {"uv": [0, 0, 1.5, 16], "texture": "#2"},
				"south": {"uv": [0, 0, 1.5, 16], "texture": "#2"},
				"west": {"uv": [0, 12, 1.5, 15], "texture": "#2"},
				"up": {"uv": [14.5, 12, 16, 15], "texture": "#2"},
				"down": {"uv": [0, 0, 1.5, 16], "texture": "#2"}
			}
		},
		{
			"from": [4.05927, 10.14432, -16],
			"to": [5.92395, 10.67312, 32],
			"rotation": {"angle": 22.5, "axis": "z", "origin": [9.51147, -4.30904, -15.37486]},
			"faces": {
				"north": {"uv": [0, 0, 1.5, 16], "texture": "#2"},
				"east": {"uv": [0, 0, 1.5, 16], "texture": "#2"},
				"south": {"uv": [0, 0, 1.5, 16], "texture": "#2"},
				"west": {"uv": [0, 12, 1.5, 15], "texture": "#2"},
				"up": {"uv": [5.5, 12, 7, 15], "texture": "#2"},
				"down": {"uv": [0, 0, 1.5, 16], "texture": "#2"}
			}
		},
		{
			"from": [16.03916, 22.40993, -16],
			"to": [16.56796, 24.27461, 32],
			"rotation": {"angle": -45, "axis": "z", "origin": [14.69819, 22.56565, -15.37486]},
			"faces": {
				"north": {"uv": [0, 0, 1.5, 16], "rotation": 90, "texture": "#2"},
				"east": {"uv": [0, 0, 1.5, 16], "rotation": 270, "texture": "#2"},
				"south": {"uv": [0, 0, 1.5, 16], "rotation": 270, "texture": "#2"},
				"west": {"uv": [9.5, 12, 11, 15], "rotation": 270, "texture": "#2"},
				"up": {"uv": [0, 12, 1.5, 15], "rotation": 270, "texture": "#2"},
				"down": {"uv": [0, 0, 1.5, 16], "rotation": 270, "texture": "#2"}
			}
		},
		{
			"from": [15.28556, 19.04719, -16],
			"to": [15.81436, 20.91187, 32],
			"rotation": {"angle": 0, "axis": "z", "origin": [10.14819, -2.00435, -15.37486]},
			"faces": {
				"north": {"uv": [0, 0, 1.5, 16], "rotation": 90, "texture": "#2"},
				"east": {"uv": [0, 0, 1.5, 16], "rotation": 270, "texture": "#2"},
				"south": {"uv": [0, 0, 1.5, 16], "rotation": 270, "texture": "#2"},
				"west": {"uv": [11, 12, 12.5, 15], "rotation": 270, "texture": "#2"},
				"up": {"uv": [0, 12, 1.5, 15], "rotation": 270, "texture": "#2"},
				"down": {"uv": [0, 0, 1.5, 16], "rotation": 270, "texture": "#2"}
			}
		},
		{
			"from": [14.12275, 14.4675, -16],
			"to": [14.65155, 16.33219, 32],
			"rotation": {"angle": 0, "axis": "z", "origin": [9.51147, -4.30904, -15.37486]},
			"faces": {
				"north": {"uv": [0, 0, 1.5, 16], "rotation": 90, "texture": "#2"},
				"east": {"uv": [0, 0, 1.5, 16], "rotation": 270, "texture": "#2"},
				"south": {"uv": [0, 0, 1.5, 16], "rotation": 270, "texture": "#2"},
				"west": {"uv": [6, 12, 7.5, 15], "rotation": 270, "texture": "#2"},
				"up": {"uv": [0, 12, 1.5, 15], "rotation": 270, "texture": "#2"},
				"down": {"uv": [0, 0, 1.5, 16], "rotation": 270, "texture": "#2"}
			}
		},
		{
			"from": [14.74775, 16.72141, -16],
			"to": [15.27655, 18.58609, 32],
			"rotation": {"angle": 0, "axis": "z", "origin": [9.51147, -4.30904, -15.37486]},
			"faces": {
				"north": {"uv": [0, 0, 1.5, 16], "rotation": 90, "texture": "#2"},
				"east": {"uv": [0, 0, 1.5, 16], "rotation": 270, "texture": "#2"},
				"south": {"uv": [0, 0, 1.5, 16], "rotation": 270, "texture": "#2"},
				"west": {"uv": [6, 12, 7.5, 15], "rotation": 270, "texture": "#2"},
				"up": {"uv": [0, 12, 1.5, 15], "rotation": 270, "texture": "#2"},
				"down": {"uv": [0, 0, 1.5, 16], "rotation": 270, "texture": "#2"}
			}
		},
		{
			"from": [13.74595, 12.1925, -16],
			"to": [14.27475, 14.05719, 32],
			"rotation": {"angle": 0, "axis": "z", "origin": [9.51147, -4.30904, -15.37486]},
			"faces": {
				"north": {"uv": [0, 0, 1.5, 16], "rotation": 90, "texture": "#2"},
				"east": {"uv": [0, 0, 1.5, 16], "rotation": 270, "texture": "#2"},
				"south": {"uv": [0, 0, 1.5, 16], "rotation": 270, "texture": "#2"},
				"west": {"uv": [14.5, 12, 16, 15], "rotation": 270, "texture": "#2"},
				"up": {"uv": [0, 12, 1.5, 15], "rotation": 270, "texture": "#2"},
				"down": {"uv": [0, 0, 1.5, 16], "rotation": 270, "texture": "#2"}
			}
		},
		{
			"from": [3.73934, 4.56346, 29.97569],
			"to": [5.8884, 5.37664, 31.17209],
			"rotation": {"angle": 0, "axis": "y", "origin": [9.51147, -4.30904, 28.57514]},
			"faces": {
				"north": {"uv": [0, 0, 9.5, 3.5], "texture": "#0"},
				"east": {"uv": [0, 0, 9.5, 3.5], "texture": "#0"},
				"south": {"uv": [0, 0, 9.5, 3.5], "texture": "#0"},
				"west": {"uv": [0, 0, 9.5, 3.5], "texture": "#0"},
				"up": {"uv": [0, 0, 9.5, 6], "texture": "#0"},
				"down": {"uv": [0, 0, 9.5, 6], "texture": "#0"}
			}
		},
		{
			"from": [2.82934, 4.10846, 29.94014],
			"to": [4.0684, 4.92164, 31.1792],
			"rotation": {"angle": 0, "axis": "y", "origin": [9.51147, -4.30904, 28.57514]},
			"faces": {
				"north": {"uv": [0, 0, 9.5, 3.5], "texture": "#0"},
				"east": {"uv": [0, 0, 9.5, 3.5], "texture": "#0"},
				"south": {"uv": [0, 0, 9.5, 3.5], "texture": "#0"},
				"west": {"uv": [0, 0, 9.5, 3.5], "texture": "#0"},
				"up": {"uv": [0, 0, 9.5, 6], "texture": "#0"},
				"down": {"uv": [0, 0, 9.5, 6], "texture": "#0"}
			}
		},
		{
			"from": [0.72497, 4.56346, 29.94014],
			"to": [1.96402, 5.83164, 31.1792],
			"rotation": {"angle": 0, "axis": "y", "origin": [9.51147, -4.30904, 28.57514]},
			"faces": {
				"north": {"uv": [0, 0, 9.5, 3.5], "texture": "#0"},
				"east": {"uv": [0, 0, 9.5, 3.5], "texture": "#0"},
				"south": {"uv": [0, 0, 9.5, 3.5], "texture": "#0"},
				"west": {"uv": [0, 0, 9.5, 3.5], "texture": "#0"},
				"up": {"uv": [0, 0, 9.5, 6], "texture": "#0"},
				"down": {"uv": [0, 0, 9.5, 6], "texture": "#0"}
			}
		},
		{
			"from": [1.63497, 1.83346, 29.97569],
			"to": [2.87402, 4.92164, 31.17209],
			"rotation": {"angle": 0, "axis": "y", "origin": [9.51147, -4.30904, 28.57514]},
			"faces": {
				"north": {"uv": [0, 0, 9.5, 3.5], "texture": "#0"},
				"east": {"uv": [0, 0, 9.5, 3.5], "texture": "#0"},
				"south": {"uv": [0, 0, 9.5, 3.5], "texture": "#0"},
				"west": {"uv": [0, 0, 9.5, 3.5], "texture": "#0"},
				"up": {"uv": [0, 0, 9.5, 6], "texture": "#0"},
				"down": {"uv": [0, 0, 9.5, 6], "texture": "#0"}
			}
		},
		{
			"from": [0.78184, -0.78279, 29.94014],
			"to": [2.0209, 2.30539, 31.1792],
			"rotation": {"angle": 0, "axis": "y", "origin": [9.51147, -4.30904, 28.57514]},
			"faces": {
				"north": {"uv": [0, 0, 9.5, 3.5], "texture": "#0"},
				"east": {"uv": [0, 0, 9.5, 3.5], "texture": "#0"},
				"south": {"uv": [0, 0, 9.5, 3.5], "texture": "#0"},
				"west": {"uv": [0, 0, 9.5, 3.5], "texture": "#0"},
				"up": {"uv": [0, 0, 9.5, 6], "texture": "#0"},
				"down": {"uv": [0, 0, 9.5, 6], "texture": "#0"}
			}
		},
		{
			"from": [-0.01441, -3.39904, 29.97569],
			"to": [1.22465, -0.31086, 31.17209],
			"rotation": {"angle": 0, "axis": "y", "origin": [9.51147, -4.30904, 28.57514]},
			"faces": {
				"north": {"uv": [0, 0, 9.5, 3.5], "texture": "#0"},
				"east": {"uv": [0, 0, 9.5, 3.5], "texture": "#0"},
				"south": {"uv": [0, 0, 9.5, 3.5], "texture": "#0"},
				"west": {"uv": [0, 0, 9.5, 3.5], "texture": "#0"},
				"up": {"uv": [0, 0, 9.5, 6], "texture": "#0"},
				"down": {"uv": [0, 0, 9.5, 6], "texture": "#0"}
			}
		},
		{
			"from": [-0.46941, -4.30904, 29.48514],
			"to": [1.67965, -3.04086, 31.6342],
			"rotation": {"angle": 0, "axis": "y", "origin": [9.51147, -4.30904, 28.57514]},
			"faces": {
				"north": {"uv": [0, 0, 9.5, 3.5], "texture": "#0"},
				"east": {"uv": [0, 0, 9.5, 3.5], "texture": "#0"},
				"south": {"uv": [0, 0, 9.5, 3.5], "texture": "#0"},
				"west": {"uv": [0, 0, 9.5, 3.5], "texture": "#0"},
				"up": {"uv": [0, 0, 9.5, 6], "texture": "#0"},
				"down": {"uv": [0, 0, 9.5, 6], "texture": "#0"}
			}
		},
		{
			"from": [4.36497, 5.35971, 29.94014],
			"to": [4.86465, 7.19664, 31.1792],
			"rotation": {"angle": 0, "axis": "y", "origin": [9.51147, -4.30904, 28.57514]},
			"faces": {
				"north": {"uv": [0, 0, 9.5, 3.5], "texture": "#0"},
				"east": {"uv": [0, 0, 9.5, 3.5], "texture": "#0"},
				"south": {"uv": [0, 0, 9.5, 3.5], "texture": "#0"},
				"west": {"uv": [0, 0, 9.5, 3.5], "texture": "#0"},
				"up": {"uv": [0, 0, 9.5, 6], "texture": "#0"},
				"down": {"uv": [0, 0, 9.5, 6], "texture": "#0"}
			}
		},
		{
			"from": [6.41247, 5.81471, 29.97569],
			"to": [6.91215, 7.19664, 31.17209],
			"rotation": {"angle": 0, "axis": "y", "origin": [0.79877, -4.30904, 28.57514]},
			"faces": {
				"north": {"uv": [9.5, 0, 0, 3.5], "texture": "#0"},
				"east": {"uv": [9.5, 0, 0, 3.5], "texture": "#0"},
				"south": {"uv": [9.5, 0, 0, 3.5], "texture": "#0"},
				"west": {"uv": [9.5, 0, 0, 3.5], "texture": "#0"},
				"up": {"uv": [9.5, 0, 0, 6], "texture": "#0"},
				"down": {"uv": [9.5, 0, 0, 6], "texture": "#0"}
			}
		},
		{
			"from": [7.37934, 4.56346, 29.97569],
			"to": [9.5284, 5.37664, 31.17209],
			"rotation": {"angle": 0, "axis": "y", "origin": [0.79877, -4.30904, 28.57514]},
			"faces": {
				"north": {"uv": [9.5, 0, 0, 3.5], "texture": "#0"},
				"east": {"uv": [9.5, 0, 0, 3.5], "texture": "#0"},
				"south": {"uv": [9.5, 0, 0, 3.5], "texture": "#0"},
				"west": {"uv": [9.5, 0, 0, 3.5], "texture": "#0"},
				"up": {"uv": [9.5, 0, 0, 6], "texture": "#0"},
				"down": {"uv": [9.5, 0, 0, 6], "texture": "#0"}
			}
		},
		{
			"from": [9.19934, 4.10846, 29.94014],
			"to": [10.4384, 4.92164, 31.1792],
			"rotation": {"angle": 0, "axis": "y", "origin": [0.79877, -4.30904, 28.57514]},
			"faces": {
				"north": {"uv": [9.5, 0, 0, 3.5], "texture": "#0"},
				"east": {"uv": [9.5, 0, 0, 3.5], "texture": "#0"},
				"south": {"uv": [9.5, 0, 0, 3.5], "texture": "#0"},
				"west": {"uv": [9.5, 0, 0, 3.5], "texture": "#0"},
				"up": {"uv": [9.5, 0, 0, 6], "texture": "#0"},
				"down": {"uv": [9.5, 0, 0, 6], "texture": "#0"}
			}
		},
		{
			"from": [11.24684, -0.78279, 29.94014],
			"to": [12.4859, 2.30539, 31.1792],
			"rotation": {"angle": 0, "axis": "y", "origin": [0.79877, -4.30904, 28.57514]},
			"faces": {
				"north": {"uv": [9.5, 0, 0, 3.5], "texture": "#0"},
				"east": {"uv": [9.5, 0, 0, 3.5], "texture": "#0"},
				"south": {"uv": [9.5, 0, 0, 3.5], "texture": "#0"},
				"west": {"uv": [9.5, 0, 0, 3.5], "texture": "#0"},
				"up": {"uv": [9.5, 0, 0, 6], "texture": "#0"},
				"down": {"uv": [9.5, 0, 0, 6], "texture": "#0"}
			}
		},
		{
			"from": [12.04309, -3.39904, 29.97569],
			"to": [13.28215, -0.31086, 31.17209],
			"rotation": {"angle": 0, "axis": "y", "origin": [0.79877, -4.30904, 28.57514]},
			"faces": {
				"north": {"uv": [9.5, 0, 0, 3.5], "texture": "#0"},
				"east": {"uv": [9.5, 0, 0, 3.5], "texture": "#0"},
				"south": {"uv": [9.5, 0, 0, 3.5], "texture": "#0"},
				"west": {"uv": [9.5, 0, 0, 3.5], "texture": "#0"},
				"up": {"uv": [9.5, 0, 0, 6], "texture": "#0"},
				"down": {"uv": [9.5, 0, 0, 6], "texture": "#0"}
			}
		},
		{
			"from": [11.58809, -4.30904, 29.48514],
			"to": [13.73715, -3.04086, 31.6342],
			"rotation": {"angle": 0, "axis": "y", "origin": [0.79877, -4.30904, 28.57514]},
			"faces": {
				"north": {"uv": [9.5, 0, 0, 3.5], "texture": "#0"},
				"east": {"uv": [9.5, 0, 0, 3.5], "texture": "#0"},
				"south": {"uv": [9.5, 0, 0, 3.5], "texture": "#0"},
				"west": {"uv": [9.5, 0, 0, 3.5], "texture": "#0"},
				"up": {"uv": [9.5, 0, 0, 6], "texture": "#0"},
				"down": {"uv": [9.5, 0, 0, 6], "texture": "#0"}
			}
		},
		{
			"from": [10.39372, 1.83346, 29.97569],
			"to": [11.63277, 4.92164, 31.17209],
			"rotation": {"angle": 0, "axis": "y", "origin": [0.79877, -4.30904, 28.57514]},
			"faces": {
				"north": {"uv": [9.5, 0, 0, 3.5], "texture": "#0"},
				"east": {"uv": [9.5, 0, 0, 3.5], "texture": "#0"},
				"south": {"uv": [9.5, 0, 0, 3.5], "texture": "#0"},
				"west": {"uv": [9.5, 0, 0, 3.5], "texture": "#0"},
				"up": {"uv": [9.5, 0, 0, 6], "texture": "#0"},
				"down": {"uv": [9.5, 0, 0, 6], "texture": "#0"}
			}
		},
		{
			"from": [10.22309, 4.90471, 29.94014],
			"to": [10.72277, 7.19664, 31.1792],
			"rotation": {"angle": 0, "axis": "y", "origin": [0.79877, -4.30904, 28.57514]},
			"faces": {
				"north": {"uv": [9.5, 0, 0, 3.5], "texture": "#0"},
				"east": {"uv": [9.5, 0, 0, 3.5], "texture": "#0"},
				"south": {"uv": [9.5, 0, 0, 3.5], "texture": "#0"},
				"west": {"uv": [9.5, 0, 0, 3.5], "texture": "#0"},
				"up": {"uv": [9.5, 0, 0, 6], "texture": "#0"},
				"down": {"uv": [9.5, 0, 0, 6], "texture": "#0"}
			}
		},
		{
			"from": [8.40309, 5.35971, 29.94014],
			"to": [8.90277, 7.19664, 31.1792],
			"rotation": {"angle": 0, "axis": "y", "origin": [0.79877, -4.30904, 28.57514]},
			"faces": {
				"north": {"uv": [9.5, 0, 0, 3.5], "texture": "#0"},
				"east": {"uv": [9.5, 0, 0, 3.5], "texture": "#0"},
				"south": {"uv": [9.5, 0, 0, 3.5], "texture": "#0"},
				"west": {"uv": [9.5, 0, 0, 3.5], "texture": "#0"},
				"up": {"uv": [9.5, 0, 0, 6], "texture": "#0"},
				"down": {"uv": [9.5, 0, 0, 6], "texture": "#0"}
			}
		},
		{
			"from": [-0.18503, 5.70096, 29.97569],
			"to": [1.05402, 7.19664, 31.17209],
			"rotation": {"angle": 0, "axis": "y", "origin": [9.51147, -4.30904, 28.57514]},
			"faces": {
				"north": {"uv": [0, 0, 9.5, 3.5], "texture": "#0"},
				"east": {"uv": [0, 0, 9.5, 3.5], "texture": "#0"},
				"south": {"uv": [0, 0, 9.5, 3.5], "texture": "#0"},
				"west": {"uv": [0, 0, 9.5, 3.5], "texture": "#0"},
				"up": {"uv": [0, 0, 9.5, 6], "texture": "#0"},
				"down": {"uv": [0, 0, 9.5, 6], "texture": "#0"}
			}
		},
		{
			"from": [2.54497, 4.90471, 29.94014],
			"to": [3.04465, 7.19664, 31.1792],
			"rotation": {"angle": 0, "axis": "y", "origin": [9.51147, -4.30904, 28.57514]},
			"faces": {
				"north": {"uv": [0, 0, 9.5, 3.5], "texture": "#0"},
				"east": {"uv": [0, 0, 9.5, 3.5], "texture": "#0"},
				"south": {"uv": [0, 0, 9.5, 3.5], "texture": "#0"},
				"west": {"uv": [0, 0, 9.5, 3.5], "texture": "#0"},
				"up": {"uv": [0, 0, 9.5, 6], "texture": "#0"},
				"down": {"uv": [0, 0, 9.5, 6], "texture": "#0"}
			}
		},
		{
			"from": [-0.18503, 7.17971, 29.94014],
			"to": [12.59965, 7.70851, 31.1792],
			"rotation": {"angle": 0, "axis": "y", "origin": [9.51147, -4.30904, 28.57514]},
			"faces": {
				"north": {"uv": [0, 0, 9.5, 3.5], "texture": "#0"},
				"east": {"uv": [0, 0, 9.5, 3.5], "texture": "#0"},
				"south": {"uv": [0, 0, 9.5, 3.5], "texture": "#0"},
				"west": {"uv": [0, 0, 9.5, 3.5], "texture": "#0"},
				"up": {"uv": [0, 0, 9.5, 6], "texture": "#0"},
				"down": {"uv": [0, 0, 9.5, 6], "texture": "#0"}
			}
		},
		{
			"from": [5.55934, 5.01846, 29.94014],
			"to": [7.7084, 5.83164, 31.1792],
			"rotation": {"angle": 0, "axis": "y", "origin": [0.79877, -4.30904, 28.57514]},
			"faces": {
				"north": {"uv": [9.5, 0, 0, 3.5], "texture": "#0"},
				"east": {"uv": [9.5, 0, 0, 3.5], "texture": "#0"},
				"south": {"uv": [9.5, 0, 0, 3.5], "texture": "#0"},
				"west": {"uv": [9.5, 0, 0, 3.5], "texture": "#0"},
				"up": {"uv": [9.5, 0, 0, 6], "texture": "#0"},
				"down": {"uv": [9.5, 0, 0, 6], "texture": "#0"}
			}
		},
		{
			"from": [12.21372, 2.28846, 29.97569],
			"to": [12.99777, 4.01164, 31.17209],
			"rotation": {"angle": 0, "axis": "y", "origin": [0.79877, -4.30904, 28.57514]},
			"faces": {
				"north": {"uv": [9.5, 0, 0, 3.5], "texture": "#0"},
				"east": {"uv": [9.5, 0, 0, 3.5], "texture": "#0"},
				"south": {"uv": [9.5, 0, 0, 3.5], "texture": "#0"},
				"west": {"uv": [9.5, 0, 0, 3.5], "texture": "#0"},
				"up": {"uv": [9.5, 0, 0, 6], "texture": "#0"},
				"down": {"uv": [9.5, 0, 0, 6], "texture": "#0"}
			}
		},
		{
			"from": [12.78247, 3.8312, 29.94014],
			"to": [13.7016, 4.45953, 31.1792],
			"rotation": {"angle": 0, "axis": "y", "origin": [0.79877, -4.30904, 28.57514]},
			"faces": {
				"north": {"uv": [9.5, 0, 0, 3.5], "texture": "#0"},
				"east": {"uv": [9.5, 0, 0, 3.5], "texture": "#0"},
				"south": {"uv": [9.5, 0, 0, 3.5], "texture": "#0"},
				"west": {"uv": [9.5, 0, 0, 3.5], "texture": "#0"},
				"up": {"uv": [9.5, 0, 0, 6], "texture": "#0"},
				"down": {"uv": [9.5, 0, 0, 6], "texture": "#0"}
			}
		},
		{
			"from": [14.247, 5.26729, 29.94014],
			"to": [15.16613, 6.45726, 31.1792],
			"rotation": {"angle": 0, "axis": "y", "origin": [0.79877, -4.30904, 28.57514]},
			"faces": {
				"north": {"uv": [9.5, 0, 0, 3.5], "texture": "#0"},
				"east": {"uv": [9.5, 0, 0, 3.5], "texture": "#0"},
				"south": {"uv": [9.5, 0, 0, 3.5], "texture": "#0"},
				"west": {"uv": [9.5, 0, 0, 3.5], "texture": "#0"},
				"up": {"uv": [9.5, 0, 0, 6], "texture": "#0"},
				"down": {"uv": [9.5, 0, 0, 6], "texture": "#0"}
			}
		},
		{
			"from": [12.01466, 2.17471, 29.91881],
			"to": [12.51434, 7.19664, 31.22896],
			"rotation": {"angle": 0, "axis": "y", "origin": [0.79877, -4.30904, 28.57514]},
			"faces": {
				"north": {"uv": [9.5, 0, 0, 3.5], "texture": "#0"},
				"east": {"uv": [9.5, 0, 0, 3.5], "texture": "#0"},
				"south": {"uv": [9.5, 0, 0, 3.5], "texture": "#0"},
				"west": {"uv": [9.5, 0, 0, 3.5], "texture": "#0"},
				"up": {"uv": [9.5, 0, 0, 6], "texture": "#0"},
				"down": {"uv": [9.5, 0, 0, 6], "texture": "#0"}
			}
		},
		{
			"from": [19.82277, 1.6344, 29.97569],
			"to": [22.25418, 2.1632, 31.17209],
			"rotation": {"angle": 45, "axis": "z", "origin": [9.51147, -4.30904, 28.57514]},
			"faces": {
				"north": {"uv": [0, 0, 9.5, 3.5], "texture": "#0"},
				"east": {"uv": [0, 0, 9.5, 3.5], "texture": "#0"},
				"south": {"uv": [0, 0, 9.5, 3.5], "texture": "#0"},
				"west": {"uv": [0, 0, 9.5, 3.5], "texture": "#0"},
				"up": {"uv": [0, 0, 9.5, 6], "texture": "#0"},
				"down": {"uv": [0, 0, 9.5, 6], "texture": "#0"}
			}
		},
		{
			"from": [13.77494, 8.95866, 29.94014],
			"to": [14.75874, 12.06546, 31.1792],
			"rotation": {"angle": 0, "axis": "z", "origin": [13.15147, 6.61096, 28.57514]},
			"faces": {
				"north": {"uv": [0, 0, 9.5, 3.5], "rotation": 90, "texture": "#0"},
				"east": {"uv": [0, 0, 9.5, 6], "rotation": 270, "texture": "#0"},
				"south": {"uv": [0, 0, 9.5, 3.5], "rotation": 270, "texture": "#0"},
				"west": {"uv": [0, 0, 9.5, 6], "rotation": 270, "texture": "#0"},
				"up": {"uv": [0, 0, 9.5, 3.5], "rotation": 270, "texture": "#0"},
				"down": {"uv": [0, 0, 9.5, 3.5], "rotation": 270, "texture": "#0"}
			}
		},
		{
			"from": [14.22994, 11.68866, 29.97569],
			"to": [15.21374, 14.34046, 31.17209],
			"rotation": {"angle": 0, "axis": "z", "origin": [13.15147, 6.61096, 28.57514]},
			"faces": {
				"north": {"uv": [0, 0, 9.5, 3.5], "rotation": 90, "texture": "#0"},
				"east": {"uv": [0, 0, 9.5, 6], "rotation": 270, "texture": "#0"},
				"south": {"uv": [0, 0, 9.5, 3.5], "rotation": 270, "texture": "#0"},
				"west": {"uv": [0, 0, 9.5, 6], "rotation": 270, "texture": "#0"},
				"up": {"uv": [0, 0, 9.5, 3.5], "rotation": 270, "texture": "#0"},
				"down": {"uv": [0, 0, 9.5, 3.5], "rotation": 270, "texture": "#0"}
			}
		},
		{
			"from": [14.68494, 14.03476, 29.94014],
			"to": [15.66874, 16.69366, 31.1792],
			"rotation": {"angle": 0, "axis": "z", "origin": [13.15147, 6.61096, 28.57514]},
			"faces": {
				"north": {"uv": [0, 0, 9.5, 3.5], "rotation": 90, "texture": "#0"},
				"east": {"uv": [0, 0, 9.5, 6], "rotation": 270, "texture": "#0"},
				"south": {"uv": [0, 0, 9.5, 3.5], "rotation": 270, "texture": "#0"},
				"west": {"uv": [0, 0, 9.5, 6], "rotation": 270, "texture": "#0"},
				"up": {"uv": [0, 0, 9.5, 3.5], "rotation": 270, "texture": "#0"},
				"down": {"uv": [0, 0, 9.5, 3.5], "rotation": 270, "texture": "#0"}
			}
		},
		{
			"from": [15.30994, 16.28866, 29.94014],
			"to": [16.29374, 18.94757, 31.1792],
			"rotation": {"angle": 0, "axis": "z", "origin": [13.15147, 6.61096, 28.57514]},
			"faces": {
				"north": {"uv": [0, 0, 9.5, 3.5], "rotation": 90, "texture": "#0"},
				"east": {"uv": [0, 0, 9.5, 6], "rotation": 270, "texture": "#0"},
				"south": {"uv": [0, 0, 9.5, 3.5], "rotation": 270, "texture": "#0"},
				"west": {"uv": [0, 0, 9.5, 6], "rotation": 270, "texture": "#0"},
				"up": {"uv": [0, 0, 9.5, 3.5], "rotation": 270, "texture": "#0"},
				"down": {"uv": [0, 0, 9.5, 3.5], "rotation": 270, "texture": "#0"}
			}
		},
		{
			"from": [15.77666, 18.71398, 29.97569],
			"to": [16.76046, 21.06718, 31.17209],
			"rotation": {"angle": 0, "axis": "z", "origin": [13.78819, 8.91565, 28.57514]},
			"faces": {
				"north": {"uv": [0, 0, 9.5, 3.5], "rotation": 90, "texture": "#0"},
				"east": {"uv": [0, 0, 9.5, 6], "rotation": 270, "texture": "#0"},
				"south": {"uv": [0, 0, 9.5, 3.5], "rotation": 270, "texture": "#0"},
				"west": {"uv": [0, 0, 9.5, 6], "rotation": 270, "texture": "#0"},
				"up": {"uv": [0, 0, 9.5, 3.5], "rotation": 270, "texture": "#0"},
				"down": {"uv": [0, 0, 9.5, 3.5], "rotation": 270, "texture": "#0"}
			}
		},
		{
			"from": [15.29322, 21.81366, 29.94014],
			"to": [16.27702, 23.82562, 31.1792],
			"rotation": {"angle": -45, "axis": "z", "origin": [14.69819, 20.74565, 28.57514]},
			"faces": {
				"north": {"uv": [0, 0, 9.5, 3.5], "rotation": 90, "texture": "#0"},
				"east": {"uv": [0, 0, 9.5, 6], "rotation": 270, "texture": "#0"},
				"south": {"uv": [0, 0, 9.5, 3.5], "rotation": 270, "texture": "#0"},
				"west": {"uv": [0, 0, 9.5, 6], "rotation": 270, "texture": "#0"},
				"up": {"uv": [0, 0, 9.5, 3.5], "rotation": 270, "texture": "#0"},
				"down": {"uv": [0, 0, 9.5, 3.5], "rotation": 270, "texture": "#0"}
			}
		},
		{
			"from": [14.52427, 6.1844, 29.97569],
			"to": [15.4434, 10.1968, 31.17209],
			"rotation": {"angle": 0, "axis": "y", "origin": [0.79877, -4.30904, 28.57514]},
			"faces": {
				"north": {"uv": [9.5, 0, 0, 3.5], "texture": "#0"},
				"east": {"uv": [9.5, 0, 0, 3.5], "texture": "#0"},
				"south": {"uv": [9.5, 0, 0, 3.5], "texture": "#0"},
				"west": {"uv": [9.5, 0, 0, 3.5], "texture": "#0"},
				"up": {"uv": [9.5, 0, 0, 6], "texture": "#0"},
				"down": {"uv": [9.5, 0, 0, 6], "texture": "#0"}
			}
		},
		{
			"from": [13.50762, 4.32885, 29.97569],
			"to": [14.42676, 5.51883, 31.17209],
			"rotation": {"angle": 0, "axis": "y", "origin": [0.79877, -4.30904, 28.57514]},
			"faces": {
				"north": {"uv": [9.5, 0, 0, 3.5], "texture": "#0"},
				"east": {"uv": [9.5, 0, 0, 3.5], "texture": "#0"},
				"south": {"uv": [9.5, 0, 0, 3.5], "texture": "#0"},
				"west": {"uv": [9.5, 0, 0, 3.5], "texture": "#0"},
				"up": {"uv": [9.5, 0, 0, 6], "texture": "#0"},
				"down": {"uv": [9.5, 0, 0, 6], "texture": "#0"}
			}
		},
		{
			"from": [13.37966, 4.37862, 29.91881],
			"to": [13.87934, 8.48344, 31.22896],
			"rotation": {"angle": 0, "axis": "y", "origin": [0.79877, -4.30904, 28.57514]},
			"faces": {
				"north": {"uv": [9.5, 0, 0, 3.5], "texture": "#0"},
				"east": {"uv": [9.5, 0, 0, 3.5], "texture": "#0"},
				"south": {"uv": [9.5, 0, 0, 3.5], "texture": "#0"},
				"west": {"uv": [9.5, 0, 0, 3.5], "texture": "#0"},
				"up": {"uv": [9.5, 0, 0, 6], "texture": "#0"},
				"down": {"uv": [9.5, 0, 0, 6], "texture": "#0"}
			}
		},
		{
			"from": [1.87669, 8.88596, 29.99701],
			"to": [11.68965, 9.41476, 31.11521],
			"rotation": {"angle": 0, "axis": "y", "origin": [9.51147, 9.34096, 28.57514]},
			"faces": {
				"north": {"uv": [0, 0, 9.5, 3.5], "texture": "#0"},
				"east": {"uv": [0, 0, 9.5, 3.5], "texture": "#0"},
				"south": {"uv": [0, 0, 9.5, 3.5], "texture": "#0"},
				"west": {"uv": [0, 0, 9.5, 3.5], "texture": "#0"},
				"up": {"uv": [0, 0, 9.5, 6], "texture": "#0"},
				"down": {"uv": [0, 0, 9.5, 6], "texture": "#0"}
			}
		},
		{
			"from": [0.96669, 11.4169, 29.94014],
			"to": [3.7627, 11.9457, 31.1792],
			"rotation": {"angle": 45, "axis": "z", "origin": [5.87147, 8.43096, 28.57514]},
			"faces": {
				"north": {"uv": [0, 0, 9.5, 3.5], "texture": "#0"},
				"east": {"uv": [0, 0, 9.5, 3.5], "texture": "#0"},
				"south": {"uv": [0, 0, 9.5, 3.5], "texture": "#0"},
				"west": {"uv": [0, 0, 9.5, 3.5], "texture": "#0"},
				"up": {"uv": [0, 0, 9.5, 6], "texture": "#0"},
				"down": {"uv": [0, 0, 9.5, 6], "texture": "#0"}
			}
		},
		{
			"from": [20.3895, 3.42596, 29.94014],
			"to": [22.08356, 3.95476, 31.1792],
			"rotation": {"angle": 45, "axis": "z", "origin": [9.51147, -4.30904, 28.57514]},
			"faces": {
				"north": {"uv": [0, 0, 9.5, 3.5], "texture": "#0"},
				"east": {"uv": [0, 0, 9.5, 3.5], "texture": "#0"},
				"south": {"uv": [0, 0, 9.5, 3.5], "texture": "#0"},
				"west": {"uv": [0, 0, 9.5, 3.5], "texture": "#0"},
				"up": {"uv": [0, 0, 9.5, 6], "texture": "#0"},
				"down": {"uv": [0, 0, 9.5, 6], "texture": "#0"}
			}
		},
		{
			"from": [12.38806, 10.00282, 29.99701],
			"to": [12.91686, 12.28695, 31.11521],
			"rotation": {"angle": 0, "axis": "z", "origin": [9.51147, 9.34096, 28.57514]},
			"faces": {
				"north": {"uv": [0, 0, 9.5, 3.5], "rotation": 90, "texture": "#0"},
				"east": {"uv": [0, 0, 9.5, 6], "rotation": 270, "texture": "#0"},
				"south": {"uv": [0, 0, 9.5, 3.5], "rotation": 270, "texture": "#0"},
				"west": {"uv": [0, 0, 9.5, 6], "rotation": 270, "texture": "#0"},
				"up": {"uv": [0, 0, 9.5, 3.5], "rotation": 270, "texture": "#0"},
				"down": {"uv": [0, 0, 9.5, 3.5], "rotation": 270, "texture": "#0"}
			}
		},
		{
			"from": [12.77908, 12.1854, 29.94014],
			"to": [13.30788, 14.46953, 31.1792],
			"rotation": {"angle": 0, "axis": "z", "origin": [9.51147, 9.34096, 28.57514]},
			"faces": {
				"north": {"uv": [0, 0, 9.5, 3.5], "rotation": 90, "texture": "#0"},
				"east": {"uv": [0, 0, 9.5, 6], "rotation": 270, "texture": "#0"},
				"south": {"uv": [0, 0, 9.5, 3.5], "rotation": 270, "texture": "#0"},
				"west": {"uv": [0, 0, 9.5, 6], "rotation": 270, "texture": "#0"},
				"up": {"uv": [0, 0, 9.5, 3.5], "rotation": 270, "texture": "#0"},
				"down": {"uv": [0, 0, 9.5, 3.5], "rotation": 270, "texture": "#0"}
			}
		},
		{
			"from": [13.13455, 14.3111, 29.99701],
			"to": [13.66335, 16.59523, 31.11521],
			"rotation": {"angle": 0, "axis": "z", "origin": [9.51147, 9.34096, 28.57514]},
			"faces": {
				"north": {"uv": [0, 0, 9.5, 3.5], "rotation": 90, "texture": "#0"},
				"east": {"uv": [0, 0, 9.5, 6], "rotation": 270, "texture": "#0"},
				"south": {"uv": [0, 0, 9.5, 3.5], "rotation": 270, "texture": "#0"},
				"west": {"uv": [0, 0, 9.5, 6], "rotation": 270, "texture": "#0"},
				"up": {"uv": [0, 0, 9.5, 3.5], "rotation": 270, "texture": "#0"},
				"down": {"uv": [0, 0, 9.5, 3.5], "rotation": 270, "texture": "#0"}
			}
		},
		{
			"from": [13.48291, 16.48657, 29.94014],
			"to": [14.01171, 18.7707, 31.1792],
			"rotation": {"angle": 0, "axis": "z", "origin": [9.51147, 9.34096, 28.57514]},
			"faces": {
				"north": {"uv": [0, 0, 9.5, 3.5], "rotation": 90, "texture": "#0"},
				"east": {"uv": [0, 0, 9.5, 6], "rotation": 270, "texture": "#0"},
				"south": {"uv": [0, 0, 9.5, 3.5], "rotation": 270, "texture": "#0"},
				"west": {"uv": [0, 0, 9.5, 6], "rotation": 270, "texture": "#0"},
				"up": {"uv": [0, 0, 9.5, 3.5], "rotation": 270, "texture": "#0"},
				"down": {"uv": [0, 0, 9.5, 3.5], "rotation": 270, "texture": "#0"}
			}
		},
		{
			"from": [13.88916, 18.31469, 29.94014],
			"to": [14.41796, 21.07539, 31.1792],
			"rotation": {"angle": 0, "axis": "z", "origin": [9.51147, 9.34096, 28.57514]},
			"faces": {
				"north": {"uv": [0, 0, 9.5, 3.5], "rotation": 90, "texture": "#0"},
				"east": {"uv": [0, 0, 9.5, 6], "rotation": 270, "texture": "#0"},
				"south": {"uv": [0, 0, 9.5, 3.5], "rotation": 270, "texture": "#0"},
				"west": {"uv": [0, 0, 9.5, 6], "rotation": 270, "texture": "#0"},
				"up": {"uv": [0, 0, 9.5, 3.5], "rotation": 270, "texture": "#0"},
				"down": {"uv": [0, 0, 9.5, 3.5], "rotation": 270, "texture": "#0"}
			}
		},
		{
			"from": [14.20833, 20.39018, 29.99701],
			"to": [17.39535, 20.91898, 31.11521],
			"rotation": {"angle": 22.5, "axis": "z", "origin": [13.78819, 20.74565, 28.57514]},
			"faces": {
				"north": {"uv": [0, 0, 9.5, 3.5], "texture": "#0"},
				"east": {"uv": [0, 0, 9.5, 3.5], "texture": "#0"},
				"south": {"uv": [0, 0, 9.5, 3.5], "texture": "#0"},
				"west": {"uv": [0, 0, 9.5, 3.5], "texture": "#0"},
				"up": {"uv": [0, 0, 9.5, 6], "texture": "#0"},
				"down": {"uv": [0, 0, 9.5, 6], "texture": "#0"}
			}
		},
		{
			"from": [3.73934, 4.56346, 7.34569],
			"to": [5.8884, 5.37664, 8.54209],
			"rotation": {"angle": 0, "axis": "y", "origin": [9.51147, -4.30904, 5.94514]},
			"faces": {
				"north": {"uv": [0, 0, 9.5, 3.5], "texture": "#0"},
				"east": {"uv": [0, 0, 9.5, 3.5], "texture": "#0"},
				"south": {"uv": [0, 0, 9.5, 3.5], "texture": "#0"},
				"west": {"uv": [0, 0, 9.5, 3.5], "texture": "#0"},
				"up": {"uv": [0, 0, 9.5, 6], "texture": "#0"},
				"down": {"uv": [0, 0, 9.5, 6], "texture": "#0"}
			}
		},
		{
			"from": [2.82934, 4.10846, 7.31014],
			"to": [4.0684, 4.92164, 8.5492],
			"rotation": {"angle": 0, "axis": "y", "origin": [9.51147, -4.30904, 5.94514]},
			"faces": {
				"north": {"uv": [0, 0, 9.5, 3.5], "texture": "#0"},
				"east": {"uv": [0, 0, 9.5, 3.5], "texture": "#0"},
				"south": {"uv": [0, 0, 9.5, 3.5], "texture": "#0"},
				"west": {"uv": [0, 0, 9.5, 3.5], "texture": "#0"},
				"up": {"uv": [0, 0, 9.5, 6], "texture": "#0"},
				"down": {"uv": [0, 0, 9.5, 6], "texture": "#0"}
			}
		},
		{
			"from": [0.72497, 4.56346, 7.31014],
			"to": [1.96402, 5.83164, 8.5492],
			"rotation": {"angle": 0, "axis": "y", "origin": [9.51147, -4.30904, 5.94514]},
			"faces": {
				"north": {"uv": [0, 0, 9.5, 3.5], "texture": "#0"},
				"east": {"uv": [0, 0, 9.5, 3.5], "texture": "#0"},
				"south": {"uv": [0, 0, 9.5, 3.5], "texture": "#0"},
				"west": {"uv": [0, 0, 9.5, 3.5], "texture": "#0"},
				"up": {"uv": [0, 0, 9.5, 6], "texture": "#0"},
				"down": {"uv": [0, 0, 9.5, 6], "texture": "#0"}
			}
		},
		{
			"from": [1.63497, 1.83346, 7.34569],
			"to": [2.87402, 4.92164, 8.54209],
			"rotation": {"angle": 0, "axis": "y", "origin": [9.51147, -4.30904, 5.94514]},
			"faces": {
				"north": {"uv": [0, 0, 9.5, 3.5], "texture": "#0"},
				"east": {"uv": [0, 0, 9.5, 3.5], "texture": "#0"},
				"south": {"uv": [0, 0, 9.5, 3.5], "texture": "#0"},
				"west": {"uv": [0, 0, 9.5, 3.5], "texture": "#0"},
				"up": {"uv": [0, 0, 9.5, 6], "texture": "#0"},
				"down": {"uv": [0, 0, 9.5, 6], "texture": "#0"}
			}
		},
		{
			"from": [0.78184, -0.78279, 7.31014],
			"to": [2.0209, 2.30539, 8.5492],
			"rotation": {"angle": 0, "axis": "y", "origin": [9.51147, -4.30904, 5.94514]},
			"faces": {
				"north": {"uv": [0, 0, 9.5, 3.5], "texture": "#0"},
				"east": {"uv": [0, 0, 9.5, 3.5], "texture": "#0"},
				"south": {"uv": [0, 0, 9.5, 3.5], "texture": "#0"},
				"west": {"uv": [0, 0, 9.5, 3.5], "texture": "#0"},
				"up": {"uv": [0, 0, 9.5, 6], "texture": "#0"},
				"down": {"uv": [0, 0, 9.5, 6], "texture": "#0"}
			}
		},
		{
			"from": [-0.01441, -3.39904, 7.34569],
			"to": [1.22465, -0.31086, 8.54209],
			"rotation": {"angle": 0, "axis": "y", "origin": [9.51147, -4.30904, 5.94514]},
			"faces": {
				"north": {"uv": [0, 0, 9.5, 3.5], "texture": "#0"},
				"east": {"uv": [0, 0, 9.5, 3.5], "texture": "#0"},
				"south": {"uv": [0, 0, 9.5, 3.5], "texture": "#0"},
				"west": {"uv": [0, 0, 9.5, 3.5], "texture": "#0"},
				"up": {"uv": [0, 0, 9.5, 6], "texture": "#0"},
				"down": {"uv": [0, 0, 9.5, 6], "texture": "#0"}
			}
		},
		{
			"from": [-0.46941, -4.30904, 6.85514],
			"to": [1.67965, -3.04086, 9.0042],
			"rotation": {"angle": 0, "axis": "y", "origin": [9.51147, -4.30904, 5.94514]},
			"faces": {
				"north": {"uv": [0, 0, 9.5, 3.5], "texture": "#0"},
				"east": {"uv": [0, 0, 9.5, 3.5], "texture": "#0"},
				"south": {"uv": [0, 0, 9.5, 3.5], "texture": "#0"},
				"west": {"uv": [0, 0, 9.5, 3.5], "texture": "#0"},
				"up": {"uv": [0, 0, 9.5, 6], "texture": "#0"},
				"down": {"uv": [0, 0, 9.5, 6], "texture": "#0"}
			}
		},
		{
			"from": [4.36497, 5.35971, 7.31014],
			"to": [4.86465, 7.19664, 8.5492],
			"rotation": {"angle": 0, "axis": "y", "origin": [9.51147, -4.30904, 5.94514]},
			"faces": {
				"north": {"uv": [0, 0, 9.5, 3.5], "texture": "#0"},
				"east": {"uv": [0, 0, 9.5, 3.5], "texture": "#0"},
				"south": {"uv": [0, 0, 9.5, 3.5], "texture": "#0"},
				"west": {"uv": [0, 0, 9.5, 3.5], "texture": "#0"},
				"up": {"uv": [0, 0, 9.5, 6], "texture": "#0"},
				"down": {"uv": [0, 0, 9.5, 6], "texture": "#0"}
			}
		},
		{
			"from": [6.41247, 5.81471, 7.34569],
			"to": [6.91215, 7.19664, 8.54209],
			"rotation": {"angle": 0, "axis": "y", "origin": [0.79877, -4.30904, 5.94514]},
			"faces": {
				"north": {"uv": [9.5, 0, 0, 3.5], "texture": "#0"},
				"east": {"uv": [9.5, 0, 0, 3.5], "texture": "#0"},
				"south": {"uv": [9.5, 0, 0, 3.5], "texture": "#0"},
				"west": {"uv": [9.5, 0, 0, 3.5], "texture": "#0"},
				"up": {"uv": [9.5, 0, 0, 6], "texture": "#0"},
				"down": {"uv": [9.5, 0, 0, 6], "texture": "#0"}
			}
		},
		{
			"from": [7.37934, 4.56346, 7.34569],
			"to": [9.5284, 5.37664, 8.54209],
			"rotation": {"angle": 0, "axis": "y", "origin": [0.79877, -4.30904, 5.94514]},
			"faces": {
				"north": {"uv": [9.5, 0, 0, 3.5], "texture": "#0"},
				"east": {"uv": [9.5, 0, 0, 3.5], "texture": "#0"},
				"south": {"uv": [9.5, 0, 0, 3.5], "texture": "#0"},
				"west": {"uv": [9.5, 0, 0, 3.5], "texture": "#0"},
				"up": {"uv": [9.5, 0, 0, 6], "texture": "#0"},
				"down": {"uv": [9.5, 0, 0, 6], "texture": "#0"}
			}
		},
		{
			"from": [9.19934, 4.10846, 7.31014],
			"to": [10.4384, 4.92164, 8.5492],
			"rotation": {"angle": 0, "axis": "y", "origin": [0.79877, -4.30904, 5.94514]},
			"faces": {
				"north": {"uv": [9.5, 0, 0, 3.5], "texture": "#0"},
				"east": {"uv": [9.5, 0, 0, 3.5], "texture": "#0"},
				"south": {"uv": [9.5, 0, 0, 3.5], "texture": "#0"},
				"west": {"uv": [9.5, 0, 0, 3.5], "texture": "#0"},
				"up": {"uv": [9.5, 0, 0, 6], "texture": "#0"},
				"down": {"uv": [9.5, 0, 0, 6], "texture": "#0"}
			}
		},
		{
			"from": [11.24684, -0.78279, 7.31014],
			"to": [12.4859, 2.30539, 8.5492],
			"rotation": {"angle": 0, "axis": "y", "origin": [0.79877, -4.30904, 5.94514]},
			"faces": {
				"north": {"uv": [9.5, 0, 0, 3.5], "texture": "#0"},
				"east": {"uv": [9.5, 0, 0, 3.5], "texture": "#0"},
				"south": {"uv": [9.5, 0, 0, 3.5], "texture": "#0"},
				"west": {"uv": [9.5, 0, 0, 3.5], "texture": "#0"},
				"up": {"uv": [9.5, 0, 0, 6], "texture": "#0"},
				"down": {"uv": [9.5, 0, 0, 6], "texture": "#0"}
			}
		},
		{
			"from": [12.04309, -3.39904, 7.34569],
			"to": [13.28215, -0.31086, 8.54209],
			"rotation": {"angle": 0, "axis": "y", "origin": [0.79877, -4.30904, 5.94514]},
			"faces": {
				"north": {"uv": [9.5, 0, 0, 3.5], "texture": "#0"},
				"east": {"uv": [9.5, 0, 0, 3.5], "texture": "#0"},
				"south": {"uv": [9.5, 0, 0, 3.5], "texture": "#0"},
				"west": {"uv": [9.5, 0, 0, 3.5], "texture": "#0"},
				"up": {"uv": [9.5, 0, 0, 6], "texture": "#0"},
				"down": {"uv": [9.5, 0, 0, 6], "texture": "#0"}
			}
		},
		{
			"from": [11.58809, -4.30904, 6.85514],
			"to": [13.73715, -3.04086, 9.0042],
			"rotation": {"angle": 0, "axis": "y", "origin": [0.79877, -4.30904, 5.94514]},
			"faces": {
				"north": {"uv": [9.5, 0, 0, 3.5], "texture": "#0"},
				"east": {"uv": [9.5, 0, 0, 3.5], "texture": "#0"},
				"south": {"uv": [9.5, 0, 0, 3.5], "texture": "#0"},
				"west": {"uv": [9.5, 0, 0, 3.5], "texture": "#0"},
				"up": {"uv": [9.5, 0, 0, 6], "texture": "#0"},
				"down": {"uv": [9.5, 0, 0, 6], "texture": "#0"}
			}
		},
		{
			"from": [10.39372, 1.83346, 7.34569],
			"to": [11.63277, 4.92164, 8.54209],
			"rotation": {"angle": 0, "axis": "y", "origin": [0.79877, -4.30904, 5.94514]},
			"faces": {
				"north": {"uv": [9.5, 0, 0, 3.5], "texture": "#0"},
				"east": {"uv": [9.5, 0, 0, 3.5], "texture": "#0"},
				"south": {"uv": [9.5, 0, 0, 3.5], "texture": "#0"},
				"west": {"uv": [9.5, 0, 0, 3.5], "texture": "#0"},
				"up": {"uv": [9.5, 0, 0, 6], "texture": "#0"},
				"down": {"uv": [9.5, 0, 0, 6], "texture": "#0"}
			}
		},
		{
			"from": [10.22309, 4.90471, 7.31014],
			"to": [10.72277, 7.19664, 8.5492],
			"rotation": {"angle": 0, "axis": "y", "origin": [0.79877, -4.30904, 5.94514]},
			"faces": {
				"north": {"uv": [9.5, 0, 0, 3.5], "texture": "#0"},
				"east": {"uv": [9.5, 0, 0, 3.5], "texture": "#0"},
				"south": {"uv": [9.5, 0, 0, 3.5], "texture": "#0"},
				"west": {"uv": [9.5, 0, 0, 3.5], "texture": "#0"},
				"up": {"uv": [9.5, 0, 0, 6], "texture": "#0"},
				"down": {"uv": [9.5, 0, 0, 6], "texture": "#0"}
			}
		},
		{
			"from": [8.40309, 5.35971, 7.31014],
			"to": [8.90277, 7.19664, 8.5492],
			"rotation": {"angle": 0, "axis": "y", "origin": [0.79877, -4.30904, 5.94514]},
			"faces": {
				"north": {"uv": [9.5, 0, 0, 3.5], "texture": "#0"},
				"east": {"uv": [9.5, 0, 0, 3.5], "texture": "#0"},
				"south": {"uv": [9.5, 0, 0, 3.5], "texture": "#0"},
				"west": {"uv": [9.5, 0, 0, 3.5], "texture": "#0"},
				"up": {"uv": [9.5, 0, 0, 6], "texture": "#0"},
				"down": {"uv": [9.5, 0, 0, 6], "texture": "#0"}
			}
		},
		{
			"from": [-0.18503, 5.70096, 7.34569],
			"to": [1.05402, 7.19664, 8.54209],
			"rotation": {"angle": 0, "axis": "y", "origin": [9.51147, -4.30904, 5.94514]},
			"faces": {
				"north": {"uv": [0, 0, 9.5, 3.5], "texture": "#0"},
				"east": {"uv": [0, 0, 9.5, 3.5], "texture": "#0"},
				"south": {"uv": [0, 0, 9.5, 3.5], "texture": "#0"},
				"west": {"uv": [0, 0, 9.5, 3.5], "texture": "#0"},
				"up": {"uv": [0, 0, 9.5, 6], "texture": "#0"},
				"down": {"uv": [0, 0, 9.5, 6], "texture": "#0"}
			}
		},
		{
			"from": [2.54497, 4.90471, 7.31014],
			"to": [3.04465, 7.19664, 8.5492],
			"rotation": {"angle": 0, "axis": "y", "origin": [9.51147, -4.30904, 5.94514]},
			"faces": {
				"north": {"uv": [0, 0, 9.5, 3.5], "texture": "#0"},
				"east": {"uv": [0, 0, 9.5, 3.5], "texture": "#0"},
				"south": {"uv": [0, 0, 9.5, 3.5], "texture": "#0"},
				"west": {"uv": [0, 0, 9.5, 3.5], "texture": "#0"},
				"up": {"uv": [0, 0, 9.5, 6], "texture": "#0"},
				"down": {"uv": [0, 0, 9.5, 6], "texture": "#0"}
			}
		},
		{
			"from": [-0.18503, 7.17971, 7.31014],
			"to": [12.59965, 7.70851, 8.5492],
			"rotation": {"angle": 0, "axis": "y", "origin": [9.51147, -4.30904, 5.94514]},
			"faces": {
				"north": {"uv": [0, 0, 9.5, 3.5], "texture": "#0"},
				"east": {"uv": [0, 0, 9.5, 3.5], "texture": "#0"},
				"south": {"uv": [0, 0, 9.5, 3.5], "texture": "#0"},
				"west": {"uv": [0, 0, 9.5, 3.5], "texture": "#0"},
				"up": {"uv": [0, 0, 9.5, 6], "texture": "#0"},
				"down": {"uv": [0, 0, 9.5, 6], "texture": "#0"}
			}
		},
		{
			"from": [5.55934, 5.01846, 7.31014],
			"to": [7.7084, 5.83164, 8.5492],
			"rotation": {"angle": 0, "axis": "y", "origin": [0.79877, -4.30904, 5.94514]},
			"faces": {
				"north": {"uv": [9.5, 0, 0, 3.5], "texture": "#0"},
				"east": {"uv": [9.5, 0, 0, 3.5], "texture": "#0"},
				"south": {"uv": [9.5, 0, 0, 3.5], "texture": "#0"},
				"west": {"uv": [9.5, 0, 0, 3.5], "texture": "#0"},
				"up": {"uv": [9.5, 0, 0, 6], "texture": "#0"},
				"down": {"uv": [9.5, 0, 0, 6], "texture": "#0"}
			}
		},
		{
			"from": [12.21372, 2.28846, 7.34569],
			"to": [12.99777, 4.01164, 8.54209],
			"rotation": {"angle": 0, "axis": "y", "origin": [0.79877, -4.30904, 5.94514]},
			"faces": {
				"north": {"uv": [9.5, 0, 0, 3.5], "texture": "#0"},
				"east": {"uv": [9.5, 0, 0, 3.5], "texture": "#0"},
				"south": {"uv": [9.5, 0, 0, 3.5], "texture": "#0"},
				"west": {"uv": [9.5, 0, 0, 3.5], "texture": "#0"},
				"up": {"uv": [9.5, 0, 0, 6], "texture": "#0"},
				"down": {"uv": [9.5, 0, 0, 6], "texture": "#0"}
			}
		},
		{
			"from": [12.78247, 3.8312, 7.31014],
			"to": [13.7016, 4.45953, 8.5492],
			"rotation": {"angle": 0, "axis": "y", "origin": [0.79877, -4.30904, 5.94514]},
			"faces": {
				"north": {"uv": [9.5, 0, 0, 3.5], "texture": "#0"},
				"east": {"uv": [9.5, 0, 0, 3.5], "texture": "#0"},
				"south": {"uv": [9.5, 0, 0, 3.5], "texture": "#0"},
				"west": {"uv": [9.5, 0, 0, 3.5], "texture": "#0"},
				"up": {"uv": [9.5, 0, 0, 6], "texture": "#0"},
				"down": {"uv": [9.5, 0, 0, 6], "texture": "#0"}
			}
		},
		{
			"from": [14.247, 5.26729, 7.31014],
			"to": [15.16613, 6.45726, 8.5492],
			"rotation": {"angle": 0, "axis": "y", "origin": [0.79877, -4.30904, 5.94514]},
			"faces": {
				"north": {"uv": [9.5, 0, 0, 3.5], "texture": "#0"},
				"east": {"uv": [9.5, 0, 0, 3.5], "texture": "#0"},
				"south": {"uv": [9.5, 0, 0, 3.5], "texture": "#0"},
				"west": {"uv": [9.5, 0, 0, 3.5], "texture": "#0"},
				"up": {"uv": [9.5, 0, 0, 6], "texture": "#0"},
				"down": {"uv": [9.5, 0, 0, 6], "texture": "#0"}
			}
		},
		{
			"from": [12.01466, 2.17471, 7.28881],
			"to": [12.51434, 7.19664, 8.59896],
			"rotation": {"angle": 0, "axis": "y", "origin": [0.79877, -4.30904, 5.94514]},
			"faces": {
				"north": {"uv": [9.5, 0, 0, 3.5], "texture": "#0"},
				"east": {"uv": [9.5, 0, 0, 3.5], "texture": "#0"},
				"south": {"uv": [9.5, 0, 0, 3.5], "texture": "#0"},
				"west": {"uv": [9.5, 0, 0, 3.5], "texture": "#0"},
				"up": {"uv": [9.5, 0, 0, 6], "texture": "#0"},
				"down": {"uv": [9.5, 0, 0, 6], "texture": "#0"}
			}
		},
		{
			"from": [19.82277, 1.6344, 7.34569],
			"to": [22.25418, 2.1632, 8.54209],
			"rotation": {"angle": 45, "axis": "z", "origin": [9.51147, -4.30904, 5.94514]},
			"faces": {
				"north": {"uv": [0, 0, 9.5, 3.5], "texture": "#0"},
				"east": {"uv": [0, 0, 9.5, 3.5], "texture": "#0"},
				"south": {"uv": [0, 0, 9.5, 3.5], "texture": "#0"},
				"west": {"uv": [0, 0, 9.5, 3.5], "texture": "#0"},
				"up": {"uv": [0, 0, 9.5, 6], "texture": "#0"},
				"down": {"uv": [0, 0, 9.5, 6], "texture": "#0"}
			}
		},
		{
			"from": [13.77494, 8.95866, 7.31014],
			"to": [14.75874, 12.06546, 8.5492],
			"rotation": {"angle": 0, "axis": "z", "origin": [13.15147, 6.61096, 5.94514]},
			"faces": {
				"north": {"uv": [0, 0, 9.5, 3.5], "rotation": 90, "texture": "#0"},
				"east": {"uv": [0, 0, 9.5, 6], "rotation": 270, "texture": "#0"},
				"south": {"uv": [0, 0, 9.5, 3.5], "rotation": 270, "texture": "#0"},
				"west": {"uv": [0, 0, 9.5, 6], "rotation": 270, "texture": "#0"},
				"up": {"uv": [0, 0, 9.5, 3.5], "rotation": 270, "texture": "#0"},
				"down": {"uv": [0, 0, 9.5, 3.5], "rotation": 270, "texture": "#0"}
			}
		},
		{
			"from": [14.22994, 11.68866, 7.34569],
			"to": [15.21374, 14.34046, 8.54209],
			"rotation": {"angle": 0, "axis": "z", "origin": [13.15147, 6.61096, 5.94514]},
			"faces": {
				"north": {"uv": [0, 0, 9.5, 3.5], "rotation": 90, "texture": "#0"},
				"east": {"uv": [0, 0, 9.5, 6], "rotation": 270, "texture": "#0"},
				"south": {"uv": [0, 0, 9.5, 3.5], "rotation": 270, "texture": "#0"},
				"west": {"uv": [0, 0, 9.5, 6], "rotation": 270, "texture": "#0"},
				"up": {"uv": [0, 0, 9.5, 3.5], "rotation": 270, "texture": "#0"},
				"down": {"uv": [0, 0, 9.5, 3.5], "rotation": 270, "texture": "#0"}
			}
		},
		{
			"from": [14.68494, 14.03476, 7.31014],
			"to": [15.66874, 16.69366, 8.5492],
			"rotation": {"angle": 0, "axis": "z", "origin": [13.15147, 6.61096, 5.94514]},
			"faces": {
				"north": {"uv": [0, 0, 9.5, 3.5], "rotation": 90, "texture": "#0"},
				"east": {"uv": [0, 0, 9.5, 6], "rotation": 270, "texture": "#0"},
				"south": {"uv": [0, 0, 9.5, 3.5], "rotation": 270, "texture": "#0"},
				"west": {"uv": [0, 0, 9.5, 6], "rotation": 270, "texture": "#0"},
				"up": {"uv": [0, 0, 9.5, 3.5], "rotation": 270, "texture": "#0"},
				"down": {"uv": [0, 0, 9.5, 3.5], "rotation": 270, "texture": "#0"}
			}
		},
		{
			"from": [15.30994, 16.28866, 7.31014],
			"to": [16.29374, 18.94757, 8.5492],
			"rotation": {"angle": 0, "axis": "z", "origin": [13.15147, 6.61096, 5.94514]},
			"faces": {
				"north": {"uv": [0, 0, 9.5, 3.5], "rotation": 90, "texture": "#0"},
				"east": {"uv": [0, 0, 9.5, 6], "rotation": 270, "texture": "#0"},
				"south": {"uv": [0, 0, 9.5, 3.5], "rotation": 270, "texture": "#0"},
				"west": {"uv": [0, 0, 9.5, 6], "rotation": 270, "texture": "#0"},
				"up": {"uv": [0, 0, 9.5, 3.5], "rotation": 270, "texture": "#0"},
				"down": {"uv": [0, 0, 9.5, 3.5], "rotation": 270, "texture": "#0"}
			}
		},
		{
			"from": [15.77666, 18.71398, 7.34569],
			"to": [16.76046, 21.06718, 8.54209],
			"rotation": {"angle": 0, "axis": "z", "origin": [13.78819, 8.91565, 5.94514]},
			"faces": {
				"north": {"uv": [0, 0, 9.5, 3.5], "rotation": 90, "texture": "#0"},
				"east": {"uv": [0, 0, 9.5, 6], "rotation": 270, "texture": "#0"},
				"south": {"uv": [0, 0, 9.5, 3.5], "rotation": 270, "texture": "#0"},
				"west": {"uv": [0, 0, 9.5, 6], "rotation": 270, "texture": "#0"},
				"up": {"uv": [0, 0, 9.5, 3.5], "rotation": 270, "texture": "#0"},
				"down": {"uv": [0, 0, 9.5, 3.5], "rotation": 270, "texture": "#0"}
			}
		},
		{
			"from": [15.29322, 21.81366, 7.31014],
			"to": [16.27702, 23.82562, 8.5492],
			"rotation": {"angle": -45, "axis": "z", "origin": [14.69819, 20.74565, 5.94514]},
			"faces": {
				"north": {"uv": [0, 0, 9.5, 3.5], "rotation": 90, "texture": "#0"},
				"east": {"uv": [0, 0, 9.5, 6], "rotation": 270, "texture": "#0"},
				"south": {"uv": [0, 0, 9.5, 3.5], "rotation": 270, "texture": "#0"},
				"west": {"uv": [0, 0, 9.5, 6], "rotation": 270, "texture": "#0"},
				"up": {"uv": [0, 0, 9.5, 3.5], "rotation": 270, "texture": "#0"},
				"down": {"uv": [0, 0, 9.5, 3.5], "rotation": 270, "texture": "#0"}
			}
		},
		{
			"from": [14.52427, 6.1844, 7.34569],
			"to": [15.4434, 10.1968, 8.54209],
			"rotation": {"angle": 0, "axis": "y", "origin": [0.79877, -4.30904, 5.94514]},
			"faces": {
				"north": {"uv": [9.5, 0, 0, 3.5], "texture": "#0"},
				"east": {"uv": [9.5, 0, 0, 3.5], "texture": "#0"},
				"south": {"uv": [9.5, 0, 0, 3.5], "texture": "#0"},
				"west": {"uv": [9.5, 0, 0, 3.5], "texture": "#0"},
				"up": {"uv": [9.5, 0, 0, 6], "texture": "#0"},
				"down": {"uv": [9.5, 0, 0, 6], "texture": "#0"}
			}
		},
		{
			"from": [13.50762, 4.32885, 7.34569],
			"to": [14.42676, 5.51883, 8.54209],
			"rotation": {"angle": 0, "axis": "y", "origin": [0.79877, -4.30904, 5.94514]},
			"faces": {
				"north": {"uv": [9.5, 0, 0, 3.5], "texture": "#0"},
				"east": {"uv": [9.5, 0, 0, 3.5], "texture": "#0"},
				"south": {"uv": [9.5, 0, 0, 3.5], "texture": "#0"},
				"west": {"uv": [9.5, 0, 0, 3.5], "texture": "#0"},
				"up": {"uv": [9.5, 0, 0, 6], "texture": "#0"},
				"down": {"uv": [9.5, 0, 0, 6], "texture": "#0"}
			}
		},
		{
			"from": [13.37966, 4.37862, 7.28881],
			"to": [13.87934, 8.48344, 8.59896],
			"rotation": {"angle": 0, "axis": "y", "origin": [0.79877, -4.30904, 5.94514]},
			"faces": {
				"north": {"uv": [9.5, 0, 0, 3.5], "texture": "#0"},
				"east": {"uv": [9.5, 0, 0, 3.5], "texture": "#0"},
				"south": {"uv": [9.5, 0, 0, 3.5], "texture": "#0"},
				"west": {"uv": [9.5, 0, 0, 3.5], "texture": "#0"},
				"up": {"uv": [9.5, 0, 0, 6], "texture": "#0"},
				"down": {"uv": [9.5, 0, 0, 6], "texture": "#0"}
			}
		}
	],
	"display": {
		"head": {
			"rotation": [0, 90, 0],
			"translation": [0, -26, -2.75],
			"scale": [1.4, 1.4, 1.4]
		}
	},
	"groups": [
		{
			"name": "group",
			"origin": [12.3936, 0.0048, 4.4096],
			"color": 0,
			"children": [0, 1, 2, 3, 4, 5, 6, 7, 8, 9, 10, 11, 12, 13, 14, 15, 16, 17, 18, 19, 20, 21, 22, 23, 24, 25, 26, 27, 28, 29, 30, 31, 32, 33, 34, 35, 36, 37, 38, 39, 40, 41, 42, 43]
		},
		{
			"name": "group",
			"origin": [10.3936, -12.4952, 3.4096],
			"color": 0,
			"children": [44, 45, 46, 47, 48, 49, 50, 51, 52, 53, 54, 55, 56]
		},
		{
			"name": "group",
			"origin": [12.3936, 0.0048, 4.4096],
			"color": 0,
			"children": [57, 58, 59, 60, 61, 62, 63, 64, 65, 66, 67, 68, 69, 70, 71, 72, 73, 74, 75, 76, 77, 78, 79, 80, 81, 82, 83, 84, 85, 86, 87, 88, 89, 90, 91, 92, 93, 94, 95, 96, 97, 98, 99, 100]
		},
		{
			"name": "group",
			"origin": [12.3936, 0.0048, 4.4096],
			"color": 0,
			"children": [101, 102, 103, 104, 105, 106, 107, 108, 109, 110, 111, 112, 113, 114, 115, 116, 117, 118, 119, 120, 121, 122, 123, 124, 125, 126, 127, 128, 129, 130, 131, 132, 133, 134, 135]
		}
	]
}