{
	"credit": "Made with Blockbench",
	"textures": {
		"1": "block/cyan_concrete_powder",
		"2": "block/black_concrete",
		"4": "block/andesite",
		"5": "block/blue_concrete_powder"
	},
	"elements": [
		{
			"from": [-7.5, -5.5, 0],
			"to": [27.5, 0, 1],
			"rotation": {"angle": 0, "axis": "y", "origin": [-3.5, 0, 0]},
			"faces": {
				"north": {"uv": [0, 0, 16, 5.5], "texture": "#5"},
				"east": {"uv": [0, 0, 1, 5.5], "texture": "#5"},
				"south": {"uv": [0, 0, 16, 5.5], "texture": "#5"},
				"west": {"uv": [0, 0, 1, 5.5], "texture": "#5"},
				"up": {"uv": [0, 0, 16, 1], "texture": "#5"},
				"down": {"uv": [0, 0, 16, 1], "texture": "#5"}
			}
		},
		{
			"from": [-7.5, -1.75, -0.0625],
			"to": [27.5, -0.25, 0],
			"rotation": {"angle": 0, "axis": "y", "origin": [-3.5, 0, 0]},
			"faces": {
				"north": {"uv": [0, 0, 16, 1.5], "texture": "#4"},
				"east": {"uv": [0, 0, 0.0625, 1.5], "texture": "#4"},
				"south": {"uv": [0, 0, 16, 1.5], "texture": "#4"},
				"west": {"uv": [0, 0, 0.0625, 1.5], "texture": "#4"},
				"up": {"uv": [0, 0, 16, 0.0625], "texture": "#4"},
				"down": {"uv": [0, 0, 16, 0.0625], "texture": "#4"}
			}
		},
		{
			"from": [-7.5, -3.5, -0.0625],
			"to": [27.5, -2, 0],
			"rotation": {"angle": 0, "axis": "y", "origin": [-3.5, 0, 0]},
			"faces": {
				"north": {"uv": [0, 0, 16, 1.5], "texture": "#4"},
				"east": {"uv": [0, 0, 0.0625, 1.5], "texture": "#4"},
				"south": {"uv": [0, 0, 16, 1.5], "texture": "#4"},
				"west": {"uv": [0, 0, 0.0625, 1.5], "texture": "#4"},
				"up": {"uv": [0, 0, 16, 0.0625], "texture": "#4"},
				"down": {"uv": [0, 0, 16, 0.0625], "texture": "#4"}
			}
		},
		{
			"from": [-7.5, -5.5, 11.5],
			"to": [27.5, 0, 12.5],
			"rotation": {"angle": 0, "axis": "y", "origin": [-3.5, 0, 16]},
			"faces": {
				"north": {"uv": [0, 0, 16, 5.5], "texture": "#5"},
				"east": {"uv": [1, 0, 2, 5.5], "texture": "#5"},
				"south": {"uv": [0, 0, 16, 5.5], "texture": "#5"},
				"west": {"uv": [1, 0, 2, 5.5], "texture": "#5"},
				"up": {"uv": [0, 1, 16, 2], "texture": "#5"},
				"down": {"uv": [0, 1, 16, 2], "texture": "#5"}
			}
		},
		{
			"from": [-7.5, -3.5, 12.5],
			"to": [27.5, -2, 12.5625],
			"rotation": {"angle": 0, "axis": "y", "origin": [-3.5, 0, 16]},
			"faces": {
				"north": {"uv": [0, 0, 16, 1.5], "texture": "#4"},
				"east": {"uv": [0.0625, 0, 0.125, 1.5], "texture": "#4"},
				"south": {"uv": [0, 0, 16, 1.5], "texture": "#4"},
				"west": {"uv": [0.0625, 0, 0.125, 1.5], "texture": "#4"},
				"up": {"uv": [0, 0.0625, 16, 0.125], "texture": "#4"},
				"down": {"uv": [0, 0.0625, 16, 0.125], "texture": "#4"}
			}
		},
		{
			"from": [-7.5, -1.75, 12.5],
			"to": [27.5, -0.25, 12.5625],
			"rotation": {"angle": 0, "axis": "y", "origin": [-3.5, 0, 16]},
			"faces": {
				"north": {"uv": [0, 0, 16, 1.5], "texture": "#4"},
				"east": {"uv": [0.0625, 0, 0.125, 1.5], "texture": "#4"},
				"south": {"uv": [0, 0, 16, 1.5], "texture": "#4"},
				"west": {"uv": [0.0625, 0, 0.125, 1.5], "texture": "#4"},
				"up": {"uv": [0, 0.0625, 16, 0.125], "texture": "#4"},
				"down": {"uv": [0, 0.0625, 16, 0.125], "texture": "#4"}
			}
		},
		{
			"from": [-8.5, -1.75, 11.5],
			"to": [-7.5, -0.25, 11.5625],
			"rotation": {"angle": 0, "axis": "y", "origin": [-3.5, 0, 16]},
			"faces": {
				"north": {"uv": [0, 0, 1, 1.5], "texture": "#4"},
				"east": {"uv": [0.0625, 0, 0.125, 1.5], "texture": "#4"},
				"south": {"uv": [0, 0, 1, 1.5], "texture": "#4"},
				"west": {"uv": [0.0625, 0, 0.125, 1.5], "texture": "#4"},
				"up": {"uv": [0, 0.0625, 1, 0.125], "texture": "#4"},
				"down": {"uv": [0, 0.0625, 1, 0.125], "texture": "#4"}
			}
		},
		{
			"from": [-8.5, -3.5, 11.5],
			"to": [-7.5, -2, 11.5625],
			"rotation": {"angle": 0, "axis": "y", "origin": [-3.5, 0, 16]},
			"faces": {
				"north": {"uv": [0, 0, 1, 1.5], "texture": "#4"},
				"east": {"uv": [0.0625, 0, 0.125, 1.5], "texture": "#4"},
				"south": {"uv": [0, 0, 1, 1.5], "texture": "#4"},
				"west": {"uv": [0.0625, 0, 0.125, 1.5], "texture": "#4"},
				"up": {"uv": [0, 0.0625, 1, 0.125], "texture": "#4"},
				"down": {"uv": [0, 0.0625, 1, 0.125], "texture": "#4"}
			}
		},
		{
			"from": [-7.5625, -1.75, 11.5],
			"to": [-7.5, -0.25, 12.5],
			"rotation": {"angle": 0, "axis": "y", "origin": [-8, 0, 12]},
			"faces": {
				"north": {"uv": [0.0625, 0, 0.125, 1.5], "texture": "#4"},
				"east": {"uv": [0, 0, 1, 1.5], "texture": "#4"},
				"south": {"uv": [0.0625, 0, 0.125, 1.5], "texture": "#4"},
				"west": {"uv": [0, 0, 1, 1.5], "texture": "#4"},
				"up": {"uv": [0, 0.0625, 1, 0.125], "rotation": 90, "texture": "#4"},
				"down": {"uv": [0, 0.0625, 1, 0.125], "rotation": 270, "texture": "#4"}
			}
		},
		{
			"from": [-7.5625, -3.5, 11.5],
			"to": [-7.5, -2, 12.5],
			"rotation": {"angle": 0, "axis": "y", "origin": [-8, 0, 12]},
			"faces": {
				"north": {"uv": [0.0625, 0, 0.125, 1.5], "texture": "#4"},
				"east": {"uv": [0, 0, 1, 1.5], "texture": "#4"},
				"south": {"uv": [0.0625, 0, 0.125, 1.5], "texture": "#4"},
				"west": {"uv": [0, 0, 1, 1.5], "texture": "#4"},
				"up": {"uv": [0, 0.0625, 1, 0.125], "rotation": 90, "texture": "#4"},
				"down": {"uv": [0, 0.0625, 1, 0.125], "rotation": 270, "texture": "#4"}
			}
		},
		{
			"from": [-8.5, -1.75, 0.9375],
			"to": [-7.5, -0.25, 1],
			"rotation": {"angle": 0, "axis": "y", "origin": [-8, 0, 0.5]},
			"faces": {
				"north": {"uv": [0, 0, 1, 1.5], "texture": "#4"},
				"east": {"uv": [0.0625, 0, 0.125, 1.5], "texture": "#4"},
				"south": {"uv": [0, 0, 1, 1.5], "texture": "#4"},
				"west": {"uv": [0.0625, 0, 0.125, 1.5], "texture": "#4"},
				"up": {"uv": [0, 0.0625, 1, 0.125], "rotation": 180, "texture": "#4"},
				"down": {"uv": [0, 0.0625, 1, 0.125], "rotation": 180, "texture": "#4"}
			}
		},
		{
			"from": [-8.5, -3.5, 0.9375],
			"to": [-7.5, -2, 1],
			"rotation": {"angle": 0, "axis": "y", "origin": [-8, 0, 0.5]},
			"faces": {
				"north": {"uv": [0, 0, 1, 1.5], "texture": "#4"},
				"east": {"uv": [0.0625, 0, 0.125, 1.5], "texture": "#4"},
				"south": {"uv": [0, 0, 1, 1.5], "texture": "#4"},
				"west": {"uv": [0.0625, 0, 0.125, 1.5], "texture": "#4"},
				"up": {"uv": [0, 0.0625, 1, 0.125], "rotation": 180, "texture": "#4"},
				"down": {"uv": [0, 0.0625, 1, 0.125], "rotation": 180, "texture": "#4"}
			}
		},
		{
			"from": [-7.5625, -3.5, 0],
			"to": [-7.5, -2, 1],
			"rotation": {"angle": 0, "axis": "y", "origin": [-8, 0, 0.5]},
			"faces": {
				"north": {"uv": [0.0625, 0, 0.125, 1.5], "texture": "#4"},
				"east": {"uv": [0, 0, 1, 1.5], "texture": "#4"},
				"south": {"uv": [0.0625, 0, 0.125, 1.5], "texture": "#4"},
				"west": {"uv": [0, 0, 1, 1.5], "texture": "#4"},
				"up": {"uv": [0, 0.0625, 1, 0.125], "rotation": 90, "texture": "#4"},
				"down": {"uv": [0, 0.0625, 1, 0.125], "rotation": 270, "texture": "#4"}
			}
		},
		{
			"from": [-7.5625, -1.75, 0],
			"to": [-7.5, -0.25, 1],
			"rotation": {"angle": 0, "axis": "y", "origin": [-8, 0, 0.5]},
			"faces": {
				"north": {"uv": [0.0625, 0, 0.125, 1.5], "texture": "#4"},
				"east": {"uv": [0, 0, 1, 1.5], "texture": "#4"},
				"south": {"uv": [0.0625, 0, 0.125, 1.5], "texture": "#4"},
				"west": {"uv": [0, 0, 1, 1.5], "texture": "#4"},
				"up": {"uv": [0, 0.0625, 1, 0.125], "rotation": 90, "texture": "#4"},
				"down": {"uv": [0, 0.0625, 1, 0.125], "rotation": 270, "texture": "#4"}
			}
		},
		{
			"from": [27.5, -1.75, 0],
			"to": [27.5625, -0.25, 1],
			"rotation": {"angle": 0, "axis": "y", "origin": [28, 0, 0.5]},
			"faces": {
				"north": {"uv": [0.0625, 0, 0.125, 1.5], "texture": "#4"},
				"east": {"uv": [0, 0, 1, 1.5], "texture": "#4"},
				"south": {"uv": [0.0625, 0, 0.125, 1.5], "texture": "#4"},
				"west": {"uv": [0, 0, 1, 1.5], "texture": "#4"},
				"up": {"uv": [0, 0.0625, 1, 0.125], "rotation": 270, "texture": "#4"},
				"down": {"uv": [0, 0.0625, 1, 0.125], "rotation": 90, "texture": "#4"}
			}
		},
		{
			"from": [27.5, -3.5, 0],
			"to": [27.5625, -2, 1],
			"rotation": {"angle": 0, "axis": "y", "origin": [28, 0, 0.5]},
			"faces": {
				"north": {"uv": [0.0625, 0, 0.125, 1.5], "texture": "#4"},
				"east": {"uv": [0, 0, 1, 1.5], "texture": "#4"},
				"south": {"uv": [0.0625, 0, 0.125, 1.5], "texture": "#4"},
				"west": {"uv": [0, 0, 1, 1.5], "texture": "#4"},
				"up": {"uv": [0, 0.0625, 1, 0.125], "rotation": 270, "texture": "#4"},
				"down": {"uv": [0, 0.0625, 1, 0.125], "rotation": 90, "texture": "#4"}
			}
		},
		{
			"from": [27.5, -3.5, 0.9375],
			"to": [28.5, -2, 1],
			"rotation": {"angle": 0, "axis": "y", "origin": [28, 0, 0.5]},
			"faces": {
				"north": {"uv": [0, 0, 1, 1.5], "texture": "#4"},
				"east": {"uv": [0.0625, 0, 0.125, 1.5], "texture": "#4"},
				"south": {"uv": [0, 0, 1, 1.5], "texture": "#4"},
				"west": {"uv": [0.0625, 0, 0.125, 1.5], "texture": "#4"},
				"up": {"uv": [0, 0.0625, 1, 0.125], "rotation": 180, "texture": "#4"},
				"down": {"uv": [0, 0.0625, 1, 0.125], "rotation": 180, "texture": "#4"}
			}
		},
		{
			"from": [27.5, -1.75, 0.9375],
			"to": [28.5, -0.25, 1],
			"rotation": {"angle": 0, "axis": "y", "origin": [28, 0, 0.5]},
			"faces": {
				"north": {"uv": [0, 0, 1, 1.5], "texture": "#4"},
				"east": {"uv": [0.0625, 0, 0.125, 1.5], "texture": "#4"},
				"south": {"uv": [0, 0, 1, 1.5], "texture": "#4"},
				"west": {"uv": [0.0625, 0, 0.125, 1.5], "texture": "#4"},
				"up": {"uv": [0, 0.0625, 1, 0.125], "rotation": 180, "texture": "#4"},
				"down": {"uv": [0, 0.0625, 1, 0.125], "rotation": 180, "texture": "#4"}
			}
		},
		{
			"from": [27.5, -1.75, 11.5],
			"to": [28.5, -0.25, 11.5625],
			"rotation": {"angle": 0, "axis": "y", "origin": [28, 0, 12]},
			"faces": {
				"north": {"uv": [0, 0, 1, 1.5], "texture": "#4"},
				"east": {"uv": [0.0625, 0, 0.125, 1.5], "texture": "#4"},
				"south": {"uv": [0, 0, 1, 1.5], "texture": "#4"},
				"west": {"uv": [0.0625, 0, 0.125, 1.5], "texture": "#4"},
				"up": {"uv": [0, 0.0625, 1, 0.125], "texture": "#4"},
				"down": {"uv": [0, 0.0625, 1, 0.125], "texture": "#4"}
			}
		},
		{
			"from": [27.5, -3.5, 11.5],
			"to": [28.5, -2, 11.5625],
			"rotation": {"angle": 0, "axis": "y", "origin": [28, 0, 12]},
			"faces": {
				"north": {"uv": [0, 0, 1, 1.5], "texture": "#4"},
				"east": {"uv": [0.0625, 0, 0.125, 1.5], "texture": "#4"},
				"south": {"uv": [0, 0, 1, 1.5], "texture": "#4"},
				"west": {"uv": [0.0625, 0, 0.125, 1.5], "texture": "#4"},
				"up": {"uv": [0, 0.0625, 1, 0.125], "texture": "#4"},
				"down": {"uv": [0, 0.0625, 1, 0.125], "texture": "#4"}
			}
		},
		{
			"from": [27.5, -3.5, 11.5],
			"to": [27.5625, -2, 12.5],
			"rotation": {"angle": 0, "axis": "y", "origin": [28, 0, 12]},
			"faces": {
				"north": {"uv": [0.0625, 0, 0.125, 1.5], "texture": "#4"},
				"east": {"uv": [0, 0, 1, 1.5], "texture": "#4"},
				"south": {"uv": [0.0625, 0, 0.125, 1.5], "texture": "#4"},
				"west": {"uv": [0, 0, 1, 1.5], "texture": "#4"},
				"up": {"uv": [0, 0.0625, 1, 0.125], "rotation": 270, "texture": "#4"},
				"down": {"uv": [0, 0.0625, 1, 0.125], "rotation": 90, "texture": "#4"}
			}
		},
		{
			"from": [27.5, -1.75, 11.5],
			"to": [27.5625, -0.25, 12.5],
			"rotation": {"angle": 0, "axis": "y", "origin": [28, 0, 12]},
			"faces": {
				"north": {"uv": [0.0625, 0, 0.125, 1.5], "texture": "#4"},
				"east": {"uv": [0, 0, 1, 1.5], "texture": "#4"},
				"south": {"uv": [0.0625, 0, 0.125, 1.5], "texture": "#4"},
				"west": {"uv": [0, 0, 1, 1.5], "texture": "#4"},
				"up": {"uv": [0, 0.0625, 1, 0.125], "rotation": 270, "texture": "#4"},
				"down": {"uv": [0, 0.0625, 1, 0.125], "rotation": 90, "texture": "#4"}
			}
		},
		{
			"from": [28.49261, -1.75, 1.00184],
			"to": [28.55511, -0.25, 11.50184],
			"rotation": {"angle": 0, "axis": "y", "origin": [12.5, 0, 16.5]},
			"faces": {
				"north": {"uv": [0, 0, 0.0625, 1.5], "texture": "#4"},
				"east": {"uv": [0, 0, 10.5, 1.5], "texture": "#4"},
				"south": {"uv": [0, 0, 0.0625, 1.5], "texture": "#4"},
				"west": {"uv": [0, 0, 10.5, 1.5], "texture": "#4"},
				"up": {"uv": [0, 0, 10.5, 0.0625], "rotation": 90, "texture": "#4"},
				"down": {"uv": [0, 0, 10.5, 0.0625], "rotation": 270, "texture": "#4"}
			}
		},
		{
			"from": [28.49261, -3.5, 10.00184],
			"to": [28.55511, -2, 11.50184],
			"rotation": {"angle": 0, "axis": "y", "origin": [12.5, 0, 16.5]},
			"faces": {
				"north": {"uv": [0, 0, 0.0625, 1.5], "texture": "#4"},
				"east": {"uv": [0, 0, 1.5, 1.5], "texture": "#4"},
				"south": {"uv": [0, 0, 0.0625, 1.5], "texture": "#4"},
				"west": {"uv": [0, 0, 1.5, 1.5], "texture": "#4"},
				"up": {"uv": [0, 0, 1.5, 0.0625], "rotation": 90, "texture": "#4"},
				"down": {"uv": [0, 0, 1.5, 0.0625], "rotation": 270, "texture": "#4"}
			}
		},
		{
			"from": [28.49261, -3.5, 1.00184],
			"to": [28.55511, -2, 2.50184],
			"rotation": {"angle": 0, "axis": "y", "origin": [12.5, 0, 16.5]},
			"faces": {
				"north": {"uv": [0, 0, 0.0625, 1.5], "texture": "#4"},
				"east": {"uv": [0, 0, 1.5, 1.5], "texture": "#4"},
				"south": {"uv": [0, 0, 0.0625, 1.5], "texture": "#4"},
				"west": {"uv": [0, 0, 1.5, 1.5], "texture": "#4"},
				"up": {"uv": [0, 0, 1.5, 0.0625], "rotation": 90, "texture": "#4"},
				"down": {"uv": [0, 0, 1.5, 0.0625], "rotation": 270, "texture": "#4"}
			}
		},
		{
			"from": [-8.5, -5.5, 1],
			"to": [-7.5, 0, 11.5],
			"rotation": {"angle": 0, "axis": "y", "origin": [-3.5, 0, 0]},
			"faces": {
				"north": {"uv": [0, 0, 1, 5.5], "texture": "#5"},
				"east": {"uv": [0, 0, 10.5, 5.5], "texture": "#5"},
				"south": {"uv": [0, 0, 1, 5.5], "texture": "#5"},
				"west": {"uv": [0, 0, 10.5, 5.5], "texture": "#5"},
				"up": {"uv": [0, 0, 1, 10.5], "texture": "#5"},
				"down": {"uv": [0, 0, 1, 10.5], "texture": "#5"}
			}
		},
		{
			"from": [-9.5, -5, 1.75],
			"to": [-8.5, -0.5, 10.75],
			"rotation": {"angle": 0, "axis": "y", "origin": [-3.5, 0, 0]},
			"faces": {
				"north": {"uv": [0, 0, 1, 4.5], "texture": "#5"},
				"east": {"uv": [0, 0, 9, 4.5], "texture": "#5"},
				"south": {"uv": [0, 0, 1, 4.5], "texture": "#5"},
				"west": {"uv": [0, 0, 9, 4.5], "texture": "#5"},
				"up": {"uv": [0, 0, 1, 9], "texture": "#5"},
				"down": {"uv": [0, 0, 1, 9], "texture": "#5"}
			}
		},
		{
			"from": [-10.5, -4.5, 2.25],
			"to": [-9.5, -1.5, 10.25],
			"rotation": {"angle": 0, "axis": "y", "origin": [-3.5, 0, 0]},
			"faces": {
				"north": {"uv": [0, 0, 1, 3], "texture": "#5"},
				"east": {"uv": [0, 0, 8, 3], "texture": "#5"},
				"south": {"uv": [0, 0, 1, 3], "texture": "#5"},
				"west": {"uv": [0, 0, 8, 3], "texture": "#5"},
				"up": {"uv": [0, 0, 1, 8], "texture": "#5"},
				"down": {"uv": [0, 0, 1, 8], "texture": "#5"}
			}
		},
		{
			"from": [27.5, -5.5, 1],
			"to": [28.5, 0, 11.5],
			"rotation": {"angle": 0, "axis": "y", "origin": [-3.5, 0, 0]},
			"faces": {
				"north": {"uv": [0, 0, 1, 5.5], "texture": "#5"},
				"east": {"uv": [0, 0, 10.5, 5.5], "texture": "#5"},
				"south": {"uv": [0, 0, 1, 5.5], "texture": "#5"},
				"west": {"uv": [0, 0, 10.5, 5.5], "texture": "#5"},
				"up": {"uv": [0, 0, 1, 10.5], "texture": "#5"},
				"down": {"uv": [0, 0, 1, 10.5], "texture": "#5"}
			}
		},
		{
			"from": [28, -3.5, 3],
			"to": [30, -1, 9.5],
			"rotation": {"angle": 0, "axis": "y", "origin": [-3.5, 0, 0]},
			"faces": {
				"north": {"uv": [0, 0, 2, 2.5], "texture": "#2"},
				"east": {"uv": [0, 0, 6.5, 2.5], "texture": "#2"},
				"south": {"uv": [0, 0, 2, 2.5], "texture": "#2"},
				"west": {"uv": [0, 0, 6.5, 2.5], "texture": "#2"},
				"up": {"uv": [0, 0, 2, 6.5], "texture": "#2"},
				"down": {"uv": [0, 0, 2, 6.5], "texture": "#2"}
			}
		},
		{
			"from": [-7.5, -6.5, 1],
			"to": [27.5, -5.5, 11.5],
			"rotation": {"angle": 0, "axis": "y", "origin": [-3.5, 0, 0]},
			"faces": {
				"north": {"uv": [0, 0, 16, 1], "texture": "#5"},
				"east": {"uv": [0, 0, 10.5, 1], "texture": "#5"},
				"south": {"uv": [0, 0, 16, 1], "texture": "#5"},
				"west": {"uv": [0, 0, 10.5, 1], "texture": "#5"},
				"up": {"uv": [0, 0, 16, 10.5], "texture": "#4"},
				"down": {"uv": [0, 0, 16, 10.5], "texture": "#5"}
			}
		},
		{
			"from": [20.5, -5.5, 1],
			"to": [25, -3, 11.5],
			"rotation": {"angle": 0, "axis": "y", "origin": [-3.5, 0, 0]},
			"faces": {
				"north": {"uv": [0, 0, 4.5, 2.5], "texture": "#5"},
				"east": {"uv": [0, 0, 10.5, 2.5], "texture": "#5"},
				"south": {"uv": [0, 0, 4.5, 2.5], "texture": "#5"},
				"west": {"uv": [0, 0, 10.5, 2.5], "texture": "#5"},
				"up": {"uv": [0, 0, 4.5, 10.5], "texture": "#5"},
				"down": {"uv": [0, 0, 4.5, 10.5], "texture": "#5"}
			}
		},
		{
			"from": [19, -5.5, 6],
			"to": [20, 0.5, 6.5],
			"rotation": {"angle": -22.5, "axis": "z", "origin": [18, 0, 0]},
			"faces": {
				"north": {"uv": [0, 0, 1, 6], "texture": "#2"},
				"east": {"uv": [0, 0, 0.5, 6], "texture": "#2"},
				"south": {"uv": [0, 0, 1, 6], "texture": "#2"},
				"west": {"uv": [0, 0, 0.5, 6], "texture": "#2"},
				"up": {"uv": [0, 0, 1, 0.5], "texture": "#2"},
				"down": {"uv": [0, 0, 1, 0.5], "texture": "#2"}
			}
		},
		{
			"from": [19, 0.5, 3],
			"to": [20, 1.5, 9.5],
			"rotation": {"angle": -22.5, "axis": "z", "origin": [18, 0, 0]},
			"faces": {
				"north": {"uv": [0, 0, 1, 1], "texture": "#2"},
				"east": {"uv": [0, 0, 6.5, 1], "texture": "#2"},
				"south": {"uv": [0, 0, 1, 1], "texture": "#2"},
				"west": {"uv": [0, 0, 6.5, 1], "texture": "#2"},
				"up": {"uv": [0, 0, 1, 6.5], "texture": "#2"},
				"down": {"uv": [0, 0, 1, 6.5], "texture": "#2"}
			}
		},
		{
			"from": [20.5, -3, 8.5],
			"to": [25, -2, 11.5],
			"rotation": {"angle": 0, "axis": "y", "origin": [-3.5, 0, 0]},
			"faces": {
				"north": {"uv": [0, 0, 4.5, 1], "texture": "#1"},
				"east": {"uv": [0, 0, 3, 1], "texture": "#1"},
				"south": {"uv": [0, 0, 4.5, 1], "texture": "#1"},
				"west": {"uv": [0, 0, 3, 1], "texture": "#1"},
				"up": {"uv": [0, 0, 4.5, 3], "texture": "#1"},
				"down": {"uv": [0, 0, 4.5, 3], "texture": "#1"}
			}
		},
		{
			"from": [20.5, -3, 1],
			"to": [25, -2, 4],
			"rotation": {"angle": 0, "axis": "y", "origin": [-3.5, 0, 0]},
			"faces": {
				"north": {"uv": [0, 0, 4.5, 1], "texture": "#1"},
				"east": {"uv": [0, 0, 3, 1], "texture": "#1"},
				"south": {"uv": [0, 0, 4.5, 1], "texture": "#1"},
				"west": {"uv": [0, 0, 3, 1], "texture": "#1"},
				"up": {"uv": [0, 0, 4.5, 3], "texture": "#1"},
				"down": {"uv": [0, 0, 4.5, 3], "texture": "#1"}
			}
		},
		{
			"from": [25, -5.5, 1],
			"to": [27.5, 3, 11.5],
			"rotation": {"angle": 0, "axis": "y", "origin": [-3.5, 0, 0]},
			"faces": {
				"north": {"uv": [0, 0, 2.5, 8.5], "texture": "#5"},
				"east": {"uv": [0, 0, 10.5, 8.5], "texture": "#5"},
				"south": {"uv": [0, 0, 2.5, 8.5], "texture": "#5"},
				"west": {"uv": [0, 0, 10.5, 8.5], "texture": "#5"},
				"up": {"uv": [0, 0, 2.5, 10.5], "texture": "#5"},
				"down": {"uv": [0, 0, 2.5, 10.5], "texture": "#5"}
			}
		},
		{
			"from": [25, 3, 3],
			"to": [27.5, 4.5, 9.5],
			"rotation": {"angle": 0, "axis": "y", "origin": [-3.5, 0, 0]},
			"faces": {
				"north": {"uv": [0, 0, 2.5, 1.5], "texture": "#5"},
				"east": {"uv": [0, 0, 6.5, 1.5], "texture": "#5"},
				"south": {"uv": [0, 0, 2.5, 1.5], "texture": "#5"},
				"west": {"uv": [0, 0, 6.5, 1.5], "texture": "#5"},
				"up": {"uv": [0, 0, 2.5, 6.5], "texture": "#5"},
				"down": {"uv": [0, 0, 2.5, 6.5], "texture": "#5"}
			}
		},
		{
			"from": [7.5, -5.5, 6],
			"to": [8.5, 0.5, 6.5],
			"rotation": {"angle": -22.5, "axis": "z", "origin": [6.5, 0, 0]},
			"faces": {
				"north": {"uv": [0, 0, 1, 6], "texture": "#2"},
				"east": {"uv": [0, 0, 0.5, 6], "texture": "#2"},
				"south": {"uv": [0, 0, 1, 6], "texture": "#2"},
				"west": {"uv": [0, 0, 0.5, 6], "texture": "#2"},
				"up": {"uv": [0, 0, 1, 0.5], "texture": "#2"},
				"down": {"uv": [0, 0, 1, 0.5], "texture": "#2"}
			}
		},
		{
			"from": [7.5, 0.5, 3],
			"to": [8.5, 1.5, 9.5],
			"rotation": {"angle": -22.5, "axis": "z", "origin": [6.5, 0, 0]},
			"faces": {
				"north": {"uv": [0, 0, 1, 1], "texture": "#2"},
				"east": {"uv": [0, 0, 6.5, 1], "texture": "#2"},
				"south": {"uv": [0, 0, 1, 1], "texture": "#2"},
				"west": {"uv": [0, 0, 6.5, 1], "texture": "#2"},
				"up": {"uv": [0, 0, 1, 6.5], "texture": "#2"},
				"down": {"uv": [0, 0, 1, 6.5], "texture": "#2"}
			}
		},
		{
			"from": [9, -5.5, 1],
			"to": [13.5, -3, 11.5],
			"rotation": {"angle": 0, "axis": "y", "origin": [-15, 0, 0]},
			"faces": {
				"north": {"uv": [0, 0, 4.5, 2.5], "texture": "#5"},
				"east": {"uv": [0, 0, 10.5, 2.5], "texture": "#5"},
				"south": {"uv": [0, 0, 4.5, 2.5], "texture": "#5"},
				"west": {"uv": [0, 0, 10.5, 2.5], "texture": "#5"},
				"up": {"uv": [0, 0, 4.5, 10.5], "texture": "#5"},
				"down": {"uv": [0, 0, 4.5, 10.5], "texture": "#5"}
			}
		},
		{
			"from": [9, -3, 8.5],
			"to": [13.5, -2, 11.5],
			"rotation": {"angle": 0, "axis": "y", "origin": [-15, 0, 0]},
			"faces": {
				"north": {"uv": [0, 0, 4.5, 1], "texture": "#1"},
				"east": {"uv": [0, 0, 3, 1], "texture": "#1"},
				"south": {"uv": [0, 0, 4.5, 1], "texture": "#1"},
				"west": {"uv": [0, 0, 3, 1], "texture": "#1"},
				"up": {"uv": [0, 0, 4.5, 3], "texture": "#1"},
				"down": {"uv": [0, 0, 4.5, 3], "texture": "#1"}
			}
		},
		{
			"from": [9, -3, 1],
			"to": [13.5, -2, 4],
			"rotation": {"angle": 0, "axis": "y", "origin": [-15, 0, 0]},
			"faces": {
				"north": {"uv": [0, 0, 4.5, 1], "texture": "#1"},
				"east": {"uv": [0, 0, 3, 1], "texture": "#1"},
				"south": {"uv": [0, 0, 4.5, 1], "texture": "#1"},
				"west": {"uv": [0, 0, 3, 1], "texture": "#1"},
				"up": {"uv": [0, 0, 4.5, 3], "texture": "#1"},
				"down": {"uv": [0, 0, 4.5, 3], "texture": "#1"}
			}
		},
		{
			"from": [13.5, -5.5, 1],
			"to": [16, 3, 11.5],
			"rotation": {"angle": 0, "axis": "y", "origin": [-15, 0, 0]},
			"faces": {
				"north": {"uv": [0, 0, 2.5, 8.5], "texture": "#5"},
				"east": {"uv": [0, 0, 10.5, 8.5], "texture": "#5"},
				"south": {"uv": [0, 0, 2.5, 8.5], "texture": "#5"},
				"west": {"uv": [0, 0, 10.5, 8.5], "texture": "#5"},
				"up": {"uv": [0, 0, 2.5, 10.5], "texture": "#5"},
				"down": {"uv": [0, 0, 2.5, 10.5], "texture": "#5"}
			}
		},
		{
			"from": [13.5, 3, 3],
			"to": [16, 4.5, 9.5],
			"rotation": {"angle": 0, "axis": "y", "origin": [-15, 0, 0]},
			"faces": {
				"north": {"uv": [0, 0, 2.5, 1.5], "texture": "#5"},
				"east": {"uv": [0, 0, 6.5, 1.5], "texture": "#5"},
				"south": {"uv": [0, 0, 2.5, 1.5], "texture": "#5"},
				"west": {"uv": [0, 0, 6.5, 1.5], "texture": "#5"},
				"up": {"uv": [0, 0, 2.5, 6.5], "texture": "#5"},
				"down": {"uv": [0, 0, 2.5, 6.5], "texture": "#5"}
			}
		},
		{
			"from": [-4, -5.5, 6],
			"to": [-3, 0.5, 6.5],
			"rotation": {"angle": -22.5, "axis": "z", "origin": [-5, 0, 0]},
			"faces": {
				"north": {"uv": [0, 0, 1, 6], "texture": "#2"},
				"east": {"uv": [0, 0, 0.5, 6], "texture": "#2"},
				"south": {"uv": [0, 0, 1, 6], "texture": "#2"},
				"west": {"uv": [0, 0, 0.5, 6], "texture": "#2"},
				"up": {"uv": [0, 0, 1, 0.5], "texture": "#2"},
				"down": {"uv": [0, 0, 1, 0.5], "texture": "#2"}
			}
		},
		{
			"from": [-4, 0.5, 3],
			"to": [-3, 1.5, 9.5],
			"rotation": {"angle": -22.5, "axis": "z", "origin": [-5, 0, 0]},
			"faces": {
				"north": {"uv": [0, 0, 1, 1], "texture": "#2"},
				"east": {"uv": [0, 0, 6.5, 1], "texture": "#2"},
				"south": {"uv": [0, 0, 1, 1], "texture": "#2"},
				"west": {"uv": [0, 0, 6.5, 1], "texture": "#2"},
				"up": {"uv": [0, 0, 1, 6.5], "texture": "#2"},
				"down": {"uv": [0, 0, 1, 6.5], "texture": "#2"}
			}
		},
		{
			"from": [-2.5, -5.5, 1],
			"to": [2, -3, 11.5],
			"rotation": {"angle": 0, "axis": "y", "origin": [-26.5, 0, 0]},
			"faces": {
				"north": {"uv": [0, 0, 4.5, 2.5], "texture": "#5"},
				"east": {"uv": [0, 0, 10.5, 2.5], "texture": "#5"},
				"south": {"uv": [0, 0, 4.5, 2.5], "texture": "#5"},
				"west": {"uv": [0, 0, 10.5, 2.5], "texture": "#5"},
				"up": {"uv": [0, 0, 4.5, 10.5], "texture": "#5"},
				"down": {"uv": [0, 0, 4.5, 10.5], "texture": "#5"}
			}
		},
		{
			"from": [-2.5, -3, 8.5],
			"to": [2, -2, 11.5],
			"rotation": {"angle": 0, "axis": "y", "origin": [-26.5, 0, 0]},
			"faces": {
				"north": {"uv": [0, 0, 4.5, 1], "texture": "#1"},
				"east": {"uv": [0, 0, 3, 1], "texture": "#1"},
				"south": {"uv": [0, 0, 4.5, 1], "texture": "#1"},
				"west": {"uv": [0, 0, 3, 1], "texture": "#1"},
				"up": {"uv": [0, 0, 4.5, 3], "texture": "#1"},
				"down": {"uv": [0, 0, 4.5, 3], "texture": "#1"}
			}
		},
		{
			"from": [-2.5, -3, 1],
			"to": [2, -2, 4],
			"rotation": {"angle": 0, "axis": "y", "origin": [-26.5, 0, 0]},
			"faces": {
				"north": {"uv": [0, 0, 4.5, 1], "texture": "#1"},
				"east": {"uv": [0, 0, 3, 1], "texture": "#1"},
				"south": {"uv": [0, 0, 4.5, 1], "texture": "#1"},
				"west": {"uv": [0, 0, 3, 1], "texture": "#1"},
				"up": {"uv": [0, 0, 4.5, 3], "texture": "#1"},
				"down": {"uv": [0, 0, 4.5, 3], "texture": "#1"}
			}
		},
		{
			"from": [2, -5.5, 1],
			"to": [4.5, 3, 11.5],
			"rotation": {"angle": 0, "axis": "y", "origin": [-26.5, 0, 0]},
			"faces": {
				"north": {"uv": [0, 0, 2.5, 8.5], "texture": "#5"},
				"east": {"uv": [0, 0, 10.5, 8.5], "texture": "#5"},
				"south": {"uv": [0, 0, 2.5, 8.5], "texture": "#5"},
				"west": {"uv": [0, 0, 10.5, 8.5], "texture": "#5"},
				"up": {"uv": [0, 0, 2.5, 10.5], "texture": "#5"},
				"down": {"uv": [0, 0, 2.5, 10.5], "texture": "#5"}
			}
		},
		{
			"from": [2, 3, 3],
			"to": [4.5, 4.5, 9.5],
			"rotation": {"angle": 0, "axis": "y", "origin": [-26.5, 0, 0]},
			"faces": {
				"north": {"uv": [0, 0, 2.5, 1.5], "texture": "#5"},
				"east": {"uv": [0, 0, 6.5, 1.5], "texture": "#5"},
				"south": {"uv": [0, 0, 2.5, 1.5], "texture": "#5"},
				"west": {"uv": [0, 0, 6.5, 1.5], "texture": "#5"},
				"up": {"uv": [0, 0, 2.5, 6.5], "texture": "#5"},
				"down": {"uv": [0, 0, 2.5, 6.5], "texture": "#5"}
			}
		}
	],
	"display": {
		"gui": {
			"rotation": [35.17, 37.08, -1.6],
			"translation": [0, 2.25, 0],
			"scale": [0.35, 0.4, 0.4]
		},
		"head": {
			"rotation": [0, -90, 0],
			"translation": [-6.25, 18, 42.5],
			"scale": [3.6, 3.6, 3.6]
		}
	},
	"groups": [
		0,
		1,
		2,
		3,
		4,
		5,
		6,
		7,
		8,
		9,
		10,
		11,
		12,
		13,
		14,
		15,
		16,
		17,
		18,
		19,
		20,
		21,
		22,
		23,
		24,
		25,
		26,
		27,
		28,
		29,
		30,
		{
			"name": "group",
			"origin": [0, 0, 0],
			"color": 0,
			"children": [31, 32, 33, 34, 35, 36, 37, 38, 39, 40, 41, 42, 43, 44, 45, 46, 47, 48, 49, 50, 51]
		}
	]
}