{
	"credit": "Made with Blockbench",
	"textures": {
		"0": "block/lime_concrete",
		"1": "block/blue_concrete",
		"2": "item/mk/tl/space-mountain/space-mountain-standby-sign",
		"3": "block/light_gray_concrete",
		"particle": "block/lime_concrete"
	},
	"elements": [
		{
			"from": [-1, 0, 0],
			"to": [8, 10.5, 2],
			"faces": {
				"north": {"uv": [0, 0, 9, 10.5], "texture": "#3"},
				"east": {"uv": [0, 0, 2, 10.5], "texture": "#3"},
				"south": {"uv": [0, 0, 9, 10.5], "texture": "#3"},
				"west": {"uv": [0, 0, 2, 10.5], "texture": "#3"},
				"up": {"uv": [0, 0, 9, 2], "texture": "#3"},
				"down": {"uv": [0, 0, 9, 2], "texture": "#3"}
			}
		},
		{
			"from": [-3.5, -1, -0.25],
			"to": [10.5, 11.5, 0],
			"faces": {
				"north": {"uv": [0, 0, 14, 12.5], "texture": "#1"},
				"east": {"uv": [0, 0, 0.25, 12.5], "texture": "#1"},
				"south": {"uv": [0, 0, 14, 12.5], "texture": "#1"},
				"west": {"uv": [0, 0, 0.25, 12.5], "texture": "#1"},
				"up": {"uv": [0, 0, 14, 0.25], "texture": "#1"},
				"down": {"uv": [0, 0, 14, 0.25], "texture": "#1"}
			}
		},
		{
			"from": [-1.5, 0.25, -0.28125],
			"to": [8.5, 9.25, -0.25],
			"faces": {
				"north": {"uv": [0, 0, 16, 16], "texture": "#2"},
				"east": {"uv": [0, 0, 0.03125, 12.5], "texture": "#2"},
				"south": {"uv": [1.92157, 9.72549, 3.01961, 10.70588], "texture": "#2"},
				"west": {"uv": [0, 0, 0.03125, 12.5], "texture": "#2"},
				"up": {"uv": [0, 0, 14, 0.03125], "texture": "#2"},
				"down": {"uv": [0, 0, 14, 0.03125], "texture": "#2"}
			}
		},
		{
			"from": [-3.5, 11.5, -0.25],
			"to": [1.5, 12.25, 0],
			"faces": {
				"north": {"uv": [0, 0, 5, 0.75], "texture": "#1"},
				"east": {"uv": [0, 0, 0.25, 0.75], "texture": "#1"},
				"south": {"uv": [0, 0, 5, 0.75], "texture": "#1"},
				"west": {"uv": [0, 0, 0.25, 0.75], "texture": "#1"},
				"up": {"uv": [0, 0, 5, 0.25], "texture": "#1"},
				"down": {"uv": [0, 0, 5, 0.25], "texture": "#1"}
			}
		},
		{
			"from": [5.5, 11.5, -0.25],
			"to": [10.5, 12.25, 0],
			"faces": {
				"north": {"uv": [0, 0, 5, 0.75], "texture": "#1"},
				"east": {"uv": [0, 0, 0.25, 0.75], "texture": "#1"},
				"south": {"uv": [0, 0, 5, 0.75], "texture": "#1"},
				"west": {"uv": [0, 0, 0.25, 0.75], "texture": "#1"},
				"up": {"uv": [0, 0, 5, 0.25], "texture": "#1"},
				"down": {"uv": [0, 0, 5, 0.25], "texture": "#1"}
			}
		},
		{
			"from": [5.5, -1.75, -0.25],
			"to": [10.5, -1, 0],
			"faces": {
				"north": {"uv": [0, 0, 5, 0.75], "texture": "#1"},
				"east": {"uv": [0, 0, 0.25, 0.75], "texture": "#1"},
				"south": {"uv": [0, 0, 5, 0.75], "texture": "#1"},
				"west": {"uv": [0, 0, 0.25, 0.75], "texture": "#1"},
				"up": {"uv": [0, 0, 5, 0.25], "texture": "#1"},
				"down": {"uv": [0, 0, 5, 0.25], "texture": "#1"}
			}
		},
		{
			"from": [-3.5, -1.75, -0.25],
			"to": [1.5, -1, 0],
			"faces": {
				"north": {"uv": [0, 0, 5, 0.75], "texture": "#1"},
				"east": {"uv": [0, 0, 0.25, 0.75], "texture": "#1"},
				"south": {"uv": [0, 0, 5, 0.75], "texture": "#1"},
				"west": {"uv": [0, 0, 0.25, 0.75], "texture": "#1"},
				"up": {"uv": [0, 0, 5, 0.25], "texture": "#1"},
				"down": {"uv": [0, 0, 5, 0.25], "texture": "#1"}
			}
		},
		{
			"from": [1, -1.5, -0.28125],
			"to": [1.5, -0.5, -0.25],
			"rotation": {"angle": 0, "axis": "y", "origin": [0, 16, 0]},
			"faces": {
				"north": {"uv": [0, 1, 0.5, 2], "texture": "#0"},
				"east": {"uv": [0, 1, 0.03125, 2], "texture": "#0"},
				"south": {"uv": [0, 1, 0.5, 2], "texture": "#0"},
				"west": {"uv": [0, 1, 0.03125, 2], "texture": "#0"},
				"up": {"uv": [0, 0.03125, 0.5, 0.0625], "texture": "#0"},
				"down": {"uv": [0, 0.03125, 0.5, 0.0625], "texture": "#0"}
			}
		},
		{
			"from": [1.5, -1, -0.28125],
			"to": [5.5, -0.5, -0.25],
			"rotation": {"angle": 0, "axis": "y", "origin": [0, 16, 0]},
			"faces": {
				"north": {"uv": [0, 0.5, 4, 1], "texture": "#0"},
				"east": {"uv": [0, 0.5, 0.03125, 1], "texture": "#0"},
				"south": {"uv": [0, 0.5, 4, 1], "texture": "#0"},
				"west": {"uv": [0, 0.5, 0.03125, 1], "texture": "#0"},
				"up": {"uv": [0, 0.03125, 4, 0.0625], "texture": "#0"},
				"down": {"uv": [0, 0.03125, 4, 0.0625], "texture": "#0"}
			}
		},
		{
			"from": [5.5, -1.5, -0.28125],
			"to": [6, -0.5, -0.25],
			"rotation": {"angle": 0, "axis": "y", "origin": [0, 16, 0]},
			"faces": {
				"north": {"uv": [0, 1, 0.5, 2], "texture": "#0"},
				"east": {"uv": [0, 1, 0.03125, 2], "texture": "#0"},
				"south": {"uv": [0, 1, 0.5, 2], "texture": "#0"},
				"west": {"uv": [0, 1, 0.03125, 2], "texture": "#0"},
				"up": {"uv": [0, 0.03125, 0.5, 0.0625], "texture": "#0"},
				"down": {"uv": [0, 0.03125, 0.5, 0.0625], "texture": "#0"}
			}
		},
		{
			"from": [5.5, -1.75, -0.28125],
			"to": [10.5, -1.25, -0.25],
			"rotation": {"angle": 0, "axis": "y", "origin": [0, 16, 0]},
			"faces": {
				"north": {"uv": [0, 0.5, 5, 1], "texture": "#0"},
				"east": {"uv": [0, 0.5, 0.03125, 1], "texture": "#0"},
				"south": {"uv": [0, 0.5, 5, 1], "texture": "#0"},
				"west": {"uv": [0, 0.5, 0.03125, 1], "texture": "#0"},
				"up": {"uv": [0, 0.03125, 5, 0.0625], "texture": "#0"},
				"down": {"uv": [0, 0.03125, 5, 0.0625], "texture": "#0"}
			}
		},
		{
			"from": [-3.5, -1.75, -0.28125],
			"to": [1.5, -1.25, -0.25],
			"rotation": {"angle": 0, "axis": "y", "origin": [0, 16, 0]},
			"faces": {
				"north": {"uv": [0, 0.5, 5, 1], "texture": "#0"},
				"east": {"uv": [0, 0.5, 0.03125, 1], "texture": "#0"},
				"south": {"uv": [0, 0.5, 5, 1], "texture": "#0"},
				"west": {"uv": [0, 0.5, 0.03125, 1], "texture": "#0"},
				"up": {"uv": [0, 0.03125, 5, 0.0625], "texture": "#0"},
				"down": {"uv": [0, 0.03125, 5, 0.0625], "texture": "#0"}
			}
		},
		{
			"from": [5.5, 11.75, -0.28125],
			"to": [10.5, 12.25, -0.25],
			"faces": {
				"north": {"uv": [0, 0, 5, 0.5], "texture": "#0"},
				"east": {"uv": [0, 0, 0.03125, 0.5], "texture": "#0"},
				"south": {"uv": [0, 0, 5, 0.5], "texture": "#0"},
				"west": {"uv": [0, 0, 0.03125, 0.5], "texture": "#0"},
				"up": {"uv": [0, 0, 5, 0.03125], "texture": "#0"},
				"down": {"uv": [0, 0, 5, 0.03125], "texture": "#0"}
			}
		},
		{
			"from": [5.5, 11, -0.28125],
			"to": [6, 12, -0.25],
			"faces": {
				"north": {"uv": [0, 0, 0.5, 1], "texture": "#0"},
				"east": {"uv": [0, 0, 0.03125, 1], "texture": "#0"},
				"south": {"uv": [0, 0, 0.5, 1], "texture": "#0"},
				"west": {"uv": [0, 0, 0.03125, 1], "texture": "#0"},
				"up": {"uv": [0, 0, 0.5, 0.03125], "texture": "#0"},
				"down": {"uv": [0, 0, 0.5, 0.03125], "texture": "#0"}
			}
		},
		{
			"from": [1.5, 11, -0.28125],
			"to": [5.5, 11.5, -0.25],
			"faces": {
				"north": {"uv": [0, 0, 4, 0.5], "texture": "#0"},
				"east": {"uv": [0, 0, 0.03125, 0.5], "texture": "#0"},
				"south": {"uv": [0, 0, 4, 0.5], "texture": "#0"},
				"west": {"uv": [0, 0, 0.03125, 0.5], "texture": "#0"},
				"up": {"uv": [0, 0, 4, 0.03125], "texture": "#0"},
				"down": {"uv": [0, 0, 4, 0.03125], "texture": "#0"}
			}
		},
		{
			"from": [1, 11, -0.28125],
			"to": [1.5, 12, -0.25],
			"faces": {
				"north": {"uv": [0, 0, 0.5, 1], "texture": "#0"},
				"east": {"uv": [0, 0, 0.03125, 1], "texture": "#0"},
				"south": {"uv": [0, 0, 0.5, 1], "texture": "#0"},
				"west": {"uv": [0, 0, 0.03125, 1], "texture": "#0"},
				"up": {"uv": [0, 0, 0.5, 0.03125], "texture": "#0"},
				"down": {"uv": [0, 0, 0.5, 0.03125], "texture": "#0"}
			}
		},
		{
			"from": [-3.5, 11.75, -0.28125],
			"to": [1.5, 12.25, -0.25],
			"faces": {
				"north": {"uv": [0, 0, 5, 0.5], "texture": "#0"},
				"east": {"uv": [0, 0, 0.03125, 0.5], "texture": "#0"},
				"south": {"uv": [0, 0, 5, 0.5], "texture": "#0"},
				"west": {"uv": [0, 0, 0.03125, 0.5], "texture": "#0"},
				"up": {"uv": [0, 0, 5, 0.03125], "texture": "#0"},
				"down": {"uv": [0, 0, 5, 0.03125], "texture": "#0"}
			}
		}
	],
	"display": {
		"head": {
			"translation": [10.75, -11.25, 21],
			"scale": [2.4, 2.4, 2.4]
		}
	},
	"groups": [
		0,
		1,
		2,
		3,
		4,
		5,
		6,
		{
			"name": "group",
			"origin": [0, 0, 0],
			"color": 0,
			"children": [7, 8, 9, 10, 11, 12, 13, 14, 15, 16]
		}
	]
}