{
	"credit": "Made with Blockbench",
	"textures": {
		"0": "block/polished_blackstone_bricks",
		"1": "block/sea_lantern",
		"2": "block/stripped_dark_oak_log",
		"particle": "block/polished_blackstone_bricks"
	},
	"elements": [
		{
			"from": [4.9096, -0.9952, 4.9096],
			"to": [11.0904, 0.2016, 11.0904],
			"rotation": {"angle": 0, "axis": "y", "origin": [10.3936, -12.4952, 4.4096]},
			"faces": {
				"north": {"uv": [0, 0, 9.5, 3.5], "texture": "#0"},
				"east": {"uv": [0, 0, 9.5, 3.5], "texture": "#0"},
				"south": {"uv": [0, 0, 9.5, 3.5], "texture": "#0"},
				"west": {"uv": [0, 0, 9.5, 3.5], "texture": "#0"},
				"up": {"uv": [0, 0, 9.5, 6], "texture": "#0"},
				"down": {"uv": [0, 0, 9.5, 6], "texture": "#0"}
			}
		},
		{
			"from": [5.508, 0.2016, 5.508],
			"to": [10.492, 3.6856, 10.492],
			"rotation": {"angle": 0, "axis": "y", "origin": [10.3936, -12.4952, 4.4096]},
			"faces": {
				"north": {"uv": [0, 0, 9, 5.5], "texture": "#0"},
				"east": {"uv": [0, 0, 9, 5.5], "texture": "#0"},
				"south": {"uv": [0, 0, 9, 5.5], "texture": "#0"},
				"west": {"uv": [0, 0, 9, 5.5], "texture": "#0"},
				"up": {"uv": [0, 0, 9, 5.5], "texture": "#0"},
				"down": {"uv": [0, 0, 9, 5.5], "texture": "#0"}
			}
		},
		{
			"from": [6.4548, 3.6856, 5.8564],
			"to": [9.5452, 4.8824, 10.1436],
			"rotation": {"angle": 0, "axis": "y", "origin": [10.3936, -12.4952, 4.4096]},
			"faces": {
				"north": {"uv": [0, 0, 8, 3.5], "texture": "#0"},
				"east": {"uv": [0, 0, 8.5, 3.5], "texture": "#0"},
				"south": {"uv": [0, 0, 8, 3.5], "texture": "#0"},
				"west": {"uv": [0, 0, 8.5, 3.5], "texture": "#0"},
				"up": {"uv": [0, 0, 8, 5], "texture": "#0"},
				"down": {"uv": [0, 0, 8, 5], "texture": "#0"}
			}
		},
		{
			"from": [5.8564, 3.6856, 6.2048],
			"to": [6.4548, 4.8824, 9.7952],
			"rotation": {"angle": 0, "axis": "y", "origin": [10.3936, -12.4952, 4.4096]},
			"faces": {
				"north": {"uv": [0, 0, 6.75, 3.5], "texture": "#0"},
				"east": {"uv": [0, 0, 8, 3.5], "texture": "#0"},
				"south": {"uv": [0, 0, 6.75, 3.5], "texture": "#0"},
				"west": {"uv": [0, 0, 8, 3.5], "texture": "#0"},
				"up": {"uv": [0, 0, 6.75, 4.5], "texture": "#0"},
				"down": {"uv": [0, 0, 6.75, 4.5], "texture": "#0"}
			}
		},
		{
			"from": [9.5452, 3.6856, 6.2048],
			"to": [10.1436, 4.8824, 9.7952],
			"rotation": {"angle": 0, "axis": "y", "origin": [10.3936, -12.4952, 4.4096]},
			"faces": {
				"north": {"uv": [0, 0, 6.75, 3.5], "texture": "#0"},
				"east": {"uv": [0, 0, 8, 3.5], "texture": "#0"},
				"south": {"uv": [0, 0, 6.75, 3.5], "texture": "#0"},
				"west": {"uv": [0, 0, 8, 3.5], "texture": "#0"},
				"up": {"uv": [0, 0, 6.75, 4.5], "texture": "#0"},
				"down": {"uv": [0, 0, 6.75, 4.5], "texture": "#0"}
			}
		},
		{
			"from": [6.8032, 4.6856, 6.8032],
			"to": [9.1968, 10.728, 9.1968],
			"rotation": {"angle": 0, "axis": "y", "origin": [10.3936, -12.4952, 4.4096]},
			"faces": {
				"north": {"uv": [0, 0, 7.5, 12], "texture": "#2"},
				"east": {"uv": [0, 0, 7.5, 12], "texture": "#2"},
				"south": {"uv": [0, 0, 7.5, 12], "texture": "#2"},
				"west": {"uv": [0, 0, 7.5, 12], "texture": "#2"},
				"up": {"uv": [0, 0, 7.5, 4], "texture": "#2"},
				"down": {"uv": [0, 0, 7.5, 4], "texture": "#2"}
			}
		},
		{
			"from": [7.4016, 10.728, 7.4016],
			"to": [8.5984, 12.3184, 8.5984],
			"rotation": {"angle": 0, "axis": "y", "origin": [10.3936, -12.4952, 4.4096]},
			"faces": {
				"north": {"uv": [0, 0, 7, 4.5], "texture": "#2"},
				"east": {"uv": [0, 0, 7, 4.5], "texture": "#2"},
				"south": {"uv": [0, 0, 7, 4.5], "texture": "#2"},
				"west": {"uv": [0, 0, 7, 4.5], "texture": "#2"},
				"up": {"uv": [0, 0, 7, 3.5], "texture": "#2"},
				"down": {"uv": [0, 0, 7, 3.5], "texture": "#2"}
			}
		},
		{
			"from": [5.9548, 12.3184, 6.5532],
			"to": [10.0452, 13.5152, 9.4468],
			"rotation": {"angle": 0, "axis": "y", "origin": [10.3936, -12.4952, 4.4096]},
			"faces": {
				"north": {"uv": [0, 0, 4.5, 1.5], "texture": "#0"},
				"east": {"uv": [0, 0, 4, 1.5], "texture": "#0"},
				"south": {"uv": [0, 0, 4.5, 1.5], "texture": "#0"},
				"west": {"uv": [0, 0, 4, 1.5], "texture": "#0"},
				"up": {"uv": [0, 0, 4.5, 2], "texture": "#0"},
				"down": {"uv": [0, 0, 4.5, 2], "texture": "#0"}
			}
		},
		{
			"from": [9.4468, 13.5152, 5.9548],
			"to": [10.0452, 18.9008, 6.5532],
			"rotation": {"angle": 0, "axis": "y", "origin": [10.3936, -12.4952, 4.4096]},
			"faces": {
				"north": {"uv": [0, 0, 3.25, 3.25], "texture": "#0"},
				"east": {"uv": [0, 0, 3.25, 3.25], "texture": "#0"},
				"south": {"uv": [0, 0, 3.25, 3.25], "texture": "#0"},
				"west": {"uv": [0, 0, 3.25, 3.25], "texture": "#0"},
				"up": {"uv": [0, 0, 3.25, 1.5], "texture": "#0"},
				"down": {"uv": [0, 0, 3.25, 1.5], "texture": "#0"}
			}
		},
		{
			"from": [9.4468, 13.5152, 7.7008],
			"to": [10.0452, 18.9008, 8.2992],
			"rotation": {"angle": 0, "axis": "y", "origin": [10.3936, -12.4952, 4.4096]},
			"faces": {
				"north": {"uv": [0, 0, 3.25, 3.25], "texture": "#0"},
				"east": {"uv": [0, 0, 3.25, 3.25], "texture": "#0"},
				"south": {"uv": [0, 0, 3.25, 3.25], "texture": "#0"},
				"west": {"uv": [0, 0, 3.25, 3.25], "texture": "#0"},
				"up": {"uv": [0, 0, 3.25, 1.5], "texture": "#0"},
				"down": {"uv": [0, 0, 3.25, 1.5], "texture": "#0"}
			}
		},
		{
			"from": [5.9548, 13.5152, 5.9548],
			"to": [6.5532, 18.9008, 6.5532],
			"rotation": {"angle": 0, "axis": "y", "origin": [10.3936, -12.4952, 4.4096]},
			"faces": {
				"north": {"uv": [0, 0, 3.25, 3.25], "texture": "#0"},
				"east": {"uv": [0, 0, 3.25, 3.25], "texture": "#0"},
				"south": {"uv": [0, 0, 3.25, 3.25], "texture": "#0"},
				"west": {"uv": [0, 0, 3.25, 3.25], "texture": "#0"},
				"up": {"uv": [0, 0, 3.25, 1.5], "texture": "#0"},
				"down": {"uv": [0, 0, 3.25, 1.5], "texture": "#0"}
			}
		},
		{
			"from": [7.7008, 13.5152, 5.9548],
			"to": [8.2992, 18.9008, 6.5532],
			"rotation": {"angle": 0, "axis": "y", "origin": [10.3936, -12.4952, 4.4096]},
			"faces": {
				"north": {"uv": [0, 0, 3.25, 3.25], "texture": "#0"},
				"east": {"uv": [0, 0, 3.25, 3.25], "texture": "#0"},
				"south": {"uv": [0, 0, 3.25, 3.25], "texture": "#0"},
				"west": {"uv": [0, 0, 3.25, 3.25], "texture": "#0"},
				"up": {"uv": [0, 0, 3.25, 1.5], "texture": "#0"},
				"down": {"uv": [0, 0, 3.25, 1.5], "texture": "#0"}
			}
		},
		{
			"from": [5.9548, 13.5152, 9.4468],
			"to": [6.5532, 18.9008, 10.0452],
			"rotation": {"angle": 0, "axis": "y", "origin": [10.3936, -12.4952, 4.4096]},
			"faces": {
				"north": {"uv": [0, 0, 3.25, 3.25], "texture": "#0"},
				"east": {"uv": [0, 0, 3.25, 3.25], "texture": "#0"},
				"south": {"uv": [0, 0, 3.25, 3.25], "texture": "#0"},
				"west": {"uv": [0, 0, 3.25, 3.25], "texture": "#0"},
				"up": {"uv": [0, 0, 3.25, 1.5], "texture": "#0"},
				"down": {"uv": [0, 0, 3.25, 1.5], "texture": "#0"}
			}
		},
		{
			"from": [5.9548, 13.5152, 7.7008],
			"to": [6.5532, 18.9008, 8.2992],
			"rotation": {"angle": 0, "axis": "y", "origin": [10.3936, -12.4952, 4.4096]},
			"faces": {
				"north": {"uv": [0, 0, 3.25, 3.25], "texture": "#0"},
				"east": {"uv": [0, 0, 3.25, 3.25], "texture": "#0"},
				"south": {"uv": [0, 0, 3.25, 3.25], "texture": "#0"},
				"west": {"uv": [0, 0, 3.25, 3.25], "texture": "#0"},
				"up": {"uv": [0, 0, 3.25, 1.5], "texture": "#0"},
				"down": {"uv": [0, 0, 3.25, 1.5], "texture": "#0"}
			}
		},
		{
			"from": [9.4468, 13.5152, 9.4468],
			"to": [10.0452, 18.9008, 10.0452],
			"rotation": {"angle": 0, "axis": "y", "origin": [10.3936, -12.4952, 4.4096]},
			"faces": {
				"north": {"uv": [0, 0, 3.25, 3.25], "texture": "#0"},
				"east": {"uv": [0, 0, 3.25, 3.25], "texture": "#0"},
				"south": {"uv": [0, 0, 3.25, 3.25], "texture": "#0"},
				"west": {"uv": [0, 0, 3.25, 3.25], "texture": "#0"},
				"up": {"uv": [0, 0, 3.25, 1.5], "texture": "#0"},
				"down": {"uv": [0, 0, 3.25, 1.5], "texture": "#0"}
			}
		},
		{
			"from": [7.7008, 13.5152, 9.4468],
			"to": [8.2992, 18.9008, 10.0452],
			"rotation": {"angle": 0, "axis": "y", "origin": [10.3936, -12.4952, 4.4096]},
			"faces": {
				"north": {"uv": [0, 0, 3.25, 3.25], "texture": "#0"},
				"east": {"uv": [0, 0, 3.25, 3.25], "texture": "#0"},
				"south": {"uv": [0, 0, 3.25, 3.25], "texture": "#0"},
				"west": {"uv": [0, 0, 3.25, 3.25], "texture": "#0"},
				"up": {"uv": [0, 0, 3.25, 1.5], "texture": "#0"},
				"down": {"uv": [0, 0, 3.25, 1.5], "texture": "#0"}
			}
		},
		{
			"from": [6.5532, 13.5152, 5.3564],
			"to": [9.4468, 14.1136, 10.6436],
			"rotation": {"angle": 0, "axis": "y", "origin": [10.3936, -12.4952, 4.4096]},
			"faces": {
				"north": {"uv": [0, 0, 4, 1.5], "texture": "#0"},
				"east": {"uv": [0, 0, 5, 1.5], "texture": "#0"},
				"south": {"uv": [0, 0, 4, 1.5], "texture": "#0"},
				"west": {"uv": [0, 0, 5, 1.5], "texture": "#0"},
				"up": {"uv": [0, 0, 4, 3], "texture": "#0"},
				"down": {"uv": [0, 0, 4, 3], "texture": "#0"}
			}
		},
		{
			"from": [5.3564, 13.5152, 6.5532],
			"to": [10.6436, 14.1136, 9.4468],
			"rotation": {"angle": 0, "axis": "y", "origin": [10.3936, -12.4952, 4.4096]},
			"faces": {
				"north": {"uv": [0, 0, 5, 1.5], "texture": "#0"},
				"east": {"uv": [0, 0, 4, 1.5], "texture": "#0"},
				"south": {"uv": [0, 0, 5, 1.5], "texture": "#0"},
				"west": {"uv": [0, 0, 4, 1.5], "texture": "#0"},
				"up": {"uv": [0, 0, 5, 2], "texture": "#0"},
				"down": {"uv": [0, 0, 5, 2], "texture": "#0"}
			}
		},
		{
			"from": [5.3564, 18.3024, 6.5532],
			"to": [10.6436, 18.9008, 9.4468],
			"rotation": {"angle": 0, "axis": "y", "origin": [10.3936, -12.4952, 4.4096]},
			"faces": {
				"north": {"uv": [0, 0, 5, 1.5], "texture": "#0"},
				"east": {"uv": [0, 0, 4, 1.5], "texture": "#0"},
				"south": {"uv": [0, 0, 5, 1.5], "texture": "#0"},
				"west": {"uv": [0, 0, 4, 1.5], "texture": "#0"},
				"up": {"uv": [0, 0, 5, 2], "texture": "#0"},
				"down": {"uv": [0, 0, 5, 2], "texture": "#0"}
			}
		},
		{
			"from": [6.5532, 18.3024, 5.3564],
			"to": [9.4468, 18.9008, 10.6436],
			"rotation": {"angle": 0, "axis": "y", "origin": [10.3936, -12.4952, 4.4096]},
			"faces": {
				"north": {"uv": [0, 0, 4, 1.5], "texture": "#0"},
				"east": {"uv": [0, 0, 5, 1.5], "texture": "#0"},
				"south": {"uv": [0, 0, 4, 1.5], "texture": "#0"},
				"west": {"uv": [0, 0, 5, 1.5], "texture": "#0"},
				"up": {"uv": [0, 0, 4, 3], "texture": "#0"},
				"down": {"uv": [0, 0, 4, 3], "texture": "#0"}
			}
		},
		{
			"from": [6.5532, 14.1136, 6.5532],
			"to": [9.4468, 18.9008, 9.4468],
			"rotation": {"angle": 0, "axis": "y", "origin": [10.3936, -12.4952, 4.4096]},
			"faces": {
				"north": {"uv": [2, 2, 14, 14], "texture": "#1"},
				"east": {"uv": [2, 2, 14, 14], "texture": "#1"},
				"south": {"uv": [2, 2, 14, 14], "texture": "#1"},
				"west": {"uv": [2, 2, 14, 14], "texture": "#1"},
				"up": {"uv": [2, 2, 14, 13.5], "texture": "#1"},
				"down": {"uv": [2, 2, 14, 14], "texture": "#1"}
			}
		},
		{
			"from": [6.8032, 12.3184, 5.9548],
			"to": [9.1968, 13.5152, 6.5532],
			"rotation": {"angle": 0, "axis": "y", "origin": [10.3936, -12.4952, 4.4096]},
			"faces": {
				"north": {"uv": [0, 0, 4, 1.5], "texture": "#0"},
				"east": {"uv": [0, 0, 3.25, 1.5], "texture": "#0"},
				"south": {"uv": [0, 0, 4, 1.5], "texture": "#0"},
				"west": {"uv": [0, 0, 3.25, 1.5], "texture": "#0"},
				"up": {"uv": [0, 0, 4, 1.5], "texture": "#0"},
				"down": {"uv": [0, 0, 4, 1.5], "texture": "#0"}
			}
		},
		{
			"from": [6.5532, 18.3024, 5.9548],
			"to": [9.4468, 19.4992, 10.0452],
			"rotation": {"angle": 0, "axis": "y", "origin": [10.3936, -12.4952, 4.4096]},
			"faces": {
				"north": {"uv": [0, 0, 4, 1.5], "texture": "#0"},
				"east": {"uv": [0, 0, 4.5, 1.5], "texture": "#0"},
				"south": {"uv": [0, 0, 4, 1.5], "texture": "#0"},
				"west": {"uv": [0, 0, 4.5, 1.5], "texture": "#0"},
				"up": {"uv": [0, 0, 4, 2.5], "texture": "#0"},
				"down": {"uv": [0, 0, 4, 2.5], "texture": "#0"}
			}
		},
		{
			"from": [5.9548, 18.3024, 6.5532],
			"to": [10.0452, 19.4992, 9.4468],
			"rotation": {"angle": 0, "axis": "y", "origin": [10.3936, -12.4952, 4.4096]},
			"faces": {
				"north": {"uv": [0, 0, 4.5, 1.5], "texture": "#0"},
				"east": {"uv": [0, 0, 4, 1.5], "texture": "#0"},
				"south": {"uv": [0, 0, 4.5, 1.5], "texture": "#0"},
				"west": {"uv": [0, 0, 4, 1.5], "texture": "#0"},
				"up": {"uv": [0, 0, 4.5, 2], "texture": "#0"},
				"down": {"uv": [0, 0, 4.5, 2], "texture": "#0"}
			}
		},
		{
			"from": [6.8032, 19.4992, 6.8032],
			"to": [9.1968, 20.0976, 9.1968],
			"rotation": {"angle": 0, "axis": "y", "origin": [10.3936, -12.4952, 4.4096]},
			"faces": {
				"north": {"uv": [0, 0, 4, 1.5], "texture": "#0"},
				"east": {"uv": [0, 0, 4, 1.5], "texture": "#0"},
				"south": {"uv": [0, 0, 4, 1.5], "texture": "#0"},
				"west": {"uv": [0, 0, 4, 1.5], "texture": "#0"},
				"up": {"uv": [0, 0, 4, 2], "texture": "#0"},
				"down": {"uv": [0, 0, 4, 2], "texture": "#0"}
			}
		},
		{
			"from": [7.8504, 19.4992, 7.8504],
			"to": [8.1496, 21.2944, 8.1496],
			"rotation": {"angle": 0, "axis": "y", "origin": [10.3936, -12.4952, 4.4096]},
			"faces": {
				"north": {"uv": [0, 0, 3.125, 1.75], "texture": "#0"},
				"east": {"uv": [0, 0, 3.125, 1.75], "texture": "#0"},
				"south": {"uv": [0, 0, 3.125, 1.75], "texture": "#0"},
				"west": {"uv": [0, 0, 3.125, 1.75], "texture": "#0"},
				"up": {"uv": [0, 0, 3.125, 1.5], "texture": "#0"},
				"down": {"uv": [0, 0, 3.125, 1.5], "texture": "#0"}
			}
		},
		{
			"from": [6.8032, 12.3184, 9.4468],
			"to": [9.1968, 13.5152, 10.0452],
			"rotation": {"angle": 0, "axis": "y", "origin": [10.3936, -12.4952, 4.4096]},
			"faces": {
				"north": {"uv": [0, 0, 4, 1.5], "texture": "#0"},
				"east": {"uv": [0, 0, 3.25, 1.5], "texture": "#0"},
				"south": {"uv": [0, 0, 4, 1.5], "texture": "#0"},
				"west": {"uv": [0, 0, 3.25, 1.5], "texture": "#0"},
				"up": {"uv": [0, 0, 4, 1.5], "texture": "#0"},
				"down": {"uv": [0, 0, 4, 1.5], "texture": "#0"}
			}
		},
		{
			"from": [6.2048, 7.2068, 6.8032],
			"to": [9.7952, 8.4036, 9.1968],
			"rotation": {"angle": 0, "axis": "y", "origin": [10.3936, -12.4952, 4.4096]},
			"faces": {
				"north": {"uv": [0, 0, 8, 3.5], "texture": "#0"},
				"east": {"uv": [0, 0, 7.5, 3.5], "texture": "#0"},
				"south": {"uv": [0, 0, 8, 3.5], "texture": "#0"},
				"west": {"uv": [0, 0, 7.5, 3.5], "texture": "#0"},
				"up": {"uv": [0, 0, 8, 4], "texture": "#0"},
				"down": {"uv": [0, 0, 8, 4], "texture": "#0"}
			}
		},
		{
			"from": [6.8032, 7.2068, 6.2048],
			"to": [9.1968, 8.4036, 6.8032],
			"rotation": {"angle": 0, "axis": "y", "origin": [10.3936, -12.4952, 4.4096]},
			"faces": {
				"north": {"uv": [0, 0, 7.5, 3.5], "texture": "#0"},
				"east": {"uv": [0, 0, 6.75, 3.5], "texture": "#0"},
				"south": {"uv": [0, 0, 7.5, 3.5], "texture": "#0"},
				"west": {"uv": [0, 0, 6.75, 3.5], "texture": "#0"},
				"up": {"uv": [0, 0, 7.5, 3.25], "texture": "#0"},
				"down": {"uv": [0, 0, 7.5, 3.25], "texture": "#0"}
			}
		},
		{
			"from": [6.8032, 7.2068, 9.1968],
			"to": [9.1968, 8.4036, 9.7952],
			"rotation": {"angle": 0, "axis": "y", "origin": [10.3936, -12.4952, 4.4096]},
			"faces": {
				"north": {"uv": [0, 0, 7.5, 3.5], "texture": "#0"},
				"east": {"uv": [0, 0, 6.75, 3.5], "texture": "#0"},
				"south": {"uv": [0, 0, 7.5, 3.5], "texture": "#0"},
				"west": {"uv": [0, 0, 6.75, 3.5], "texture": "#0"},
				"up": {"uv": [0, 0, 7.5, 3.25], "texture": "#0"},
				"down": {"uv": [0, 0, 7.5, 3.25], "texture": "#0"}
			}
		}
	],
	"display": {
		"head": {
			"translation": [0, -20.5, 0],
			"scale": [3.5, 3.5, 3.5]
		}
	}
}