{
	"credit": "Made with Blockbench",
	"textures": {
		"0": "block/purpur_block",
		"1": "block/black_concrete_powder",
		"2": "block/red_mushroom_block",
		"5": "item/quartz",
		"6": "block/cyan_concrete_powder",
		"particle": "block/purpur_block"
	},
	"elements": [
		{
			"from": [4, 15, 3.5],
			"to": [11.25, 21.5, 12],
			"faces": {
				"north": {"uv": [0, 0, 7.25, 6.5], "texture": "#0"},
				"east": {"uv": [0, 0, 8.5, 6.5], "texture": "#0"},
				"south": {"uv": [0, 0, 7.25, 6.5], "texture": "#0"},
				"west": {"uv": [0, 0, 8.5, 6.5], "texture": "#0"},
				"up": {"uv": [0, 0, 7.25, 8.5], "texture": "#0"},
				"down": {"uv": [0, 0, 7.25, 8.5], "texture": "#0"}
			}
		},
		{
			"from": [5, 21.5, 4.5],
			"to": [10.5, 25, 11],
			"faces": {
				"north": {"uv": [0, 0, 5.5, 3.5], "texture": "#0"},
				"east": {"uv": [0, 0, 6.5, 3.5], "texture": "#0"},
				"south": {"uv": [0, 0, 5.5, 3.5], "texture": "#0"},
				"west": {"uv": [0, 0, 6.5, 3.5], "texture": "#0"},
				"up": {"uv": [0, 0, 5.5, 6.5], "texture": "#0"},
				"down": {"uv": [0, 0, 5.5, 6.5], "texture": "#0"}
			}
		},
		{
			"from": [4.75, 21.5, 11],
			"to": [10.5, 25.5, 11.5],
			"faces": {
				"north": {"uv": [5, 6.5, 10.75, 10.5], "texture": "#5"},
				"east": {"uv": [5, 6.5, 5.5, 10.5], "texture": "#5"},
				"south": {"uv": [5, 6.5, 10.75, 10.5], "texture": "#5"},
				"west": {"uv": [5, 6.5, 5.5, 10.5], "texture": "#5"},
				"up": {"uv": [5, 6.5, 10.75, 7], "texture": "#5"},
				"down": {"uv": [5, 6.5, 10.75, 7], "texture": "#5"}
			}
		},
		{
			"from": [4.75, 21.5, 4],
			"to": [10.5, 25.5, 4.5],
			"faces": {
				"north": {"uv": [5, 6, 10.75, 10], "texture": "#5"},
				"east": {"uv": [7.5, 6, 8, 10], "texture": "#5"},
				"south": {"uv": [4.5, 5.5, 10.25, 9.5], "texture": "#5"},
				"west": {"uv": [8.5, 7, 9, 11], "texture": "#5"},
				"up": {"uv": [5.5, 6.5, 11.25, 7], "texture": "#5"},
				"down": {"uv": [5, 5.5, 10.75, 6], "texture": "#5"}
			}
		},
		{
			"from": [4.75, 25, 4.5],
			"to": [10.5, 26, 11],
			"faces": {
				"north": {"uv": [5, 5.5, 10.75, 6.5], "texture": "#5"},
				"east": {"uv": [5, 5.5, 11.5, 6.5], "texture": "#5"},
				"south": {"uv": [5, 5.5, 10.75, 6.5], "texture": "#5"},
				"west": {"uv": [5, 5.5, 11.5, 6.5], "texture": "#5"},
				"up": {"uv": [5, 5.5, 10.75, 12], "texture": "#5"},
				"down": {"uv": [5, 5.5, 10.75, 12], "texture": "#5"}
			}
		},
		{
			"from": [4.75, 24.25, 6.75],
			"to": [5.75, 25, 8.75],
			"faces": {
				"north": {"uv": [5, 5.5, 10.75, 6.5], "texture": "#5"},
				"east": {"uv": [5, 5.5, 11.5, 6.5], "texture": "#5"},
				"south": {"uv": [5, 5.5, 10.75, 6.5], "texture": "#5"},
				"west": {"uv": [3, 4, 5.5, 5.5], "texture": "#5"},
				"up": {"uv": [5, 5.5, 10.75, 12], "texture": "#5"},
				"down": {"uv": [5, 5.5, 10.75, 12], "texture": "#5"}
			}
		},
		{
			"from": [4.5, 24, 5],
			"to": [7, 24.5, 6.5],
			"faces": {
				"north": {"uv": [0, 0, 2.5, 0.5], "texture": "#1"},
				"east": {"uv": [0, 0, 1.5, 0.5], "texture": "#1"},
				"south": {"uv": [0, 0, 2.5, 0.5], "texture": "#1"},
				"west": {"uv": [0, 0, 1.5, 0.5], "texture": "#1"},
				"up": {"uv": [0, 0, 2.5, 1.5], "texture": "#1"},
				"down": {"uv": [0, 0, 2.5, 1.5], "texture": "#1"}
			}
		},
		{
			"from": [4.5, 23.5, 6.5],
			"to": [7, 24, 7],
			"faces": {
				"north": {"uv": [0, 0, 2.5, 0.5], "texture": "#1"},
				"east": {"uv": [0, 0, 0.5, 0.5], "texture": "#1"},
				"south": {"uv": [0, 0, 2.5, 0.5], "texture": "#1"},
				"west": {"uv": [0, 0, 0.5, 0.5], "texture": "#1"},
				"up": {"uv": [0, 0, 2.5, 0.5], "texture": "#1"},
				"down": {"uv": [0, 0, 2.5, 0.5], "texture": "#1"}
			}
		},
		{
			"from": [4.5, 21.5, 5],
			"to": [7, 23.5, 7],
			"faces": {
				"north": {"uv": [0, 0, 2.5, 2], "texture": "#6"},
				"east": {"uv": [0, 0, 2, 2], "texture": "#6"},
				"south": {"uv": [0, 0, 2.5, 2], "texture": "#6"},
				"west": {"uv": [0, 0, 2, 2], "texture": "#6"},
				"up": {"uv": [0, 0, 2.5, 2], "texture": "#6"},
				"down": {"uv": [0, 0, 2.5, 2], "texture": "#6"}
			}
		},
		{
			"from": [4.5, 23.5, 5],
			"to": [7, 24, 6.5],
			"faces": {
				"north": {"uv": [0, 0, 2.5, 0.5], "texture": "#6"},
				"east": {"uv": [0, 0, 1.5, 0.5], "texture": "#6"},
				"south": {"uv": [0, 0, 2.5, 0.5], "texture": "#6"},
				"west": {"uv": [0, 0, 1.5, 0.5], "texture": "#6"},
				"up": {"uv": [0, 0, 2.5, 1.5], "texture": "#6"},
				"down": {"uv": [0, 0, 2.5, 1.5], "texture": "#6"}
			}
		},
		{
			"from": [4.25, 21.5, 6],
			"to": [4.5, 22.25, 6.75],
			"faces": {
				"north": {"uv": [0, 0, 0.25, 0.75], "texture": "#1"},
				"east": {"uv": [0, 0, 0.75, 0.75], "texture": "#1"},
				"south": {"uv": [0, 0, 0.25, 0.75], "texture": "#1"},
				"west": {"uv": [0, 0, 0.75, 0.75], "texture": "#1"},
				"up": {"uv": [0, 0, 0.25, 0.75], "texture": "#1"},
				"down": {"uv": [0, 0, 0.25, 0.75], "texture": "#1"}
			}
		},
		{
			"from": [4.5, 24, 9],
			"to": [7, 24.5, 10.5],
			"rotation": {"angle": 0, "axis": "y", "origin": [0, 0, 16]},
			"faces": {
				"north": {"uv": [2.5, 0, 5, 0.5], "texture": "#1"},
				"east": {"uv": [1.5, 0, 3, 0.5], "texture": "#1"},
				"south": {"uv": [2.5, 0, 5, 0.5], "texture": "#1"},
				"west": {"uv": [1.5, 0, 3, 0.5], "texture": "#1"},
				"up": {"uv": [0, 1.5, 2.5, 3], "texture": "#1"},
				"down": {"uv": [0, 1.5, 2.5, 3], "texture": "#1"}
			}
		},
		{
			"from": [4.5, 23.5, 8.5],
			"to": [7, 24, 9],
			"rotation": {"angle": 0, "axis": "y", "origin": [0, 0, 16]},
			"faces": {
				"north": {"uv": [2.5, 0, 5, 0.5], "texture": "#1"},
				"east": {"uv": [0.5, 0, 1, 0.5], "texture": "#1"},
				"south": {"uv": [2.5, 0, 5, 0.5], "texture": "#1"},
				"west": {"uv": [0.5, 0, 1, 0.5], "texture": "#1"},
				"up": {"uv": [0, 0.5, 2.5, 1], "texture": "#1"},
				"down": {"uv": [0, 0.5, 2.5, 1], "texture": "#1"}
			}
		},
		{
			"from": [4.5, 23.5, 9],
			"to": [7, 24, 10.5],
			"rotation": {"angle": 0, "axis": "y", "origin": [0, 0, 16]},
			"faces": {
				"north": {"uv": [2.5, 0, 5, 0.5], "texture": "#6"},
				"east": {"uv": [1.5, 0, 3, 0.5], "texture": "#6"},
				"south": {"uv": [2.5, 0, 5, 0.5], "texture": "#6"},
				"west": {"uv": [1.5, 0, 3, 0.5], "texture": "#6"},
				"up": {"uv": [0, 1.5, 2.5, 3], "texture": "#6"},
				"down": {"uv": [0, 1.5, 2.5, 3], "texture": "#6"}
			}
		},
		{
			"from": [4.5, 21.5, 8.5],
			"to": [7, 23.5, 10.5],
			"rotation": {"angle": 0, "axis": "y", "origin": [0, 0, 16]},
			"faces": {
				"north": {"uv": [2.5, 0, 5, 2], "texture": "#6"},
				"east": {"uv": [2, 0, 4, 2], "texture": "#6"},
				"south": {"uv": [2.5, 0, 5, 2], "texture": "#6"},
				"west": {"uv": [2, 0, 4, 2], "texture": "#6"},
				"up": {"uv": [0, 2, 2.5, 4], "texture": "#6"},
				"down": {"uv": [0, 2, 2.5, 4], "texture": "#6"}
			}
		},
		{
			"from": [4.25, 21.5, 8.75],
			"to": [4.5, 22.25, 9.5],
			"rotation": {"angle": 0, "axis": "y", "origin": [0, 0, 16]},
			"faces": {
				"north": {"uv": [0.25, 0, 0.5, 0.75], "texture": "#1"},
				"east": {"uv": [1, 0, 1.75, 0.75], "texture": "#1"},
				"south": {"uv": [0.25, 0, 0.5, 0.75], "texture": "#1"},
				"west": {"uv": [1, 0, 1.75, 0.75], "texture": "#1"},
				"up": {"uv": [0, 1, 0.25, 1.75], "texture": "#1"},
				"down": {"uv": [0, 1, 0.25, 1.75], "texture": "#1"}
			}
		},
		{
			"from": [3, 14.74219, 6],
			"to": [9.5, 18, 9.5],
			"faces": {
				"north": {"uv": [0, 0, 6.5, 3.25781], "texture": "#0"},
				"east": {"uv": [0, 0, 3.5, 3.25781], "texture": "#0"},
				"south": {"uv": [0, 0, 6.5, 3.25781], "texture": "#0"},
				"west": {"uv": [0, 0, 3.5, 3.25781], "texture": "#0"},
				"up": {"uv": [0, 0, 6.5, 3.5], "texture": "#0"},
				"down": {"uv": [0, 0, 6.5, 3.5], "texture": "#0"}
			}
		},
		{
			"from": [6, 25.5, 5],
			"to": [9.5, 30, 10.5],
			"faces": {
				"north": {"uv": [0, 0, 3, 0.5], "texture": "#5"},
				"east": {"uv": [0, 0, 4, 0.5], "texture": "#5"},
				"south": {"uv": [0, 0, 3, 0.5], "texture": "#5"},
				"west": {"uv": [1, 0.5, 14, 14], "texture": "#5"},
				"up": {"uv": [0, 0, 5, 1.5], "texture": "#5"},
				"down": {"uv": [0, 0, 3, 1.5], "texture": "#5"}
			}
		},
		{
			"from": [3.875, 18, 6.25],
			"to": [9.5, 19.5, 9.25],
			"faces": {
				"north": {"uv": [0, 0, 5.625, 1.5], "texture": "#2"},
				"east": {"uv": [0, 0, 3, 1.5], "texture": "#2"},
				"south": {"uv": [0, 0, 5.625, 1.5], "texture": "#2"},
				"west": {"uv": [0, 0, 3, 1.5], "texture": "#2"},
				"up": {"uv": [0, 0, 5.625, 3], "texture": "#2"},
				"down": {"uv": [0, 0, 5.625, 3], "texture": "#2"}
			}
		}
	],
	"display": {
		"thirdperson_righthand": {
			"rotation": [90, -90, 0],
			"translation": [-6.25, -2.75, -1.25],
			"scale": [1.4, 1.4, 1.4]
		},
		"head": {
			"rotation": [0, 90, 0],
			"translation": [0.25, -18.25, 1],
			"scale": [2.1, 2.1, 2.1]
		}
	},
	"groups": [
		{
			"name": "group",
			"origin": [0, 0, 0],
			"color": 0,
			"children": [
				0,
				1,
				2,
				3,
				4,
				5,
				{
					"name": "group",
					"origin": [0, 0, 0],
					"color": 0,
					"children": [6, 7, 8, 9, 10, 11, 12, 13, 14, 15]
				},
				16,
				17,
				18
			]
		}
	]
}