{
	"credit": "Made with Blockbench",
	"textures": {
		"0": "block/purpur_block",
		"1": "block/black_concrete_powder",
		"2": "block/red_mushroom_block",
		"3": "item/glowstone_dust",
		"4": "block/brown_concrete",
		"5": "item/quartz",
		"6": "block/cyan_concrete_powder",
		"particle": "block/purpur_block"
	},
	"elements": [
		{
			"from": [4, 15, 3.5],
			"to": [11.25, 21.5, 12],
			"faces": {
				"north": {"uv": [0, 0, 7.25, 6.5], "texture": "#0"},
				"east": {"uv": [0, 0, 8.5, 6.5], "texture": "#0"},
				"south": {"uv": [0, 0, 7.25, 6.5], "texture": "#0"},
				"west": {"uv": [0, 0, 8.5, 6.5], "texture": "#0"},
				"up": {"uv": [0, 0, 7.25, 8.5], "texture": "#0"},
				"down": {"uv": [0, 0, 7.25, 8.5], "texture": "#0"}
			}
		},
		{
			"from": [5, 21.5, 4.5],
			"to": [10.5, 25, 11],
			"faces": {
				"north": {"uv": [0, 0, 5.5, 3.5], "texture": "#0"},
				"east": {"uv": [0, 0, 6.5, 3.5], "texture": "#0"},
				"south": {"uv": [0, 0, 5.5, 3.5], "texture": "#0"},
				"west": {"uv": [0, 0, 6.5, 3.5], "texture": "#0"},
				"up": {"uv": [0, 0, 5.5, 6.5], "texture": "#0"},
				"down": {"uv": [0, 0, 5.5, 6.5], "texture": "#0"}
			}
		},
		{
			"from": [4.75, 21.5, 11],
			"to": [10.5, 25.5, 11.5],
			"faces": {
				"north": {"uv": [5, 6.5, 10.75, 10.5], "texture": "#5"},
				"east": {"uv": [5, 6.5, 5.5, 10.5], "texture": "#5"},
				"south": {"uv": [5, 6.5, 10.75, 10.5], "texture": "#5"},
				"west": {"uv": [5, 6.5, 5.5, 10.5], "texture": "#5"},
				"up": {"uv": [5, 6.5, 10.75, 7], "texture": "#5"},
				"down": {"uv": [5, 6.5, 10.75, 7], "texture": "#5"}
			}
		},
		{
			"from": [4.75, 21.5, 4],
			"to": [10.5, 25.5, 4.5],
			"faces": {
				"north": {"uv": [5, 6, 10.75, 10], "texture": "#5"},
				"east": {"uv": [7.5, 6, 8, 10], "texture": "#5"},
				"south": {"uv": [4.5, 5.5, 10.25, 9.5], "texture": "#5"},
				"west": {"uv": [8.5, 7, 9, 11], "texture": "#5"},
				"up": {"uv": [5.5, 6.5, 11.25, 7], "texture": "#5"},
				"down": {"uv": [5, 5.5, 10.75, 6], "texture": "#5"}
			}
		},
		{
			"from": [4.75, 25, 4.5],
			"to": [10.5, 26, 11],
			"faces": {
				"north": {"uv": [5, 5.5, 10.75, 6.5], "texture": "#5"},
				"east": {"uv": [5, 5.5, 11.5, 6.5], "texture": "#5"},
				"south": {"uv": [5, 5.5, 10.75, 6.5], "texture": "#5"},
				"west": {"uv": [5, 5.5, 11.5, 6.5], "texture": "#5"},
				"up": {"uv": [5, 5.5, 10.75, 12], "texture": "#5"},
				"down": {"uv": [5, 5.5, 10.75, 12], "texture": "#5"}
			}
		},
		{
			"from": [4.75, 24.25, 6.75],
			"to": [5.75, 25, 8.75],
			"faces": {
				"north": {"uv": [5, 5.5, 10.75, 6.5], "texture": "#5"},
				"east": {"uv": [5, 5.5, 11.5, 6.5], "texture": "#5"},
				"south": {"uv": [5, 5.5, 10.75, 6.5], "texture": "#5"},
				"west": {"uv": [3, 4, 5.5, 5.5], "texture": "#5"},
				"up": {"uv": [5, 5.5, 10.75, 12], "texture": "#5"},
				"down": {"uv": [5, 5.5, 10.75, 12], "texture": "#5"}
			}
		},
		{
			"from": [4.5, 24, 5],
			"to": [7, 24.5, 6.5],
			"faces": {
				"north": {"uv": [0, 0, 2.5, 0.5], "texture": "#1"},
				"east": {"uv": [0, 0, 1.5, 0.5], "texture": "#1"},
				"south": {"uv": [0, 0, 2.5, 0.5], "texture": "#1"},
				"west": {"uv": [0, 0, 1.5, 0.5], "texture": "#1"},
				"up": {"uv": [0, 0, 2.5, 1.5], "texture": "#1"},
				"down": {"uv": [0, 0, 2.5, 1.5], "texture": "#1"}
			}
		},
		{
			"from": [4.5, 23.5, 6.5],
			"to": [7, 24, 7],
			"faces": {
				"north": {"uv": [0, 0, 2.5, 0.5], "texture": "#1"},
				"east": {"uv": [0, 0, 0.5, 0.5], "texture": "#1"},
				"south": {"uv": [0, 0, 2.5, 0.5], "texture": "#1"},
				"west": {"uv": [0, 0, 0.5, 0.5], "texture": "#1"},
				"up": {"uv": [0, 0, 2.5, 0.5], "texture": "#1"},
				"down": {"uv": [0, 0, 2.5, 0.5], "texture": "#1"}
			}
		},
		{
			"from": [4.5, 21.5, 5],
			"to": [7, 23.5, 7],
			"faces": {
				"north": {"uv": [0, 0, 2.5, 2], "texture": "#6"},
				"east": {"uv": [0, 0, 2, 2], "texture": "#6"},
				"south": {"uv": [0, 0, 2.5, 2], "texture": "#6"},
				"west": {"uv": [0, 0, 2, 2], "texture": "#6"},
				"up": {"uv": [0, 0, 2.5, 2], "texture": "#6"},
				"down": {"uv": [0, 0, 2.5, 2], "texture": "#6"}
			}
		},
		{
			"from": [4.5, 23.5, 5],
			"to": [7, 24, 6.5],
			"faces": {
				"north": {"uv": [0, 0, 2.5, 0.5], "texture": "#6"},
				"east": {"uv": [0, 0, 1.5, 0.5], "texture": "#6"},
				"south": {"uv": [0, 0, 2.5, 0.5], "texture": "#6"},
				"west": {"uv": [0, 0, 1.5, 0.5], "texture": "#6"},
				"up": {"uv": [0, 0, 2.5, 1.5], "texture": "#6"},
				"down": {"uv": [0, 0, 2.5, 1.5], "texture": "#6"}
			}
		},
		{
			"from": [4.25, 21.5, 6],
			"to": [4.5, 22.25, 6.75],
			"faces": {
				"north": {"uv": [0, 0, 0.25, 0.75], "texture": "#1"},
				"east": {"uv": [0, 0, 0.75, 0.75], "texture": "#1"},
				"south": {"uv": [0, 0, 0.25, 0.75], "texture": "#1"},
				"west": {"uv": [0, 0, 0.75, 0.75], "texture": "#1"},
				"up": {"uv": [0, 0, 0.25, 0.75], "texture": "#1"},
				"down": {"uv": [0, 0, 0.25, 0.75], "texture": "#1"}
			}
		},
		{
			"from": [4.5, 24, 9],
			"to": [7, 24.5, 10.5],
			"rotation": {"angle": 0, "axis": "y", "origin": [0, 0, 16]},
			"faces": {
				"north": {"uv": [2.5, 0, 5, 0.5], "texture": "#1"},
				"east": {"uv": [1.5, 0, 3, 0.5], "texture": "#1"},
				"south": {"uv": [2.5, 0, 5, 0.5], "texture": "#1"},
				"west": {"uv": [1.5, 0, 3, 0.5], "texture": "#1"},
				"up": {"uv": [0, 1.5, 2.5, 3], "texture": "#1"},
				"down": {"uv": [0, 1.5, 2.5, 3], "texture": "#1"}
			}
		},
		{
			"from": [4.5, 23.5, 8.5],
			"to": [7, 24, 9],
			"rotation": {"angle": 0, "axis": "y", "origin": [0, 0, 16]},
			"faces": {
				"north": {"uv": [2.5, 0, 5, 0.5], "texture": "#1"},
				"east": {"uv": [0.5, 0, 1, 0.5], "texture": "#1"},
				"south": {"uv": [2.5, 0, 5, 0.5], "texture": "#1"},
				"west": {"uv": [0.5, 0, 1, 0.5], "texture": "#1"},
				"up": {"uv": [0, 0.5, 2.5, 1], "texture": "#1"},
				"down": {"uv": [0, 0.5, 2.5, 1], "texture": "#1"}
			}
		},
		{
			"from": [4.5, 23.5, 9],
			"to": [7, 24, 10.5],
			"rotation": {"angle": 0, "axis": "y", "origin": [0, 0, 16]},
			"faces": {
				"north": {"uv": [2.5, 0, 5, 0.5], "texture": "#6"},
				"east": {"uv": [1.5, 0, 3, 0.5], "texture": "#6"},
				"south": {"uv": [2.5, 0, 5, 0.5], "texture": "#6"},
				"west": {"uv": [1.5, 0, 3, 0.5], "texture": "#6"},
				"up": {"uv": [0, 1.5, 2.5, 3], "texture": "#6"},
				"down": {"uv": [0, 1.5, 2.5, 3], "texture": "#6"}
			}
		},
		{
			"from": [4.5, 21.5, 8.5],
			"to": [7, 23.5, 10.5],
			"rotation": {"angle": 0, "axis": "y", "origin": [0, 0, 16]},
			"faces": {
				"north": {"uv": [2.5, 0, 5, 2], "texture": "#6"},
				"east": {"uv": [2, 0, 4, 2], "texture": "#6"},
				"south": {"uv": [2.5, 0, 5, 2], "texture": "#6"},
				"west": {"uv": [2, 0, 4, 2], "texture": "#6"},
				"up": {"uv": [0, 2, 2.5, 4], "texture": "#6"},
				"down": {"uv": [0, 2, 2.5, 4], "texture": "#6"}
			}
		},
		{
			"from": [4.25, 21.5, 8.75],
			"to": [4.5, 22.25, 9.5],
			"rotation": {"angle": 0, "axis": "y", "origin": [0, 0, 16]},
			"faces": {
				"north": {"uv": [0.25, 0, 0.5, 0.75], "texture": "#1"},
				"east": {"uv": [1, 0, 1.75, 0.75], "texture": "#1"},
				"south": {"uv": [0.25, 0, 0.5, 0.75], "texture": "#1"},
				"west": {"uv": [1, 0, 1.75, 0.75], "texture": "#1"},
				"up": {"uv": [0, 1, 0.25, 1.75], "texture": "#1"},
				"down": {"uv": [0, 1, 0.25, 1.75], "texture": "#1"}
			}
		},
		{
			"from": [3, 14.74219, 6],
			"to": [9.5, 18, 9.5],
			"faces": {
				"north": {"uv": [0, 0, 6.5, 3.25781], "texture": "#0"},
				"east": {"uv": [0, 0, 3.5, 3.25781], "texture": "#0"},
				"south": {"uv": [0, 0, 6.5, 3.25781], "texture": "#0"},
				"west": {"uv": [0, 0, 3.5, 3.25781], "texture": "#0"},
				"up": {"uv": [0, 0, 6.5, 3.5], "texture": "#0"},
				"down": {"uv": [0, 0, 6.5, 3.5], "texture": "#0"}
			}
		},
		{
			"from": [6, 25.5, 5],
			"to": [9.5, 30, 10.5],
			"faces": {
				"north": {"uv": [0, 0, 3, 0.5], "texture": "#5"},
				"east": {"uv": [0, 0, 4, 0.5], "texture": "#5"},
				"south": {"uv": [0, 0, 3, 0.5], "texture": "#5"},
				"west": {"uv": [1, 0.5, 14, 14], "texture": "#5"},
				"up": {"uv": [0, 0, 5, 1.5], "texture": "#5"},
				"down": {"uv": [0, 0, 3, 1.5], "texture": "#5"}
			}
		},
		{
			"from": [3.875, 18, 6.25],
			"to": [9.5, 19.5, 9.25],
			"faces": {
				"north": {"uv": [0, 0, 5.625, 1.5], "texture": "#2"},
				"east": {"uv": [0, 0, 3, 1.5], "texture": "#2"},
				"south": {"uv": [0, 0, 5.625, 1.5], "texture": "#2"},
				"west": {"uv": [0, 0, 3, 1.5], "texture": "#2"},
				"up": {"uv": [0, 0, 5.625, 3], "texture": "#2"},
				"down": {"uv": [0, 0, 5.625, 3], "texture": "#2"}
			}
		},
		{
			"from": [6.5, 6, 0.5],
			"to": [13.5, 17.5, 15],
			"faces": {
				"north": {"uv": [0, 0, 7, 11.5], "texture": "#0"},
				"east": {"uv": [0, 0, 14.5, 11.5], "texture": "#0"},
				"south": {"uv": [0, 0, 7, 11.5], "texture": "#0"},
				"west": {"uv": [0, 0, 14.5, 11.5], "texture": "#0"},
				"up": {"uv": [0, 0, 7, 14.5], "texture": "#0"},
				"down": {"uv": [0, 0, 7, 14.5], "texture": "#0"}
			}
		},
		{
			"from": [7.5, 16.5, 7],
			"to": [13, 21.5, 16.5],
			"rotation": {"angle": 22.5, "axis": "x", "origin": [0, 0, 0]},
			"faces": {
				"north": {"uv": [0, 0, 5.5, 5], "texture": "#0"},
				"east": {"uv": [0, 0, 9.5, 5], "texture": "#0"},
				"south": {"uv": [0, 0, 5.5, 5], "texture": "#0"},
				"west": {"uv": [0, 0, 9.5, 5], "texture": "#0"},
				"up": {"uv": [0, 0, 5.5, 9.5], "texture": "#0"},
				"down": {"uv": [0, 0, 5.5, 9.5], "texture": "#0"}
			}
		},
		{
			"from": [-3.09766, 9.67969, 21.32031],
			"to": [8.40234, 13.17969, 25.32031],
			"rotation": {"angle": 0, "axis": "y", "origin": [0, 1, -4.5]},
			"faces": {
				"north": {"uv": [0, 0, 11.5, 3.5], "texture": "#0"},
				"east": {"uv": [0, 0, 4, 3.5], "texture": "#0"},
				"south": {"uv": [0, 0, 11.5, 3.5], "texture": "#0"},
				"west": {"uv": [0, 0, 4, 3.5], "texture": "#0"},
				"up": {"uv": [0, 0, 4, 11.5], "rotation": 90, "texture": "#0"},
				"down": {"uv": [0, 0, 4, 11.5], "rotation": 270, "texture": "#0"}
			}
		},
		{
			"from": [-5.39062, 12.17969, 21.32031],
			"to": [-3.09766, 13.17969, 25.32031],
			"rotation": {"angle": 0, "axis": "y", "origin": [0, 1, -4.5]},
			"faces": {
				"north": {"uv": [0, 0, 2.29297, 1], "texture": "#0"},
				"east": {"uv": [0, 0, 4, 1], "texture": "#0"},
				"south": {"uv": [0, 0, 2.29297, 1], "texture": "#0"},
				"west": {"uv": [0, 0, 4, 1], "texture": "#0"},
				"up": {"uv": [0, 0, 4, 2.29297], "rotation": 90, "texture": "#0"},
				"down": {"uv": [0, 0, 4, 2.29297], "rotation": 270, "texture": "#0"}
			}
		},
		{
			"from": [22, 9.18359, 4.18359],
			"to": [27, 13.72266, 10.70703],
			"rotation": {"angle": -45, "axis": "y", "origin": [0, 1, -4.5]},
			"faces": {
				"north": {"uv": [0, 0, 5, 4.53906], "texture": "#0"},
				"east": {"uv": [0, 0, 6.52344, 4.53906], "texture": "#0"},
				"south": {"uv": [0, 0, 5, 4.53906], "texture": "#0"},
				"west": {"uv": [0, 0, 6.52344, 4.53906], "texture": "#0"},
				"up": {"uv": [0, 0, 5, 6.52344], "texture": "#0"},
				"down": {"uv": [0, 0, 5, 6.52344], "texture": "#0"}
			}
		},
		{
			"from": [7.5, 16.5, -0.5],
			"to": [13, 21.5, 9],
			"rotation": {"angle": -22.5, "axis": "x", "origin": [0, 0, 16]},
			"faces": {
				"north": {"uv": [5.5, 0, 0, 5], "texture": "#0"},
				"east": {"uv": [9.5, 0, 0, 5], "texture": "#0"},
				"south": {"uv": [5.5, 0, 0, 5], "texture": "#0"},
				"west": {"uv": [9.5, 0, 0, 5], "texture": "#0"},
				"up": {"uv": [0, 9.5, 5.5, 0], "texture": "#0"},
				"down": {"uv": [0, 9.5, 5.5, 0], "texture": "#0"}
			}
		},
		{
			"from": [-3.09766, 9.67969, -9.32031],
			"to": [8.40234, 13.17969, -5.32031],
			"rotation": {"angle": 0, "axis": "y", "origin": [0, 1, 20.5]},
			"faces": {
				"north": {"uv": [4.5, 0, 16, 3.5], "texture": "#0"},
				"east": {"uv": [4, 0, 8, 3.5], "texture": "#0"},
				"south": {"uv": [4.5, 0, 16, 3.5], "texture": "#0"},
				"west": {"uv": [4, 0, 8, 3.5], "texture": "#0"},
				"up": {"uv": [4, 0, 8, 11.5], "rotation": 90, "texture": "#0"},
				"down": {"uv": [4, 0, 8, 11.5], "rotation": 270, "texture": "#0"}
			}
		},
		{
			"from": [22, 9.18359, 5.29297],
			"to": [27, 13.72266, 11.81641],
			"rotation": {"angle": 45, "axis": "y", "origin": [0, 1, 20.5]},
			"faces": {
				"north": {"uv": [5, 0, 10, 4.53906], "texture": "#0"},
				"east": {"uv": [6.52344, 0, 13.04688, 4.53906], "texture": "#0"},
				"south": {"uv": [5, 0, 10, 4.53906], "texture": "#0"},
				"west": {"uv": [6.52344, 0, 13.04688, 4.53906], "texture": "#0"},
				"up": {"uv": [0, 6.52344, 5, 13.04688], "texture": "#0"},
				"down": {"uv": [0, 6.52344, 5, 13.04688], "texture": "#0"}
			}
		},
		{
			"from": [-5.39062, 12.17969, -9.32031],
			"to": [-3.09766, 13.17969, -5.32031],
			"rotation": {"angle": 0, "axis": "y", "origin": [0, 1, 20.5]},
			"faces": {
				"north": {"uv": [2.29297, 0, 4.58594, 1], "texture": "#0"},
				"east": {"uv": [4, 0, 8, 1], "texture": "#0"},
				"south": {"uv": [2.29297, 0, 4.58594, 1], "texture": "#0"},
				"west": {"uv": [4, 0, 8, 1], "texture": "#0"},
				"up": {"uv": [4, 0, 8, 2.29297], "rotation": 90, "texture": "#0"},
				"down": {"uv": [4, 0, 8, 2.29297], "rotation": 270, "texture": "#0"}
			}
		},
		{
			"from": [5.5, 6, 0.5],
			"to": [6.5, 13, 15],
			"faces": {
				"north": {"uv": [0, 0, 1, 7], "texture": "#0"},
				"east": {"uv": [0, 0, 14.5, 7], "texture": "#0"},
				"south": {"uv": [0, 0, 1, 7], "texture": "#0"},
				"west": {"uv": [0, 0, 14.5, 7], "texture": "#0"},
				"up": {"uv": [0, 0, 1, 14.5], "texture": "#0"},
				"down": {"uv": [0, 0, 1, 14.5], "texture": "#0"}
			}
		},
		{
			"from": [5.35156, 14.25, -7],
			"to": [5.63281, 14.5, -4],
			"rotation": {"angle": 45, "axis": "x", "origin": [0, 0, 0]},
			"faces": {
				"north": {"uv": [0, 0, 0.28125, 0.25], "texture": "#4"},
				"east": {"uv": [0, 0, 3, 0.25], "texture": "#4"},
				"south": {"uv": [0, 0, 0.28125, 0.25], "texture": "#4"},
				"west": {"uv": [0, 0, 3, 0.25], "texture": "#4"},
				"up": {"uv": [0, 0, 0.28125, 3], "texture": "#4"},
				"down": {"uv": [0, 0, 0.28125, 3], "texture": "#4"}
			}
		},
		{
			"from": [5.35156, 15, -3.60156],
			"to": [5.63281, 18, -3.35156],
			"rotation": {"angle": 45, "axis": "x", "origin": [0, 0, 0]},
			"faces": {
				"north": {"uv": [0, 0, 0.28125, 3], "rotation": 180, "texture": "#4"},
				"east": {"uv": [0, 0, 3, 0.25], "rotation": 270, "texture": "#4"},
				"south": {"uv": [0, 0, 0.28125, 3], "texture": "#4"},
				"west": {"uv": [0, 0, 3, 0.25], "rotation": 90, "texture": "#4"},
				"up": {"uv": [0, 0, 0.28125, 0.25], "rotation": 180, "texture": "#4"},
				"down": {"uv": [0, 0, 0.28125, 0.25], "texture": "#4"}
			}
		},
		{
			"from": [4.5, 6, 0.5],
			"to": [5.5, 11.5, 15],
			"faces": {
				"north": {"uv": [0, 0, 1, 5.5], "texture": "#1"},
				"east": {"uv": [0, 0, 14.5, 5.5], "texture": "#1"},
				"south": {"uv": [0, 0, 1, 5.5], "texture": "#1"},
				"west": {"uv": [0, 0, 14.5, 5.5], "texture": "#1"},
				"up": {"uv": [0, 0, 1, 14.5], "texture": "#1"},
				"down": {"uv": [0, 0, 1, 14.5], "texture": "#1"}
			}
		},
		{
			"from": [3, -10.5, -0.5],
			"to": [14.25, 6, 16],
			"faces": {
				"north": {"uv": [0, 0, 11.25, 16], "texture": "#1"},
				"east": {"uv": [0, 0, 16, 16], "texture": "#1"},
				"south": {"uv": [0, 0, 11.25, 16], "texture": "#1"},
				"west": {"uv": [0, 0, 16, 16], "texture": "#1"},
				"up": {"uv": [0, 0, 11.25, 16], "texture": "#1"},
				"down": {"uv": [0, 0, 11.25, 16], "texture": "#1"}
			}
		},
		{
			"from": [5.30859, 11.5, 6.24609],
			"to": [5.48828, 14.5, 9.24609],
			"faces": {
				"north": {"uv": [0, 0, 0.5, 5.5], "texture": "#3"},
				"east": {"uv": [0, 0, 4.5, 4], "texture": "#3"},
				"south": {"uv": [0, 0, 0.5, 5.5], "texture": "#3"},
				"west": {"uv": [0, 0, 16, 16], "texture": "#3"},
				"up": {"uv": [0, 0, 0.5, 5.5], "texture": "#3"},
				"down": {"uv": [0, 0, 0.5, 5.5], "texture": "#3"}
			}
		}
	],
	"display": {
		"head": {
			"rotation": [0, 90, 0],
			"translation": [0.25, -6, 1],
			"scale": [2.1, 2.1, 2.1]
		}
	},
	"groups": [
		{
			"name": "group",
			"origin": [0, 0, 0],
			"color": 0,
			"children": [
				0,
				1,
				2,
				3,
				4,
				5,
				{
					"name": "group",
					"origin": [0, 0, 0],
					"color": 0,
					"children": [6, 7, 8, 9, 10, 11, 12, 13, 14, 15]
				},
				16,
				17,
				18,
				19,
				20,
				21,
				22,
				23,
				24,
				25,
				26,
				27,
				28,
				29,
				30,
				31,
				32,
				33
			]
		}
	]
}