{
	"credit": "Made with Blockbench",
	"textures": {
		"0": "block/purpur_block",
		"particle": "block/purpur_block"
	},
	"elements": [
		{
			"from": [7.5, 16.5, 7],
			"to": [13, 21.5, 16.5],
			"rotation": {"angle": 22.5, "axis": "x", "origin": [0, 0, 0]},
			"faces": {
				"north": {"uv": [0, 0, 5.5, 5], "texture": "#0"},
				"east": {"uv": [0, 0, 9.5, 5], "texture": "#0"},
				"south": {"uv": [0, 0, 5.5, 5], "texture": "#0"},
				"west": {"uv": [0, 0, 9.5, 5], "texture": "#0"},
				"up": {"uv": [0, 0, 5.5, 9.5], "texture": "#0"},
				"down": {"uv": [0, 0, 5.5, 9.5], "texture": "#0"}
			}
		},
		{
			"from": [-3.09766, 9.67969, 21.32031],
			"to": [8.40234, 13.17969, 25.32031],
			"rotation": {"angle": 0, "axis": "y", "origin": [0, 1, -4.5]},
			"faces": {
				"north": {"uv": [0, 0, 11.5, 3.5], "texture": "#0"},
				"east": {"uv": [0, 0, 4, 3.5], "texture": "#0"},
				"south": {"uv": [0, 0, 11.5, 3.5], "texture": "#0"},
				"west": {"uv": [0, 0, 4, 3.5], "texture": "#0"},
				"up": {"uv": [0, 0, 4, 11.5], "rotation": 90, "texture": "#0"},
				"down": {"uv": [0, 0, 4, 11.5], "rotation": 270, "texture": "#0"}
			}
		},
		{
			"from": [-5.39062, 12.17969, 21.32031],
			"to": [-3.09766, 13.17969, 25.32031],
			"rotation": {"angle": 0, "axis": "y", "origin": [0, 1, -4.5]},
			"faces": {
				"north": {"uv": [0, 0, 2.29297, 1], "texture": "#0"},
				"east": {"uv": [0, 0, 4, 1], "texture": "#0"},
				"south": {"uv": [0, 0, 2.29297, 1], "texture": "#0"},
				"west": {"uv": [0, 0, 4, 1], "texture": "#0"},
				"up": {"uv": [0, 0, 4, 2.29297], "rotation": 90, "texture": "#0"},
				"down": {"uv": [0, 0, 4, 2.29297], "rotation": 270, "texture": "#0"}
			}
		},
		{
			"from": [22, 9.18359, 4.18359],
			"to": [27, 13.72266, 10.70703],
			"rotation": {"angle": -45, "axis": "y", "origin": [0, 1, -4.5]},
			"faces": {
				"north": {"uv": [0, 0, 5, 4.53906], "texture": "#0"},
				"east": {"uv": [0, 0, 6.52344, 4.53906], "texture": "#0"},
				"south": {"uv": [0, 0, 5, 4.53906], "texture": "#0"},
				"west": {"uv": [0, 0, 6.52344, 4.53906], "texture": "#0"},
				"up": {"uv": [0, 0, 5, 6.52344], "texture": "#0"},
				"down": {"uv": [0, 0, 5, 6.52344], "texture": "#0"}
			}
		}
	],
	"display": {
		"thirdperson_righthand": {
			"rotation": [90, -90, 0],
			"translation": [20.25, 0, 0],
			"scale": [1.4, 1.4, 1.4]
		},
		"head": {
			"rotation": [0, 90, 0],
			"translation": [0.25, -6, 1],
			"scale": [2.1, 2.1, 2.1]
		}
	},
	"groups": [
		{
			"name": "group",
			"origin": [0, 0, 0],
			"color": 0,
			"children": [
				{
					"name": "group",
					"origin": [0, 0, 0],
					"color": 0,
					"children": []
				},
				0,
				1,
				2,
				3
			]
		}
	]
}