{
	"credit": "Made with Blockbench",
	"textures": {
		"1": "item/generic/pride",
		"2": "block/stripped_dark_oak_log",
		"particle": "item/generic/pride"
	},
	"elements": [
		{
			"from": [15, -16, 0],
			"to": [16, 8, 1],
			"faces": {
				"north": {"uv": [0, 0, 1, 16], "texture": "#2"},
				"east": {"uv": [0, 0, 1, 16], "texture": "#2"},
				"south": {"uv": [0, 0, 1, 16], "texture": "#2"},
				"west": {"uv": [0, 0, 1, 16], "texture": "#2"},
				"up": {"uv": [0, 0, 1, 1], "texture": "#2"},
				"down": {"uv": [0, 0, 1, 1], "texture": "#2"}
			}
		},
		{
			"from": [7, 0.25, 0.5],
			"to": [11, 3.25, 1],
			"faces": {
				"north": {"uv": [0, 5.46067, 4.29213, 10.52809], "texture": "#1"},
				"east": {"uv": [0, 5.37079, 1.69101, 10.52809], "texture": "#1"},
				"south": {"uv": [0, 5.41573, 3.70787, 10.52809], "texture": "#1"},
				"west": {"uv": [0, 5.50562, 1.08427, 10.61798], "texture": "#1"},
				"up": {"uv": [0, 0, 4, 0.5], "texture": "#1"},
				"down": {"uv": [0, 0, 4, 0.5], "texture": "#1"}
			}
		},
		{
			"from": [7, 3.25, 0.5],
			"to": [11, 6.25, 1],
			"faces": {
				"north": {"uv": [0, 0, 6.69663, 5.31461], "texture": "#1"},
				"east": {"uv": [0, 0, 0.90449, 5.22472], "texture": "#1"},
				"south": {"uv": [0, 0, 5.4382, 5.31461], "texture": "#1"},
				"west": {"uv": [0, 0, 0.74719, 5.22472], "texture": "#1"},
				"up": {"uv": [0, 0, 4, 0.5], "texture": "#1"},
				"down": {"uv": [0, 0, 4, 0.5], "texture": "#1"}
			}
		},
		{
			"from": [11, 4, 0.25],
			"to": [15, 7, 0.75],
			"faces": {
				"north": {"uv": [0, 0, 6.69663, 5.31461], "texture": "#1"},
				"east": {"uv": [0, 0, 0.5, 3], "texture": "#1"},
				"south": {"uv": [0, 0, 5.4382, 5.31461], "texture": "#1"},
				"west": {"uv": [0, 0, 0.79213, 5.1573], "texture": "#1"},
				"up": {"uv": [0, 0, 4, 0.5], "texture": "#1"},
				"down": {"uv": [0, 0, 4, 0.5], "texture": "#1"}
			}
		},
		{
			"from": [3, 2.25, 0.75],
			"to": [7, 5.25, 1.25],
			"faces": {
				"north": {"uv": [0, 0, 7.23596, 5.31461], "texture": "#1"},
				"east": {"uv": [0, 0, 0.45506, 5.22472], "texture": "#1"},
				"south": {"uv": [1.14607, 0, 7.1236, 5.31461], "texture": "#1"},
				"west": {"uv": [3.48315, 0, 5.26404, 5.22472], "texture": "#1"},
				"up": {"uv": [0, 0, 4, 0.5], "texture": "#1"},
				"down": {"uv": [0, 0, 4, 0.5], "texture": "#1"}
			}
		},
		{
			"from": [3, -0.75, 0.75],
			"to": [7, 2.25, 1.25],
			"faces": {
				"north": {"uv": [0, 5.46067, 4.29213, 10.52809], "texture": "#1"},
				"east": {"uv": [0, 5.41573, 1.57865, 10.39326], "texture": "#1"},
				"south": {"uv": [0, 5.41573, 3.70787, 10.52809], "texture": "#1"},
				"west": {"uv": [0, 5.25843, 1.44382, 10.73034], "texture": "#1"},
				"up": {"uv": [0, 0, 4, 0.5], "texture": "#1"},
				"down": {"uv": [0, 0, 4, 0.5], "texture": "#1"}
			}
		},
		{
			"from": [3, -3.75, 0.75],
			"to": [7, -0.75, 1.25],
			"faces": {
				"north": {"uv": [0.74157, 10.73034, 4.78652, 16], "texture": "#1"},
				"east": {"uv": [0, 10.73034, 0.79213, 16], "texture": "#1"},
				"south": {"uv": [0, 10.77528, 2.22472, 16], "texture": "#1"},
				"west": {"uv": [0, 10.77528, 0.94944, 16], "texture": "#1"},
				"up": {"uv": [0, 0, 4, 0.5], "texture": "#1"},
				"down": {"uv": [1.73034, 14.5618, 5.73034, 15.0618], "texture": "#1"}
			}
		},
		{
			"from": [7, -2.75, 0.5],
			"to": [11, 0.25, 1],
			"faces": {
				"north": {"uv": [0.74157, 10.73034, 4.78652, 16], "texture": "#1"},
				"east": {"uv": [0, 10.77528, 1.53371, 16], "texture": "#1"},
				"south": {"uv": [0, 10.77528, 2.22472, 16], "texture": "#1"},
				"west": {"uv": [0, 10.77528, 0.83708, 16], "texture": "#1"},
				"up": {"uv": [0, 0, 4, 0.5], "texture": "#1"},
				"down": {"uv": [1.86517, 14.7191, 5.86517, 15.2191], "texture": "#1"}
			}
		},
		{
			"from": [11, -2, 0.25],
			"to": [15, 1, 0.75],
			"faces": {
				"north": {"uv": [0.74157, 10.73034, 4.78652, 16], "texture": "#1"},
				"east": {"uv": [0, 0, 0.5, 3], "texture": "#1"},
				"south": {"uv": [0, 10.77528, 2.22472, 16], "texture": "#1"},
				"west": {"uv": [0, 10.77528, 0.94944, 16], "texture": "#1"},
				"up": {"uv": [0, 0, 4, 0.5], "texture": "#1"},
				"down": {"uv": [2.94382, 14.76404, 6.94382, 15.26404], "texture": "#1"}
			}
		},
		{
			"from": [11, 1, 0.25],
			"to": [15, 4, 0.75],
			"faces": {
				"north": {"uv": [0, 5.46067, 4.29213, 10.52809], "texture": "#1"},
				"east": {"uv": [0, 0, 0.5, 3], "texture": "#1"},
				"south": {"uv": [0, 5.41573, 3.70787, 10.52809], "texture": "#1"},
				"west": {"uv": [0, 5.37079, 0.41011, 10.68539], "texture": "#1"},
				"up": {"uv": [0, 0, 4, 0.5], "texture": "#1"},
				"down": {"uv": [0, 0, 4, 0.5], "texture": "#1"}
			}
		}
	],
	"display": {
		"thirdperson_righthand": {
			"rotation": [0, -90, -30],
			"translation": [-8, 20, 6]
		},
		"thirdperson_lefthand": {
			"rotation": [0, 90, 30],
			"translation": [8, 20, 6]
		},
		"firstperson_righthand": {
			"rotation": [0, -100, 30],
			"translation": [0, 9.25, -14.75]
		},
		"firstperson_lefthand": {
			"rotation": [0, 100, -30],
			"translation": [6.75, 9.75, -14.75]
		},
		"ground": {
			"translation": [-8.75, 13.5, 18.5]
		},
		"gui": {
			"rotation": [-180, 30, -143],
			"translation": [7.25, 3.5, 0],
			"scale": [0.6, 0.6, 0.6]
		},
		"head": {
			"translation": [-7.25, 28.25, 7.5],
			"scale": [4, 4, 4]
		},
		"fixed": {
			"translation": [0, 11.5, 6]
		}
	},
	"groups": [
		0,
		1,
		{
			"name": "White",
			"origin": [0, 0, 0],
			"color": 0,
			"children": [2, 3, 4, 5, 6, 7, 8, 9]
		}
	]
}