{
    "parent": "minecraft:item/generated",
        "textures": {
          "layer0": "minecraft:item/mushroom_stew"
        },
	
	"overrides":[
	
		{"predicate": {"custom_model_data":1}, "model": "item/item/food/item-food-coffee"},
        {"predicate": {"custom_model_data":2}, "model": "item/item/food/item-food-milkshake-vanilla"},
        {"predicate": {"custom_model_data":3}, "model": "item/item/food/item-food-milkshake-mint"},
        {"predicate": {"custom_model_data":4}, "model": "item/item/food/item-food-burger"},
        {"predicate": {"custom_model_data":5}, "model": "item/item/food/item-food-popcorn"},
        {"predicate": {"custom_model_data":6}, "model": "item/item/food/item-food-hotdog"},
        {"predicate": {"custom_model_data":7}, "model": "item/item/food/item-food-banana-split"},
        {"predicate": {"custom_model_data":8}, "model": "item/item/food/item-food-pizza"},
        {"predicate": {"custom_model_data":9}, "model": "item/item/food/item-food-corndog"},
        {"predicate": {"custom_model_data":10}, "model": "item/item/food/item-food-lollipop-red"},
        {"predicate": {"custom_model_data":11}, "model": "item/item/food/item-food-lollipop-orange"},
        {"predicate": {"custom_model_data":12}, "model": "item/item/food/item-food-lollipop-yellow"},
        {"predicate": {"custom_model_data":13}, "model": "item/item/food/item-food-lollipop-green"},
        {"predicate": {"custom_model_data":14}, "model": "item/item/food/item-food-lollipop-blue"},
        {"predicate": {"custom_model_data":15}, "model": "item/item/food/item-food-lollipop-purple"},
        {"predicate": {"custom_model_data":16}, "model": "item/item/food/item-food-lollipop-pink"},
        {"predicate": {"custom_model_data":17}, "model": "item/item/food/item-food-cotton-candy-pink"},
        {"predicate": {"custom_model_data":18}, "model": "item/item/food/item-food-cotton-candy-purple"},
        {"predicate": {"custom_model_data":19}, "model": "item/item/food/item-food-cotton-candy-blue"},
        {"predicate": {"custom_model_data":20}, "model": "item/item/food/item-food-salad"},
        {"predicate": {"custom_model_data":21}, "model": "item/item/food/item-food-fish-n-chips"},
        {"predicate": {"custom_model_data":22}, "model": "item/item/food/item-food-salmon"},
        {"predicate": {"custom_model_data":23}, "model": "item/item/food/item-food-water"},
        {"predicate": {"custom_model_data":24}, "model": "item/item/food/item-food-jerk-chicken"},
        {"predicate": {"custom_model_data":25}, "model": "item/item/food/item-food-elote"},
        {"predicate": {"custom_model_data":26}, "model": "item/item/food/item-food-lobster"},
        {"predicate": {"custom_model_data":27}, "model": "item/item/food/item-food-macaroons"},
        {"predicate": {"custom_model_data":28}, "model": "item/item/food/item-food-croissant"}
	]
}