{
	"credit": "Made with Blockbench",
	"textures": {
		"0": "block/light_gray_concrete",
		"1": "block/blue_concrete",
		"3": "block/lapis_block",
		"4": "block/black_concrete",
		"5": "block/basalt_side",
		"6": "map/map_background",
		"particle": "block/light_gray_concrete"
	},
	"elements": [
		{
			"from": [-0.5, 0, -6.5],
			"to": [16.5, 1.5, 16.5],
			"faces": {
				"north": {"uv": [0, 0, 16, 1.5], "texture": "#1"},
				"east": {"uv": [0, 0, 16, 1.5], "texture": "#5"},
				"south": {"uv": [0, 0, 16, 1.5], "texture": "#1"},
				"west": {"uv": [0, 0, 16, 1.5], "texture": "#5"},
				"up": {"uv": [0, 0, 16, 16], "rotation": 90, "texture": "#5"},
				"down": {"uv": [0, 0, 16, 16], "texture": "#5"}
			}
		},
		{
			"from": [16, 0.5, -6.75],
			"to": [16.75, 7.5, 16.75],
			"faces": {
				"north": {"uv": [0, 0, 0.75, 7], "texture": "#1"},
				"east": {"uv": [0, 0, 16, 7], "texture": "#0"},
				"south": {"uv": [0, 0, 0.75, 7], "texture": "#1"},
				"west": {"uv": [0, 0, 16, 7], "texture": "#1"},
				"up": {"uv": [0, 0, 0.75, 16], "texture": "#1"},
				"down": {"uv": [0, 0, 0.75, 16], "texture": "#1"}
			}
		},
		{
			"from": [15.96875, 5.125, 3.75],
			"to": [16.53125, 6.625, 6.25],
			"faces": {
				"north": {"uv": [0, 0, 0.8125, 1.5], "texture": "#6"},
				"east": {"uv": [0, 0, 2.5, 1.5], "texture": "#6"},
				"south": {"uv": [0, 0, 0.8125, 1.5], "texture": "#6"},
				"west": {"uv": [0, 0, 16, 16], "texture": "#6"},
				"up": {"uv": [0, 0, 0.8125, 2.5], "texture": "#6"},
				"down": {"uv": [0, 0, 0.8125, 2.5], "texture": "#6"}
			}
		},
		{
			"from": [-0.5, 1.5, -6.5],
			"to": [16.5, 5.5, 0],
			"faces": {
				"north": {"uv": [0, 0, 16, 4], "texture": "#1"},
				"east": {"uv": [0, 0, 6.5, 4], "texture": "#1"},
				"south": {"uv": [0, 0, 16, 4], "texture": "#1"},
				"west": {"uv": [0, 0, 6.5, 4], "texture": "#1"},
				"up": {"uv": [0, 0, 16, 6.5], "texture": "#1"},
				"down": {"uv": [0, 0, 16, 6.5], "texture": "#1"}
			}
		},
		{
			"from": [-0.5, 5.5, -6.5],
			"to": [16.5, 11, -5.5],
			"faces": {
				"north": {"uv": [0, 0, 16, 5.5], "texture": "#1"},
				"east": {"uv": [0, 0, 1, 5.5], "texture": "#1"},
				"south": {"uv": [0, 0, 16, 5.5], "texture": "#1"},
				"west": {"uv": [0, 0, 1, 5.5], "texture": "#1"},
				"up": {"uv": [0, 0, 16, 1], "texture": "#1"},
				"down": {"uv": [0, 0, 16, 1], "texture": "#1"}
			}
		},
		{
			"from": [-0.75, 0.5, -6.75],
			"to": [-0.25, 7.5, 1.5],
			"faces": {
				"north": {"uv": [0, 0, 0.5, 7], "texture": "#1"},
				"east": {"uv": [0, 0, 8.25, 7], "texture": "#1"},
				"south": {"uv": [0, 0, 0.5, 7], "texture": "#0"},
				"west": {"uv": [0, 0, 8.25, 7], "texture": "#0"},
				"up": {"uv": [0, 0, 0.5, 8.25], "texture": "#1"},
				"down": {"uv": [0, 0, 0.5, 8.25], "texture": "#0"}
			}
		},
		{
			"from": [0.75, 5.5, -5.5],
			"to": [15.25, 5.75, -0.25],
			"faces": {
				"north": {"uv": [0, 0, 14.5, 0.25], "texture": "#3"},
				"east": {"uv": [0, 0, 5.25, 0.25], "texture": "#3"},
				"south": {"uv": [0, 0, 14.5, 0.25], "texture": "#3"},
				"west": {"uv": [0, 0, 5.25, 0.25], "texture": "#3"},
				"up": {"uv": [0, 0, 14.5, 5.25], "texture": "#3"},
				"down": {"uv": [0, 0, 14.5, 5.25], "texture": "#3"}
			}
		},
		{
			"from": [-0.5, 1.5, -0.375],
			"to": [16.5, 2.5, 0.125],
			"faces": {
				"north": {"uv": [0, 0, 16, 1], "texture": "#4"},
				"east": {"uv": [0, 0, 0.5, 1], "texture": "#4"},
				"south": {"uv": [0, 0, 16, 1], "texture": "#4"},
				"west": {"uv": [0, 0, 0.5, 1], "texture": "#4"},
				"up": {"uv": [0, 0, 16, 0.5], "texture": "#4"},
				"down": {"uv": [0, 0, 16, 0.5], "texture": "#4"}
			}
		},
		{
			"from": [-0.75, 7.5, -6.75],
			"to": [-0.25, 8, -2],
			"faces": {
				"north": {"uv": [0, 0, 0.5, 0.5], "texture": "#1"},
				"east": {"uv": [0, 0, 4.75, 0.5], "texture": "#0"},
				"south": {"uv": [0, 0, 0.5, 0.5], "texture": "#1"},
				"west": {"uv": [0, 0, 4.75, 0.5], "texture": "#0"},
				"up": {"uv": [0, 0, 0.5, 4.75], "texture": "#1"},
				"down": {"uv": [0, 0, 0.5, 4.75], "texture": "#0"}
			}
		},
		{
			"from": [-0.75, 8.15625, -6.5],
			"to": [-0.25, 9.125, 0],
			"faces": {
				"north": {"uv": [0, 0, 0.5, 0.96875], "texture": "#1"},
				"east": {"uv": [0, 0, 6.5, 0.96875], "texture": "#1"},
				"south": {"uv": [0, 0, 0.5, 0.96875], "texture": "#1"},
				"west": {"uv": [0, 0, 6.5, 0.96875], "texture": "#1"},
				"up": {"uv": [0, 0, 0.5, 6.5], "texture": "#1"},
				"down": {"uv": [0, 0, 0.5, 6.5], "texture": "#1"}
			}
		},
		{
			"from": [-0.25, 5.40625, -5.5],
			"to": [0, 9.125, 0],
			"faces": {
				"north": {"uv": [0, 0, 0.25, 3.71875], "texture": "#1"},
				"east": {"uv": [0, 0, 5.5, 3.71875], "texture": "#1"},
				"south": {"uv": [0, 0, 0.25, 3.71875], "texture": "#1"},
				"west": {"uv": [0, 0, 5.5, 3.71875], "texture": "#1"},
				"up": {"uv": [0, 0, 0.25, 5.5], "texture": "#1"},
				"down": {"uv": [0, 0, 0.25, 5.5], "texture": "#1"}
			}
		},
		{
			"from": [-0.75, 0.5, 1.5],
			"to": [-0.25, 7.5, 1.75],
			"faces": {
				"north": {"uv": [0, 0, 0.5, 7], "texture": "#4"},
				"east": {"uv": [0, 0, 0.25, 7], "texture": "#4"},
				"south": {"uv": [0, 0, 0.5, 7], "texture": "#4"},
				"west": {"uv": [0, 0, 0.25, 7], "texture": "#4"},
				"up": {"uv": [0, 0, 0.5, 0.25], "texture": "#4"},
				"down": {"uv": [0, 0, 0.5, 0.25], "texture": "#4"}
			}
		},
		{
			"from": [0.5, 0.5, -7],
			"to": [15.5, 10, -6.5],
			"faces": {
				"north": {"uv": [0, 0, 15, 9.5], "texture": "#1"},
				"east": {"uv": [0, 0, 0.5, 9.5], "texture": "#1"},
				"south": {"uv": [0, 0, 15, 9.5], "texture": "#1"},
				"west": {"uv": [0, 0, 0.5, 9.5], "texture": "#1"},
				"up": {"uv": [0, 0, 15, 0.5], "texture": "#1"},
				"down": {"uv": [0, 0, 15, 0.5], "texture": "#1"}
			}
		},
		{
			"from": [1.5, 0.5, -8],
			"to": [14.5, 5, -6.5],
			"faces": {
				"north": {"uv": [0, 0, 13, 4.5], "texture": "#1"},
				"east": {"uv": [0, 0, 1.5, 4.5], "texture": "#1"},
				"south": {"uv": [0, 0, 13, 4.5], "texture": "#1"},
				"west": {"uv": [0, 0, 1.5, 4.5], "texture": "#1"},
				"up": {"uv": [0, 0, 13, 1.5], "texture": "#1"},
				"down": {"uv": [0, 0, 13, 1.5], "texture": "#1"}
			}
		},
		{
			"from": [16, 7.5, -6.75],
			"to": [16.75, 8, 0.5],
			"faces": {
				"north": {"uv": [0, 0, 0.75, 0.5], "texture": "#1"},
				"east": {"uv": [0, 0, 7.25, 0.5], "texture": "#0"},
				"south": {"uv": [0, 0, 0.75, 0.5], "texture": "#1"},
				"west": {"uv": [0, 0, 7.25, 0.5], "texture": "#1"},
				"up": {"uv": [0, 0, 0.75, 7.25], "texture": "#1"},
				"down": {"uv": [0, 0, 0.75, 7.25], "texture": "#0"}
			}
		},
		{
			"from": [-0.5, 1.5, 10],
			"to": [16.5, 5.5, 16.5],
			"rotation": {"angle": 0, "axis": "y", "origin": [0, 0, 16]},
			"faces": {
				"north": {"uv": [0, 0, 16, 4], "texture": "#1"},
				"east": {"uv": [6.5, 0, 13, 4], "texture": "#1"},
				"south": {"uv": [0, 0, 16, 4], "texture": "#1"},
				"west": {"uv": [6.5, 0, 13, 4], "texture": "#1"},
				"up": {"uv": [0, 6.5, 16, 13], "texture": "#1"},
				"down": {"uv": [0, 6.5, 16, 13], "texture": "#1"}
			}
		},
		{
			"from": [-0.5, 5.5, 15.5],
			"to": [16.5, 11, 16.5],
			"rotation": {"angle": 0, "axis": "y", "origin": [0, 0, 16]},
			"faces": {
				"north": {"uv": [0, 0, 16, 5.5], "texture": "#1"},
				"east": {"uv": [1, 0, 2, 5.5], "texture": "#1"},
				"south": {"uv": [0, 0, 16, 5.5], "texture": "#1"},
				"west": {"uv": [1, 0, 2, 5.5], "texture": "#1"},
				"up": {"uv": [0, 1, 16, 2], "texture": "#1"},
				"down": {"uv": [0, 1, 16, 2], "texture": "#1"}
			}
		},
		{
			"from": [-0.75, 0.5, 8.5],
			"to": [-0.25, 7.5, 16.75],
			"rotation": {"angle": 0, "axis": "y", "origin": [0, 0, 16]},
			"faces": {
				"north": {"uv": [0.5, 0, 1, 7], "texture": "#0"},
				"east": {"uv": [7.75, 0, 16, 7], "texture": "#1"},
				"south": {"uv": [0.5, 0, 1, 7], "texture": "#1"},
				"west": {"uv": [7.75, 0, 16, 7], "texture": "#0"},
				"up": {"uv": [0, 7.75, 0.5, 16], "texture": "#1"},
				"down": {"uv": [0, 7.75, 0.5, 16], "texture": "#1"}
			}
		},
		{
			"from": [0.75, 5.5, 10.25],
			"to": [15.25, 5.75, 15.5],
			"rotation": {"angle": 0, "axis": "y", "origin": [0, 0, 16]},
			"faces": {
				"north": {"uv": [1.5, 0, 16, 0.25], "texture": "#3"},
				"east": {"uv": [5.25, 0, 10.5, 0.25], "texture": "#3"},
				"south": {"uv": [1.5, 0, 16, 0.25], "texture": "#3"},
				"west": {"uv": [5.25, 0, 10.5, 0.25], "texture": "#3"},
				"up": {"uv": [0, 5.25, 14.5, 10.5], "texture": "#3"},
				"down": {"uv": [0, 5.25, 14.5, 10.5], "texture": "#3"}
			}
		},
		{
			"from": [-0.5, 1.5, 9.875],
			"to": [16.5, 2.5, 10.375],
			"rotation": {"angle": 0, "axis": "y", "origin": [0, 0, 16]},
			"faces": {
				"north": {"uv": [0, 0, 16, 1], "texture": "#4"},
				"east": {"uv": [0.5, 0, 1, 1], "texture": "#4"},
				"south": {"uv": [0, 0, 16, 1], "texture": "#4"},
				"west": {"uv": [0.5, 0, 1, 1], "texture": "#4"},
				"up": {"uv": [0, 0.5, 16, 1], "texture": "#4"},
				"down": {"uv": [0, 0.5, 16, 1], "texture": "#4"}
			}
		},
		{
			"from": [-0.75, 7.5, 12],
			"to": [-0.25, 8, 16.75],
			"rotation": {"angle": 0, "axis": "y", "origin": [0, 0, 16]},
			"faces": {
				"north": {"uv": [0.5, 0, 1, 0.5], "texture": "#1"},
				"east": {"uv": [4.75, 0, 9.5, 0.5], "texture": "#0"},
				"south": {"uv": [0.5, 0, 1, 0.5], "texture": "#1"},
				"west": {"uv": [4.75, 0, 9.5, 0.5], "texture": "#0"},
				"up": {"uv": [0, 4.75, 0.5, 9.5], "texture": "#1"},
				"down": {"uv": [0, 4.75, 0.5, 9.5], "texture": "#0"}
			}
		},
		{
			"from": [-0.75, 8.15625, 10],
			"to": [-0.25, 9.125, 16.5],
			"rotation": {"angle": 0, "axis": "y", "origin": [0, 0, 16]},
			"faces": {
				"north": {"uv": [0.5, 0, 1, 0.96875], "texture": "#1"},
				"east": {"uv": [6.5, 0, 13, 0.96875], "texture": "#1"},
				"south": {"uv": [0.5, 0, 1, 0.96875], "texture": "#1"},
				"west": {"uv": [6.5, 0, 13, 0.96875], "texture": "#1"},
				"up": {"uv": [0, 6.5, 0.5, 13], "texture": "#1"},
				"down": {"uv": [0, 6.5, 0.5, 13], "texture": "#1"}
			}
		},
		{
			"from": [-0.25, 5.40625, 10],
			"to": [0, 9.125, 15.5],
			"rotation": {"angle": 0, "axis": "y", "origin": [0, 0, 16]},
			"faces": {
				"north": {"uv": [0.25, 0, 0.5, 3.71875], "texture": "#1"},
				"east": {"uv": [5.5, 0, 11, 3.71875], "texture": "#1"},
				"south": {"uv": [0.25, 0, 0.5, 3.71875], "texture": "#1"},
				"west": {"uv": [5.5, 0, 11, 3.71875], "texture": "#1"},
				"up": {"uv": [0, 5.5, 0.25, 11], "texture": "#1"},
				"down": {"uv": [0, 5.5, 0.25, 11], "texture": "#1"}
			}
		},
		{
			"from": [-0.75, 0.5, 8.25],
			"to": [-0.25, 7.5, 8.5],
			"rotation": {"angle": 0, "axis": "y", "origin": [0, 0, 16]},
			"faces": {
				"north": {"uv": [0.5, 0, 1, 7], "texture": "#4"},
				"east": {"uv": [0.25, 0, 0.5, 7], "texture": "#4"},
				"south": {"uv": [0.5, 0, 1, 7], "texture": "#4"},
				"west": {"uv": [0.25, 0, 0.5, 7], "texture": "#4"},
				"up": {"uv": [0, 0.25, 0.5, 0.5], "texture": "#4"},
				"down": {"uv": [0, 0.25, 0.5, 0.5], "texture": "#4"}
			}
		},
		{
			"from": [0.5, 0.5, 16.5],
			"to": [15.5, 10, 17],
			"rotation": {"angle": 0, "axis": "y", "origin": [0, 0, 16]},
			"faces": {
				"north": {"uv": [1, 0, 16, 9.5], "texture": "#1"},
				"east": {"uv": [0.5, 0, 1, 9.5], "texture": "#1"},
				"south": {"uv": [1, 0, 16, 9.5], "texture": "#1"},
				"west": {"uv": [0.5, 0, 1, 9.5], "texture": "#1"},
				"up": {"uv": [0, 0.5, 15, 1], "texture": "#1"},
				"down": {"uv": [0, 0.5, 15, 1], "texture": "#1"}
			}
		},
		{
			"from": [1.5, 0.5, 16.5],
			"to": [14.5, 5, 18],
			"rotation": {"angle": 0, "axis": "y", "origin": [0, 0, 16]},
			"faces": {
				"north": {"uv": [3, 0, 16, 4.5], "texture": "#1"},
				"east": {"uv": [1.5, 0, 3, 4.5], "texture": "#1"},
				"south": {"uv": [3, 0, 16, 4.5], "texture": "#1"},
				"west": {"uv": [1.5, 0, 3, 4.5], "texture": "#1"},
				"up": {"uv": [0, 1.5, 13, 3], "texture": "#1"},
				"down": {"uv": [0, 1.5, 13, 3], "texture": "#1"}
			}
		},
		{
			"from": [16, 7.5, 9.5],
			"to": [16.75, 8, 16.75],
			"rotation": {"angle": 0, "axis": "y", "origin": [0, 0, 16]},
			"faces": {
				"north": {"uv": [0.75, 0, 1.5, 0.5], "texture": "#1"},
				"east": {"uv": [7.25, 0, 14.5, 0.5], "texture": "#0"},
				"south": {"uv": [0.75, 0, 1.5, 0.5], "texture": "#1"},
				"west": {"uv": [7.25, 0, 14.5, 0.5], "texture": "#1"},
				"up": {"uv": [0, 7.25, 0.75, 14.5], "texture": "#1"},
				"down": {"uv": [0, 7.25, 0.75, 14.5], "texture": "#0"}
			}
		}
	],
	"display": {
		"head": {
			"translation": [0, -11, 12],
			"scale": [3.4, 3.4, 3.4]
		}
	},
	"groups": [
		0,
		1,
		2,
		{
			"name": "group",
			"origin": [0, 0, 0],
			"color": 0,
			"children": [3, 4, 5, 6, 7, 8, 9, 10, 11, 12, 13, 14]
		},
		{
			"name": "group",
			"origin": [0, 0, 0],
			"color": 0,
			"children": [15, 16, 17, 18, 19, 20, 21, 22, 23, 24, 25, 26]
		}
	]
}