{
	"credit": "Made with Blockbench",
	"textures": {
		"0": "item/item/hat/item-hat-minnie-ears/pokadots",
		"1": "block/black_wool",
		"particle": "item/item/hat/item-hat-minnie-ears/pokadots"
	},
	"elements": [
		{
			"from": [0, 0, 9],
			"to": [1, 11, 10],
			"faces": {
				"north": {"uv": [0, 0, 1, 11], "texture": "#1"},
				"east": {"uv": [0, 0, 1, 11], "texture": "#1"},
				"south": {"uv": [0, 0, 1, 11], "texture": "#1"},
				"west": {"uv": [0, 0, 1, 11], "texture": "#1"},
				"up": {"uv": [0, 0, 1, 1], "texture": "#1"},
				"down": {"uv": [0, 0, 1, 1], "texture": "#1"}
			}
		},
		{
			"from": [4, 11, 9],
			"to": [12, 12, 10],
			"faces": {
				"north": {"uv": [0, 0, 8, 1], "texture": "#1"},
				"east": {"uv": [0, 0, 1, 1], "texture": "#1"},
				"south": {"uv": [0, 0, 8, 1], "texture": "#1"},
				"west": {"uv": [0, 0, 1, 1], "texture": "#1"},
				"up": {"uv": [0, 0, 8, 1], "texture": "#1"},
				"down": {"uv": [0, 0, 8, 1], "texture": "#1"}
			}
		},
		{
			"from": [15, 0, 9],
			"to": [16, 11, 10],
			"faces": {
				"north": {"uv": [0, 0, 1, 11], "texture": "#1"},
				"east": {"uv": [0, 0, 1, 11], "texture": "#1"},
				"south": {"uv": [0, 0, 1, 11], "texture": "#1"},
				"west": {"uv": [0, 0, 1, 11], "texture": "#1"},
				"up": {"uv": [0, 0, 1, 1], "texture": "#1"},
				"down": {"uv": [0, 0, 1, 1], "texture": "#1"}
			}
		},
		{
			"from": [-3, 11, 9],
			"to": [4, 18, 10],
			"faces": {
				"north": {"uv": [0, 0, 7, 7], "texture": "#1"},
				"east": {"uv": [0, 0, 1, 7], "texture": "#1"},
				"south": {"uv": [0, 0, 7, 7], "texture": "#1"},
				"west": {"uv": [0, 0, 1, 7], "texture": "#1"},
				"up": {"uv": [0, 0, 7, 1], "texture": "#1"},
				"down": {"uv": [0, 0, 7, 1], "texture": "#1"}
			}
		},
		{
			"from": [12, 11, 9],
			"to": [19, 18, 10],
			"faces": {
				"north": {"uv": [0, 0, 7, 7], "texture": "#1"},
				"east": {"uv": [0, 0, 1, 7], "texture": "#1"},
				"south": {"uv": [0, 0, 7, 7], "texture": "#1"},
				"west": {"uv": [0, 0, 1, 7], "texture": "#1"},
				"up": {"uv": [0, 0, 7, 1], "texture": "#1"},
				"down": {"uv": [0, 0, 7, 1], "texture": "#1"}
			}
		},
		{
			"from": [4, 12, 8],
			"to": [12, 14, 11],
			"faces": {
				"north": {"uv": [2.97674, 1.91771, 10.97674, 3.91771], "texture": "#0"},
				"east": {"uv": [0, 0, 3, 2], "texture": "#0"},
				"south": {"uv": [2.97674, 1.83184, 10.97674, 3.83184], "texture": "#0"},
				"west": {"uv": [0, 0, 3, 2], "texture": "#0"},
				"up": {"uv": [3.23435, 10.161, 11.23435, 13.161], "texture": "#0"},
				"down": {"uv": [2.9195, 3.92129, 10.9195, 6.92129], "texture": "#0"}
			}
		},
		{
			"from": [2, 14, 8],
			"to": [5, 16, 11],
			"faces": {
				"north": {"uv": [9.67442, 0, 12.67442, 2], "texture": "#0"},
				"east": {"uv": [0, 0, 3, 2], "texture": "#0"},
				"south": {"uv": [9.70304, 0, 12.70304, 2], "texture": "#0"},
				"west": {"uv": [0.94454, 1.74597, 3.94454, 3.74597], "texture": "#0"},
				"up": {"uv": [0, 0, 3, 3], "texture": "#0"},
				"down": {"uv": [0, 0, 3, 3], "texture": "#0"}
			}
		},
		{
			"from": [11, 14, 8],
			"to": [14, 16, 11],
			"faces": {
				"north": {"uv": [1.43113, 0, 4.43113, 2], "texture": "#0"},
				"east": {"uv": [0, 0, 3, 2], "texture": "#0"},
				"south": {"uv": [1.4025, 0, 4.4025, 2], "texture": "#0"},
				"west": {"uv": [0, 0, 3, 2], "texture": "#0"},
				"up": {"uv": [0, 0, 3, 3], "texture": "#0"},
				"down": {"uv": [0, 0, 3, 3], "texture": "#0"}
			}
		},
		{
			"from": [10, 14, 8],
			"to": [11, 15, 11],
			"faces": {
				"north": {"uv": [2.51878, 2.49016, 3.51878, 3.49016], "texture": "#0"},
				"east": {"uv": [0, 0, 3, 1], "texture": "#0"},
				"south": {"uv": [0, 0, 1, 1], "texture": "#0"},
				"west": {"uv": [4.12165, 1.97496, 7.12165, 2.97496], "texture": "#0"},
				"up": {"uv": [4.57961, 4.15027, 5.57961, 7.15027], "texture": "#0"},
				"down": {"uv": [3.69231, 8.52952, 4.69231, 11.52952], "texture": "#0"}
			}
		},
		{
			"from": [5, 14, 8],
			"to": [6, 15, 11],
			"faces": {
				"north": {"uv": [2.26118, 2.37567, 3.26118, 3.37567], "texture": "#0"},
				"east": {"uv": [4.89445, 8.21467, 7.89445, 9.21467], "texture": "#0"},
				"south": {"uv": [0, 0, 1, 1], "texture": "#0"},
				"west": {"uv": [0, 0, 3, 1], "texture": "#0"},
				"up": {"uv": [2.51878, 6.0966, 3.51878, 9.0966], "texture": "#0"},
				"down": {"uv": [9.98927, 4.77996, 10.98927, 7.77996], "texture": "#0"}
			}
		},
		{
			"from": [-2, 18, 9],
			"to": [3, 19, 10],
			"faces": {
				"north": {"uv": [0, 0, 5, 1], "texture": "#1"},
				"east": {"uv": [0, 0, 1, 1], "texture": "#1"},
				"south": {"uv": [0, 0, 5, 1], "texture": "#1"},
				"west": {"uv": [0, 0, 1, 1], "texture": "#1"},
				"up": {"uv": [0, 0, 5, 1], "texture": "#1"},
				"down": {"uv": [0, 0, 5, 1], "texture": "#1"}
			}
		},
		{
			"from": [13, 18, 9],
			"to": [18, 19, 10],
			"faces": {
				"north": {"uv": [0, 0, 5, 1], "texture": "#1"},
				"east": {"uv": [0, 0, 1, 1], "texture": "#1"},
				"south": {"uv": [0, 0, 5, 1], "texture": "#1"},
				"west": {"uv": [0, 0, 1, 1], "texture": "#1"},
				"up": {"uv": [0, 0, 5, 1], "texture": "#1"},
				"down": {"uv": [0, 0, 5, 1], "texture": "#1"}
			}
		},
		{
			"from": [16, 10, 9],
			"to": [18, 11, 10],
			"faces": {
				"north": {"uv": [0, 0, 2, 1], "texture": "#1"},
				"east": {"uv": [0, 0, 1, 1], "texture": "#1"},
				"south": {"uv": [0, 0, 2, 1], "texture": "#1"},
				"west": {"uv": [0, 0, 1, 1], "texture": "#1"},
				"up": {"uv": [0, 0, 2, 1], "texture": "#1"},
				"down": {"uv": [0, 0, 2, 1], "texture": "#1"}
			}
		},
		{
			"from": [-2, 10, 9],
			"to": [0, 11, 10],
			"faces": {
				"north": {"uv": [0, 0, 2, 1], "texture": "#1"},
				"east": {"uv": [0, 0, 1, 1], "texture": "#1"},
				"south": {"uv": [0, 0, 2, 1], "texture": "#1"},
				"west": {"uv": [0, 0, 1, 1], "texture": "#1"},
				"up": {"uv": [0, 0, 2, 1], "texture": "#1"},
				"down": {"uv": [0, 0, 2, 1], "texture": "#1"}
			}
		},
		{
			"from": [4, 16, 9],
			"to": [5, 17, 10],
			"faces": {
				"north": {"uv": [0, 0, 1, 1], "texture": "#1"},
				"east": {"uv": [0, 0, 1, 1], "texture": "#1"},
				"south": {"uv": [0, 0, 1, 1], "texture": "#1"},
				"west": {"uv": [0, 0, 1, 1], "texture": "#1"},
				"up": {"uv": [0, 0, 1, 1], "texture": "#1"},
				"down": {"uv": [0, 0, 1, 1], "texture": "#1"}
			}
		},
		{
			"from": [11, 16, 9],
			"to": [12, 17, 10],
			"faces": {
				"north": {"uv": [0, 0, 1, 1], "texture": "#1"},
				"east": {"uv": [0, 0, 1, 1], "texture": "#1"},
				"south": {"uv": [0, 0, 1, 1], "texture": "#1"},
				"west": {"uv": [0, 0, 1, 1], "texture": "#1"},
				"up": {"uv": [0, 0, 1, 1], "texture": "#1"},
				"down": {"uv": [0, 0, 1, 1], "texture": "#1"}
			}
		},
		{
			"from": [19, 12, 9],
			"to": [20, 17, 10],
			"faces": {
				"north": {"uv": [0, 0, 1, 5], "texture": "#1"},
				"east": {"uv": [0, 0, 1, 5], "texture": "#1"},
				"south": {"uv": [0, 0, 1, 5], "texture": "#1"},
				"west": {"uv": [0, 0, 1, 5], "texture": "#1"},
				"up": {"uv": [0, 0, 1, 1], "texture": "#1"},
				"down": {"uv": [0, 0, 1, 1], "texture": "#1"}
			}
		},
		{
			"from": [-4, 12, 9],
			"to": [-3, 17, 10],
			"faces": {
				"north": {"uv": [0, 0, 1, 5], "texture": "#1"},
				"east": {"uv": [0, 0, 1, 5], "texture": "#1"},
				"south": {"uv": [0, 0, 1, 5], "texture": "#1"},
				"west": {"uv": [0, 0, 1, 5], "texture": "#1"},
				"up": {"uv": [0, 0, 1, 1], "texture": "#1"},
				"down": {"uv": [0, 0, 1, 1], "texture": "#1"}
			}
		}
	],
	"display": {
		"thirdperson_righthand": {
			"rotation": [-11.69, 19.82, 60.61],
			"translation": [2.75, 0.5, -2],
			"scale": [0.4, 0.4, 0.4]
		},
		"thirdperson_lefthand": {
			"rotation": [-15, 24, 62],
			"translation": [2.75, 0.25, -2.5],
			"scale": [0.4, 0.4, 0.4]
		},
		"firstperson_righthand": {
			"rotation": [0, 0, 14],
			"translation": [4.25, 0, 0],
			"scale": [0.4, 0.4, 0.4]
		},
		"firstperson_lefthand": {
			"rotation": [0, 0, 14],
			"translation": [4.25, 0, 0],
			"scale": [0.4, 0.4, 0.4]
		},
		"gui": {
			"rotation": [21.75, 48.53, -0.74],
			"translation": [-0.75, -0.75, 0],
			"scale": [0.65, 0.62, 0.64]
		},
		"head": {
			"translation": [0, 3.25, -1.25],
			"scale": [0.9, 0.9, 0.9]
		}
	}
}