{
	"credit": "Made with Blockbench",
	"textures": {
		"0": "block/blue_concrete_powder",
		"1": "block/black_concrete",
		"particle": "block/blue_concrete_powder"
	},
	"elements": [
		{
			"from": [9.15, 2, 8.59],
			"to": [10.15, 6, 9.59],
			"rotation": {"angle": 0, "axis": "y", "origin": [0, 2, 0]},
			"faces": {
				"north": {"uv": [0, 0, 1, 4], "texture": "#0"},
				"east": {"uv": [0, 0, 1, 4], "texture": "#0"},
				"south": {"uv": [0, 0, 1, 4], "texture": "#0"},
				"west": {"uv": [0, 0, 1, 4], "texture": "#0"},
				"up": {"uv": [0, 0, 1, 1], "texture": "#0"},
				"down": {"uv": [0, 0, 1, 1], "texture": "#0"}
			}
		},
		{
			"from": [3.9, 2, 8.09],
			"to": [4.9, 6, 9.59],
			"rotation": {"angle": 0, "axis": "y", "origin": [0, 2, 0]},
			"faces": {
				"north": {"uv": [0, 0, 1, 4], "texture": "#0"},
				"east": {"uv": [0, 0, 1.5, 4], "texture": "#0"},
				"south": {"uv": [0, 0, 1, 4], "texture": "#0"},
				"west": {"uv": [0, 0, 1.5, 4], "texture": "#0"},
				"up": {"uv": [0, 0, 1, 1.5], "texture": "#0"},
				"down": {"uv": [0, 0, 1, 1.5], "texture": "#0"}
			}
		},
		{
			"from": [12, 2, 5],
			"to": [13, 6, 6],
			"rotation": {"angle": -22.5, "axis": "y", "origin": [0, 2, 0]},
			"faces": {
				"north": {"uv": [0, 0, 1, 4], "texture": "#0"},
				"east": {"uv": [0, 0, 1, 4], "texture": "#0"},
				"south": {"uv": [0, 0, 1, 4], "texture": "#0"},
				"west": {"uv": [0, 0, 1, 4], "texture": "#0"},
				"up": {"uv": [0, 0, 1, 1], "texture": "#0"},
				"down": {"uv": [0, 0, 1, 1], "texture": "#0"}
			}
		},
		{
			"from": [6.75, 2, 5],
			"to": [7.75, 6, 6],
			"rotation": {"angle": -22.5, "axis": "y", "origin": [0, 2, 0]},
			"faces": {
				"north": {"uv": [0, 0, 1, 4], "texture": "#0"},
				"east": {"uv": [0, 0, 1, 4], "texture": "#0"},
				"south": {"uv": [0, 0, 1, 4], "texture": "#0"},
				"west": {"uv": [0, 0, 1, 4], "texture": "#0"},
				"up": {"uv": [0, 0, 1, 1], "texture": "#0"},
				"down": {"uv": [0, 0, 1, 1], "texture": "#0"}
			}
		},
		{
			"from": [0.8, 2, 10.5],
			"to": [6.05, 6, 11.75],
			"rotation": {"angle": 22.5, "axis": "y", "origin": [0, 2, 0]},
			"faces": {
				"north": {"uv": [0, 0, 5.25, 4], "texture": "#0"},
				"east": {"uv": [0, 0, 1.25, 4], "texture": "#0"},
				"south": {"uv": [0, 0, 5.25, 4], "texture": "#0"},
				"west": {"uv": [0, 0, 1.25, 4], "texture": "#0"},
				"up": {"uv": [0, 0, 5.25, 1.25], "texture": "#0"},
				"down": {"uv": [0, 0, 5.25, 1.25], "texture": "#0"}
			}
		},
		{
			"from": [0, 2, 10.25],
			"to": [1, 6, 11.5],
			"rotation": {"angle": 22.5, "axis": "y", "origin": [0, 2, 0]},
			"faces": {
				"north": {"uv": [0, 0, 1, 4], "texture": "#0"},
				"east": {"uv": [0, 0, 1.25, 4], "texture": "#0"},
				"south": {"uv": [0, 0, 1, 4], "texture": "#0"},
				"west": {"uv": [0, 0, 1.25, 4], "texture": "#0"},
				"up": {"uv": [0, 0, 1, 1.25], "texture": "#0"},
				"down": {"uv": [0, 0, 1, 1.25], "texture": "#0"}
			}
		},
		{
			"from": [17.65, 2, 6.02],
			"to": [18.65, 6, 7.52],
			"rotation": {"angle": -45, "axis": "y", "origin": [8.75, 2, -2.5]},
			"faces": {
				"north": {"uv": [0, 0, 1, 4], "texture": "#0"},
				"east": {"uv": [0, 0, 1.5, 4], "texture": "#0"},
				"south": {"uv": [0, 0, 1, 4], "texture": "#0"},
				"west": {"uv": [0, 0, 1.5, 4], "texture": "#0"},
				"up": {"uv": [0, 0, 1, 1.5], "texture": "#0"},
				"down": {"uv": [0, 0, 1, 1.5], "texture": "#0"}
			}
		},
		{
			"from": [12.65, 2, 6.02],
			"to": [13.65, 6, 7.52],
			"rotation": {"angle": -45, "axis": "y", "origin": [8.75, 2, -2.5]},
			"faces": {
				"north": {"uv": [0, 0, 1, 4], "texture": "#0"},
				"east": {"uv": [0, 0, 1.5, 4], "texture": "#0"},
				"south": {"uv": [0, 0, 1, 4], "texture": "#0"},
				"west": {"uv": [0, 0, 1.5, 4], "texture": "#0"},
				"up": {"uv": [0, 0, 1, 1.5], "texture": "#0"},
				"down": {"uv": [0, 0, 1, 1.5], "texture": "#0"}
			}
		},
		{
			"from": [2.23, 2, 4.4],
			"to": [3.23, 6, 5.4],
			"rotation": {"angle": 22.5, "axis": "y", "origin": [8.75, 2, -2.5]},
			"faces": {
				"north": {"uv": [0, 0, 1, 4], "texture": "#0"},
				"east": {"uv": [0, 0, 1, 4], "texture": "#0"},
				"south": {"uv": [0, 0, 1, 4], "texture": "#0"},
				"west": {"uv": [0, 0, 1, 4], "texture": "#0"},
				"up": {"uv": [0, 0, 1, 1], "rotation": 90, "texture": "#0"},
				"down": {"uv": [0, 0, 1, 1], "rotation": 270, "texture": "#0"}
			}
		},
		{
			"from": [-3.1, 2, 3.77],
			"to": [2.4, 6, 5.27],
			"rotation": {"angle": 45, "axis": "y", "origin": [8.75, 2, -2.5]},
			"faces": {
				"north": {"uv": [0, 0, 5.5, 4], "texture": "#0"},
				"east": {"uv": [0, 0, 1.5, 4], "texture": "#0"},
				"south": {"uv": [0, 0, 5.5, 4], "texture": "#0"},
				"west": {"uv": [0, 0, 1.5, 4], "texture": "#0"},
				"up": {"uv": [0, 0, 5.5, 1.5], "texture": "#0"},
				"down": {"uv": [0, 0, 5.5, 1.5], "texture": "#0"}
			}
		},
		{
			"from": [-3.65, 2, 3.7],
			"to": [-2.65, 6, 5.2],
			"rotation": {"angle": 45, "axis": "y", "origin": [8.75, 2, -2.5]},
			"faces": {
				"north": {"uv": [0, 0, 1, 4], "texture": "#0"},
				"east": {"uv": [0, 0, 1.5, 4], "texture": "#0"},
				"south": {"uv": [0, 0, 1, 4], "texture": "#0"},
				"west": {"uv": [0, 0, 1.5, 4], "texture": "#0"},
				"up": {"uv": [0, 0, 1, 1.5], "texture": "#0"},
				"down": {"uv": [0, 0, 1, 1.5], "texture": "#0"}
			}
		},
		{
			"from": [3.25, 2, 8.05],
			"to": [4.25, 6, 9.05],
			"rotation": {"angle": 22.5, "axis": "y", "origin": [12.75, 2, -0.75]},
			"faces": {
				"north": {"uv": [0, 0, 1, 4], "texture": "#0"},
				"east": {"uv": [0, 0, 1, 4], "texture": "#0"},
				"south": {"uv": [0, 0, 1, 4], "texture": "#0"},
				"west": {"uv": [0, 0, 1, 4], "texture": "#0"},
				"up": {"uv": [0, 0, 1, 1], "rotation": 90, "texture": "#0"},
				"down": {"uv": [0, 0, 1, 1], "rotation": 270, "texture": "#0"}
			}
		},
		{
			"from": [3.75, 2, 3.05],
			"to": [4.75, 6, 4.05],
			"rotation": {"angle": 22.5, "axis": "y", "origin": [12.75, 2, -0.75]},
			"faces": {
				"north": {"uv": [0, 0, 1, 4], "texture": "#0"},
				"east": {"uv": [0, 0, 1, 4], "texture": "#0"},
				"south": {"uv": [0, 0, 1, 4], "texture": "#0"},
				"west": {"uv": [0, 0, 1, 4], "texture": "#0"},
				"up": {"uv": [0, 0, 1, 1], "rotation": 90, "texture": "#0"},
				"down": {"uv": [0, 0, 1, 1], "rotation": 270, "texture": "#0"}
			}
		},
		{
			"from": [10.75, 2, 7.3],
			"to": [11.75, 6, 13.05],
			"rotation": {"angle": -22.5, "axis": "y", "origin": [12.75, 2, -0.75]},
			"faces": {
				"north": {"uv": [0, 0, 1, 4], "texture": "#0"},
				"east": {"uv": [0, 0, 5.75, 4], "texture": "#0"},
				"south": {"uv": [0, 0, 1, 4], "texture": "#0"},
				"west": {"uv": [0, 0, 5.75, 4], "texture": "#0"},
				"up": {"uv": [0, 0, 5.75, 1], "rotation": 90, "texture": "#0"},
				"down": {"uv": [0, 0, 5.75, 1], "rotation": 270, "texture": "#0"}
			}
		},
		{
			"from": [10.75, 2, 12.55],
			"to": [11.75, 6, 13.55],
			"rotation": {"angle": -22.5, "axis": "y", "origin": [12.75, 2, -0.75]},
			"faces": {
				"north": {"uv": [0, 0, 1, 4], "texture": "#0"},
				"east": {"uv": [0, 0, 1, 4], "texture": "#0"},
				"south": {"uv": [0, 0, 1, 4], "texture": "#0"},
				"west": {"uv": [0, 0, 1, 4], "texture": "#0"},
				"up": {"uv": [0, 0, 1, 1], "rotation": 90, "texture": "#0"},
				"down": {"uv": [0, 0, 1, 1], "rotation": 270, "texture": "#0"}
			}
		},
		{
			"from": [6.25, 2, 11],
			"to": [7.75, 6, 12],
			"rotation": {"angle": 0, "axis": "y", "origin": [12.75, 2, -0.75]},
			"faces": {
				"north": {"uv": [0, 0, 1.5, 4], "texture": "#0"},
				"east": {"uv": [0, 0, 1, 4], "texture": "#0"},
				"south": {"uv": [0, 0, 1.5, 4], "texture": "#0"},
				"west": {"uv": [0, 0, 1, 4], "texture": "#0"},
				"up": {"uv": [0, 0, 1, 1.5], "rotation": 90, "texture": "#0"},
				"down": {"uv": [0, 0, 1, 1.5], "rotation": 270, "texture": "#0"}
			}
		},
		{
			"from": [6.75, 2, 5.75],
			"to": [7.75, 6, 6.75],
			"rotation": {"angle": 0, "axis": "y", "origin": [12.75, 2, -0.75]},
			"faces": {
				"north": {"uv": [0, 0, 1, 4], "texture": "#0"},
				"east": {"uv": [0, 0, 1, 4], "texture": "#0"},
				"south": {"uv": [0, 0, 1, 4], "texture": "#0"},
				"west": {"uv": [0, 0, 1, 4], "texture": "#0"},
				"up": {"uv": [0, 0, 1, 1], "rotation": 90, "texture": "#0"},
				"down": {"uv": [0, 0, 1, 1], "rotation": 270, "texture": "#0"}
			}
		},
		{
			"from": [4.15, 2, 8.59],
			"to": [10.15, 6, 9.59],
			"rotation": {"angle": 0, "axis": "y", "origin": [0, 2, 0]},
			"faces": {
				"north": {"uv": [0, 0, 6, 4], "texture": "#0"},
				"east": {"uv": [0, 0, 1, 4], "texture": "#0"},
				"south": {"uv": [0, 0, 6, 4], "texture": "#0"},
				"west": {"uv": [0, 0, 1, 4], "texture": "#0"},
				"up": {"uv": [0, 0, 6, 1], "texture": "#0"},
				"down": {"uv": [0, 0, 6, 1], "texture": "#0"}
			}
		},
		{
			"from": [7, 2, 5],
			"to": [13, 6, 6],
			"rotation": {"angle": -22.5, "axis": "y", "origin": [0, 2, 0]},
			"faces": {
				"north": {"uv": [0, 0, 6, 4], "texture": "#0"},
				"east": {"uv": [0, 0, 1, 4], "texture": "#0"},
				"south": {"uv": [0, 0, 6, 4], "texture": "#0"},
				"west": {"uv": [0, 0, 1, 4], "texture": "#0"},
				"up": {"uv": [0, 0, 6, 1], "texture": "#0"},
				"down": {"uv": [0, 0, 6, 1], "texture": "#0"}
			}
		},
		{
			"from": [12.65, 2, 6.02],
			"to": [18.65, 6, 7.52],
			"rotation": {"angle": -45, "axis": "y", "origin": [8.75, 2, -2.5]},
			"faces": {
				"north": {"uv": [0, 0, 6, 4], "texture": "#0"},
				"east": {"uv": [0, 0, 1.5, 4], "texture": "#0"},
				"south": {"uv": [0, 0, 6, 4], "texture": "#0"},
				"west": {"uv": [0, 0, 1.5, 4], "texture": "#0"},
				"up": {"uv": [0, 0, 6, 1.5], "texture": "#0"},
				"down": {"uv": [0, 0, 6, 1.5], "texture": "#0"}
			}
		},
		{
			"from": [3.25, 2, 4.05],
			"to": [4.25, 6, 9.05],
			"rotation": {"angle": 22.5, "axis": "y", "origin": [12.75, 2, -0.75]},
			"faces": {
				"north": {"uv": [0, 0, 1, 4], "texture": "#0"},
				"east": {"uv": [0, 0, 5, 4], "texture": "#0"},
				"south": {"uv": [0, 0, 1, 4], "texture": "#0"},
				"west": {"uv": [0, 0, 5, 4], "texture": "#0"},
				"up": {"uv": [0, 0, 5, 1], "rotation": 90, "texture": "#0"},
				"down": {"uv": [0, 0, 5, 1], "rotation": 270, "texture": "#0"}
			}
		},
		{
			"from": [6.75, 2, 6],
			"to": [7.75, 6, 12],
			"rotation": {"angle": 0, "axis": "y", "origin": [12.75, 2, -0.75]},
			"faces": {
				"north": {"uv": [0, 0, 1, 4], "texture": "#0"},
				"east": {"uv": [0, 0, 6, 4], "texture": "#0"},
				"south": {"uv": [0, 0, 1, 4], "texture": "#0"},
				"west": {"uv": [0, 0, 6, 4], "texture": "#0"},
				"up": {"uv": [0, 0, 6, 1], "rotation": 90, "texture": "#0"},
				"down": {"uv": [0, 0, 6, 1], "rotation": 270, "texture": "#0"}
			}
		},
		{
			"from": [9.15, 0, 8.59],
			"to": [10.15, 2, 9.59],
			"faces": {
				"north": {"uv": [0, 0, 1, 2], "texture": "#1"},
				"east": {"uv": [0, 0, 1, 2], "texture": "#1"},
				"south": {"uv": [0, 0, 1, 2], "texture": "#1"},
				"west": {"uv": [0, 0, 1, 2], "texture": "#1"},
				"up": {"uv": [0, 0, 1, 1], "texture": "#1"},
				"down": {"uv": [0, 0, 1, 1], "texture": "#1"}
			}
		},
		{
			"from": [3.9, 0, 8.09],
			"to": [4.9, 2, 9.59],
			"faces": {
				"north": {"uv": [0, 0, 1, 2], "texture": "#1"},
				"east": {"uv": [0, 0, 1.5, 2], "texture": "#1"},
				"south": {"uv": [0, 0, 1, 2], "texture": "#1"},
				"west": {"uv": [0, 0, 1.5, 2], "texture": "#1"},
				"up": {"uv": [0, 0, 1, 1.5], "texture": "#1"},
				"down": {"uv": [0, 0, 1, 1.5], "texture": "#1"}
			}
		},
		{
			"from": [12, 0, 5],
			"to": [13, 2, 6],
			"rotation": {"angle": -22.5, "axis": "y", "origin": [0, 0, 0]},
			"faces": {
				"north": {"uv": [0, 0, 1, 2], "texture": "#1"},
				"east": {"uv": [0, 0, 1, 2], "texture": "#1"},
				"south": {"uv": [0, 0, 1, 2], "texture": "#1"},
				"west": {"uv": [0, 0, 1, 2], "texture": "#1"},
				"up": {"uv": [0, 0, 1, 1], "texture": "#1"},
				"down": {"uv": [0, 0, 1, 1], "texture": "#1"}
			}
		},
		{
			"from": [6.75, 0, 5],
			"to": [7.75, 2, 6],
			"rotation": {"angle": -22.5, "axis": "y", "origin": [0, 0, 0]},
			"faces": {
				"north": {"uv": [0, 0, 1, 2], "texture": "#1"},
				"east": {"uv": [0, 0, 1, 2], "texture": "#1"},
				"south": {"uv": [0, 0, 1, 2], "texture": "#1"},
				"west": {"uv": [0, 0, 1, 2], "texture": "#1"},
				"up": {"uv": [0, 0, 1, 1], "texture": "#1"},
				"down": {"uv": [0, 0, 1, 1], "texture": "#1"}
			}
		},
		{
			"from": [5.05, 0, 10.5],
			"to": [6.05, 2, 11.75],
			"rotation": {"angle": 22.5, "axis": "y", "origin": [0, 0, 0]},
			"faces": {
				"north": {"uv": [0, 0, 1, 2], "texture": "#1"},
				"east": {"uv": [0, 0, 1.25, 2], "texture": "#1"},
				"south": {"uv": [0, 0, 1, 2], "texture": "#1"},
				"west": {"uv": [0, 0, 1.25, 2], "texture": "#1"},
				"up": {"uv": [0, 0, 1, 1.25], "texture": "#1"},
				"down": {"uv": [0, 0, 1, 1.25], "texture": "#1"}
			}
		},
		{
			"from": [0, 0, 10.25],
			"to": [1, 2, 11.5],
			"rotation": {"angle": 22.5, "axis": "y", "origin": [0, 0, 0]},
			"faces": {
				"north": {"uv": [0, 0, 1, 2], "texture": "#1"},
				"east": {"uv": [0, 0, 1.25, 2], "texture": "#1"},
				"south": {"uv": [0, 0, 1, 2], "texture": "#1"},
				"west": {"uv": [0, 0, 1.25, 2], "texture": "#1"},
				"up": {"uv": [0, 0, 1, 1.25], "texture": "#1"},
				"down": {"uv": [0, 0, 1, 1.25], "texture": "#1"}
			}
		},
		{
			"from": [17.65, 0, 6.02],
			"to": [18.65, 2, 7.52],
			"rotation": {"angle": -45, "axis": "y", "origin": [8.75, 0, -2.5]},
			"faces": {
				"north": {"uv": [0, 0, 1, 2], "texture": "#1"},
				"east": {"uv": [0, 0, 1.5, 2], "texture": "#1"},
				"south": {"uv": [0, 0, 1, 2], "texture": "#1"},
				"west": {"uv": [0, 0, 1.5, 2], "texture": "#1"},
				"up": {"uv": [0, 0, 1, 1.5], "texture": "#1"},
				"down": {"uv": [0, 0, 1, 1.5], "texture": "#1"}
			}
		},
		{
			"from": [12.65, 0, 6.02],
			"to": [13.65, 2, 7.52],
			"rotation": {"angle": -45, "axis": "y", "origin": [8.75, 0, -2.5]},
			"faces": {
				"north": {"uv": [0, 0, 1, 2], "texture": "#1"},
				"east": {"uv": [0, 0, 1.5, 2], "texture": "#1"},
				"south": {"uv": [0, 0, 1, 2], "texture": "#1"},
				"west": {"uv": [0, 0, 1.5, 2], "texture": "#1"},
				"up": {"uv": [0, 0, 1, 1.5], "texture": "#1"},
				"down": {"uv": [0, 0, 1, 1.5], "texture": "#1"}
			}
		},
		{
			"from": [2.23, 0, 4.4],
			"to": [3.23, 2, 5.4],
			"rotation": {"angle": 22.5, "axis": "y", "origin": [8.75, 0, -2.5]},
			"faces": {
				"north": {"uv": [0, 0, 1, 2], "texture": "#1"},
				"east": {"uv": [0, 0, 1, 2], "texture": "#1"},
				"south": {"uv": [0, 0, 1, 2], "texture": "#1"},
				"west": {"uv": [0, 0, 1, 2], "texture": "#1"},
				"up": {"uv": [0, 0, 1, 1], "rotation": 90, "texture": "#1"},
				"down": {"uv": [0, 0, 1, 1], "rotation": 270, "texture": "#1"}
			}
		},
		{
			"from": [1.4, 0, 3.77],
			"to": [2.4, 2, 5.27],
			"rotation": {"angle": 45, "axis": "y", "origin": [8.75, 0, -2.5]},
			"faces": {
				"north": {"uv": [0, 0, 1, 2], "texture": "#1"},
				"east": {"uv": [0, 0, 1.5, 2], "texture": "#1"},
				"south": {"uv": [0, 0, 1, 2], "texture": "#1"},
				"west": {"uv": [0, 0, 1.5, 2], "texture": "#1"},
				"up": {"uv": [0, 0, 1, 1.5], "texture": "#1"},
				"down": {"uv": [0, 0, 1, 1.5], "texture": "#1"}
			}
		},
		{
			"from": [-3.65, 0, 3.7],
			"to": [-2.65, 2, 5.2],
			"rotation": {"angle": 45, "axis": "y", "origin": [8.75, 0, -2.5]},
			"faces": {
				"north": {"uv": [0, 0, 1, 2], "texture": "#1"},
				"east": {"uv": [0, 0, 1.5, 2], "texture": "#1"},
				"south": {"uv": [0, 0, 1, 2], "texture": "#1"},
				"west": {"uv": [0, 0, 1.5, 2], "texture": "#1"},
				"up": {"uv": [0, 0, 1, 1.5], "texture": "#1"},
				"down": {"uv": [0, 0, 1, 1.5], "texture": "#1"}
			}
		},
		{
			"from": [3.25, 0, 8.05],
			"to": [4.25, 2, 9.05],
			"rotation": {"angle": 22.5, "axis": "y", "origin": [12.75, 0, -0.75]},
			"faces": {
				"north": {"uv": [0, 0, 1, 2], "texture": "#1"},
				"east": {"uv": [0, 0, 1, 2], "texture": "#1"},
				"south": {"uv": [0, 0, 1, 2], "texture": "#1"},
				"west": {"uv": [0, 0, 1, 2], "texture": "#1"},
				"up": {"uv": [0, 0, 1, 1], "rotation": 90, "texture": "#1"},
				"down": {"uv": [0, 0, 1, 1], "rotation": 270, "texture": "#1"}
			}
		},
		{
			"from": [3.75, 0, 3.05],
			"to": [4.75, 2, 4.05],
			"rotation": {"angle": 22.5, "axis": "y", "origin": [12.75, 0, -0.75]},
			"faces": {
				"north": {"uv": [0, 0, 1, 2], "texture": "#1"},
				"east": {"uv": [0, 0, 1, 2], "texture": "#1"},
				"south": {"uv": [0, 0, 1, 2], "texture": "#1"},
				"west": {"uv": [0, 0, 1, 2], "texture": "#1"},
				"up": {"uv": [0, 0, 1, 1], "rotation": 90, "texture": "#1"},
				"down": {"uv": [0, 0, 1, 1], "rotation": 270, "texture": "#1"}
			}
		},
		{
			"from": [10.75, 0, 7.3],
			"to": [11.75, 2, 8.3],
			"rotation": {"angle": -22.5, "axis": "y", "origin": [12.75, 0, -0.75]},
			"faces": {
				"north": {"uv": [0, 0, 1, 2], "texture": "#1"},
				"east": {"uv": [0, 0, 1, 2], "texture": "#1"},
				"south": {"uv": [0, 0, 1, 2], "texture": "#1"},
				"west": {"uv": [0, 0, 1, 2], "texture": "#1"},
				"up": {"uv": [0, 0, 1, 1], "rotation": 90, "texture": "#1"},
				"down": {"uv": [0, 0, 1, 1], "rotation": 270, "texture": "#1"}
			}
		},
		{
			"from": [10.75, 0, 12.55],
			"to": [11.75, 2, 13.55],
			"rotation": {"angle": -22.5, "axis": "y", "origin": [12.75, 0, -0.75]},
			"faces": {
				"north": {"uv": [0, 0, 1, 2], "texture": "#1"},
				"east": {"uv": [0, 0, 1, 2], "texture": "#1"},
				"south": {"uv": [0, 0, 1, 2], "texture": "#1"},
				"west": {"uv": [0, 0, 1, 2], "texture": "#1"},
				"up": {"uv": [0, 0, 1, 1], "rotation": 90, "texture": "#1"},
				"down": {"uv": [0, 0, 1, 1], "rotation": 270, "texture": "#1"}
			}
		},
		{
			"from": [6.25, 0, 11],
			"to": [7.75, 2, 12],
			"rotation": {"angle": 0, "axis": "y", "origin": [12.75, 0, -0.75]},
			"faces": {
				"north": {"uv": [0, 0, 1.5, 2], "texture": "#1"},
				"east": {"uv": [0, 0, 1, 2], "texture": "#1"},
				"south": {"uv": [0, 0, 1.5, 2], "texture": "#1"},
				"west": {"uv": [0, 0, 1, 2], "texture": "#1"},
				"up": {"uv": [0, 0, 1, 1.5], "rotation": 90, "texture": "#1"},
				"down": {"uv": [0, 0, 1, 1.5], "rotation": 270, "texture": "#1"}
			}
		},
		{
			"from": [6.75, 0, 5.75],
			"to": [7.75, 2, 6.75],
			"rotation": {"angle": 0, "axis": "y", "origin": [12.75, 0, -0.75]},
			"faces": {
				"north": {"uv": [0, 0, 1, 2], "texture": "#1"},
				"east": {"uv": [0, 0, 1, 2], "texture": "#1"},
				"south": {"uv": [0, 0, 1, 2], "texture": "#1"},
				"west": {"uv": [0, 0, 1, 2], "texture": "#1"},
				"up": {"uv": [0, 0, 1, 1], "rotation": 90, "texture": "#1"},
				"down": {"uv": [0, 0, 1, 1], "rotation": 270, "texture": "#1"}
			}
		},
		{
			"from": [9.15, 0, 8.59],
			"to": [10.15, 2, 9.59],
			"faces": {
				"north": {"uv": [0, 0, 1, 2], "texture": "#1"},
				"east": {"uv": [0, 0, 1, 2], "texture": "#1"},
				"south": {"uv": [0, 0, 1, 2], "texture": "#1"},
				"west": {"uv": [0, 0, 1, 2], "texture": "#1"},
				"up": {"uv": [0, 0, 1, 1], "texture": "#1"},
				"down": {"uv": [0, 0, 1, 1], "texture": "#1"}
			}
		},
		{
			"from": [12, 0, 5],
			"to": [13, 2, 6],
			"rotation": {"angle": -22.5, "axis": "y", "origin": [0, 0, 0]},
			"faces": {
				"north": {"uv": [0, 0, 1, 2], "texture": "#1"},
				"east": {"uv": [0, 0, 1, 2], "texture": "#1"},
				"south": {"uv": [0, 0, 1, 2], "texture": "#1"},
				"west": {"uv": [0, 0, 1, 2], "texture": "#1"},
				"up": {"uv": [0, 0, 1, 1], "texture": "#1"},
				"down": {"uv": [0, 0, 1, 1], "texture": "#1"}
			}
		},
		{
			"from": [17.65, 0, 6.02],
			"to": [18.65, 2, 7.52],
			"rotation": {"angle": -45, "axis": "y", "origin": [8.75, 0, -2.5]},
			"faces": {
				"north": {"uv": [0, 0, 1, 2], "texture": "#1"},
				"east": {"uv": [0, 0, 1.5, 2], "texture": "#1"},
				"south": {"uv": [0, 0, 1, 2], "texture": "#1"},
				"west": {"uv": [0, 0, 1.5, 2], "texture": "#1"},
				"up": {"uv": [0, 0, 1, 1.5], "texture": "#1"},
				"down": {"uv": [0, 0, 1, 1.5], "texture": "#1"}
			}
		},
		{
			"from": [3.25, 0, 8.05],
			"to": [4.25, 2, 9.05],
			"rotation": {"angle": 22.5, "axis": "y", "origin": [12.75, 0, -0.75]},
			"faces": {
				"north": {"uv": [0, 0, 1, 2], "texture": "#1"},
				"east": {"uv": [0, 0, 1, 2], "texture": "#1"},
				"south": {"uv": [0, 0, 1, 2], "texture": "#1"},
				"west": {"uv": [0, 0, 1, 2], "texture": "#1"},
				"up": {"uv": [0, 0, 1, 1], "rotation": 90, "texture": "#1"},
				"down": {"uv": [0, 0, 1, 1], "rotation": 270, "texture": "#1"}
			}
		},
		{
			"from": [6.75, 0, 11],
			"to": [7.75, 2, 12],
			"rotation": {"angle": 0, "axis": "y", "origin": [12.75, 0, -0.75]},
			"faces": {
				"north": {"uv": [0, 0, 1, 2], "texture": "#1"},
				"east": {"uv": [0, 0, 1, 2], "texture": "#1"},
				"south": {"uv": [0, 0, 1, 2], "texture": "#1"},
				"west": {"uv": [0, 0, 1, 2], "texture": "#1"},
				"up": {"uv": [0, 0, 1, 1], "rotation": 90, "texture": "#1"},
				"down": {"uv": [0, 0, 1, 1], "rotation": 270, "texture": "#1"}
			}
		},
		{
			"from": [5.95, 0, 3.95],
			"to": [7.95, 1, 5.95],
			"rotation": {"angle": 0, "axis": "y", "origin": [16, 0, 2]},
			"faces": {
				"north": {"uv": [0, 0, 2, 1], "texture": "#0"},
				"east": {"uv": [0, 0, 2, 1], "texture": "#0"},
				"south": {"uv": [0, 0, 2, 1], "texture": "#0"},
				"west": {"uv": [0, 0, 2, 1], "texture": "#0"},
				"up": {"uv": [0, 0, 2, 2], "texture": "#0"},
				"down": {"uv": [0, 0, 2, 2], "texture": "#0"}
			}
		},
		{
			"from": [2, 0, 6],
			"to": [4, 1, 8],
			"rotation": {"angle": 22.5, "axis": "y", "origin": [0, 0, 0]},
			"faces": {
				"north": {"uv": [0, 0, 2, 1], "texture": "#0"},
				"east": {"uv": [0, 0, 2, 1], "texture": "#0"},
				"south": {"uv": [0, 0, 2, 1], "texture": "#0"},
				"west": {"uv": [0, 0, 2, 1], "texture": "#0"},
				"up": {"uv": [0, 0, 2, 2], "texture": "#0"},
				"down": {"uv": [0, 0, 2, 2], "texture": "#0"}
			}
		},
		{
			"from": [6.3, 0, 0.45],
			"to": [8.3, 1, 2.45],
			"rotation": {"angle": -45, "axis": "y", "origin": [0, 0, 0]},
			"faces": {
				"north": {"uv": [0, 0, 2, 1], "texture": "#0"},
				"east": {"uv": [0, 0, 2, 1], "texture": "#0"},
				"south": {"uv": [0, 0, 2, 1], "texture": "#0"},
				"west": {"uv": [0, 0, 2, 1], "texture": "#0"},
				"up": {"uv": [0, 0, 2, 2], "rotation": 270, "texture": "#0"},
				"down": {"uv": [0, 0, 2, 2], "rotation": 90, "texture": "#0"}
			}
		},
		{
			"from": [4.89, 0, 4.68],
			"to": [6.89, 1, 6.68],
			"rotation": {"angle": -22.5, "axis": "y", "origin": [0, 0, 0]},
			"faces": {
				"north": {"uv": [0, 0, 2, 1], "texture": "#0"},
				"east": {"uv": [0, 0, 2, 1], "texture": "#0"},
				"south": {"uv": [0, 0, 2, 1], "texture": "#0"},
				"west": {"uv": [0, 0, 2, 1], "texture": "#0"},
				"up": {"uv": [0, 0, 2, 2], "rotation": 270, "texture": "#0"},
				"down": {"uv": [0, 0, 2, 2], "rotation": 90, "texture": "#0"}
			}
		},
		{
			"from": [2.68, 0, 9.11],
			"to": [4.68, 1, 11.11],
			"rotation": {"angle": -22.5, "axis": "y", "origin": [-2, 0, 16]},
			"faces": {
				"north": {"uv": [0, 0, 2, 1], "texture": "#0"},
				"east": {"uv": [0, 0, 2, 1], "texture": "#0"},
				"south": {"uv": [0, 0, 2, 1], "texture": "#0"},
				"west": {"uv": [0, 0, 2, 1], "texture": "#0"},
				"up": {"uv": [0, 0, 2, 2], "rotation": 180, "texture": "#0"},
				"down": {"uv": [0, 0, 2, 2], "rotation": 180, "texture": "#0"}
			}
		},
		{
			"from": [-1.55, 0, 7.7],
			"to": [0.45, 1, 9.7],
			"rotation": {"angle": -45, "axis": "y", "origin": [-2, 0, 16]},
			"faces": {
				"north": {"uv": [0, 0, 2, 1], "texture": "#0"},
				"east": {"uv": [0, 0, 2, 1], "texture": "#0"},
				"south": {"uv": [0, 0, 2, 1], "texture": "#0"},
				"west": {"uv": [0, 0, 2, 1], "texture": "#0"},
				"up": {"uv": [0, 0, 2, 2], "rotation": 180, "texture": "#0"},
				"down": {"uv": [0, 0, 2, 2], "rotation": 180, "texture": "#0"}
			}
		},
		{
			"from": [4, 0, 12],
			"to": [6, 1, 14],
			"rotation": {"angle": 22.5, "axis": "y", "origin": [-2, 0, 16]},
			"faces": {
				"north": {"uv": [0, 0, 2, 1], "texture": "#0"},
				"east": {"uv": [0, 0, 2, 1], "texture": "#0"},
				"south": {"uv": [0, 0, 2, 1], "texture": "#0"},
				"west": {"uv": [0, 0, 2, 1], "texture": "#0"},
				"up": {"uv": [0, 0, 2, 2], "rotation": 270, "texture": "#0"},
				"down": {"uv": [0, 0, 2, 2], "rotation": 90, "texture": "#0"}
			}
		},
		{
			"from": [2, 0, 8],
			"to": [4, 1, 10],
			"rotation": {"angle": 0, "axis": "y", "origin": [-2, 0, 16]},
			"faces": {
				"north": {"uv": [0, 0, 2, 1], "texture": "#0"},
				"east": {"uv": [0, 0, 2, 1], "texture": "#0"},
				"south": {"uv": [0, 0, 2, 1], "texture": "#0"},
				"west": {"uv": [0, 0, 2, 1], "texture": "#0"},
				"up": {"uv": [0, 0, 2, 2], "rotation": 270, "texture": "#0"},
				"down": {"uv": [0, 0, 2, 2], "rotation": 90, "texture": "#0"}
			}
		},
		{
			"from": [7.11, 0, 11.32],
			"to": [9.11, 1, 13.32],
			"rotation": {"angle": -22.5, "axis": "y", "origin": [14, 0, 18]},
			"faces": {
				"north": {"uv": [0, 0, 2, 1], "texture": "#0"},
				"east": {"uv": [0, 0, 2, 1], "texture": "#0"},
				"south": {"uv": [0, 0, 2, 1], "texture": "#0"},
				"west": {"uv": [0, 0, 2, 1], "texture": "#0"},
				"up": {"uv": [0, 0, 2, 2], "rotation": 90, "texture": "#0"},
				"down": {"uv": [0, 0, 2, 2], "rotation": 270, "texture": "#0"}
			}
		},
		{
			"from": [14.45, 0, 9.7],
			"to": [16.45, 1, 11.7],
			"rotation": {"angle": 45, "axis": "y", "origin": [14, 0, 18]},
			"faces": {
				"north": {"uv": [0, 0, 2, 1], "texture": "#0"},
				"east": {"uv": [0, 0, 2, 1], "texture": "#0"},
				"south": {"uv": [0, 0, 2, 1], "texture": "#0"},
				"west": {"uv": [0, 0, 2, 1], "texture": "#0"},
				"up": {"uv": [0, 0, 2, 2], "rotation": 180, "texture": "#0"},
				"down": {"uv": [0, 0, 2, 2], "rotation": 180, "texture": "#0"}
			}
		},
		{
			"from": [10, 0, 10],
			"to": [12, 1, 12],
			"rotation": {"angle": 22.5, "axis": "y", "origin": [14, 0, 18]},
			"faces": {
				"north": {"uv": [0, 0, 2, 1], "texture": "#0"},
				"east": {"uv": [0, 0, 2, 1], "texture": "#0"},
				"south": {"uv": [0, 0, 2, 1], "texture": "#0"},
				"west": {"uv": [0, 0, 2, 1], "texture": "#0"},
				"up": {"uv": [0, 0, 2, 2], "rotation": 180, "texture": "#0"},
				"down": {"uv": [0, 0, 2, 2], "rotation": 180, "texture": "#0"}
			}
		},
		{
			"from": [6, 0, 12],
			"to": [8, 1, 14],
			"rotation": {"angle": 0, "axis": "y", "origin": [14, 0, 18]},
			"faces": {
				"north": {"uv": [0, 0, 2, 1], "texture": "#0"},
				"east": {"uv": [0, 0, 2, 1], "texture": "#0"},
				"south": {"uv": [0, 0, 2, 1], "texture": "#0"},
				"west": {"uv": [0, 0, 2, 1], "texture": "#0"},
				"up": {"uv": [0, 0, 2, 2], "rotation": 180, "texture": "#0"},
				"down": {"uv": [0, 0, 2, 2], "rotation": 180, "texture": "#0"}
			}
		},
		{
			"from": [10, 0, 8],
			"to": [12, 1, 10],
			"rotation": {"angle": 0, "axis": "y", "origin": [16, 0, 2]},
			"faces": {
				"north": {"uv": [0, 0, 2, 1], "texture": "#0"},
				"east": {"uv": [0, 0, 2, 1], "texture": "#0"},
				"south": {"uv": [0, 0, 2, 1], "texture": "#0"},
				"west": {"uv": [0, 0, 2, 1], "texture": "#0"},
				"up": {"uv": [0, 0, 2, 2], "rotation": 90, "texture": "#0"},
				"down": {"uv": [0, 0, 2, 2], "rotation": 270, "texture": "#0"}
			}
		},
		{
			"from": [8, 0, 4],
			"to": [10, 1, 6],
			"rotation": {"angle": 22.5, "axis": "y", "origin": [16, 0, 2]},
			"faces": {
				"north": {"uv": [0, 0, 2, 1], "texture": "#0"},
				"east": {"uv": [0, 0, 2, 1], "texture": "#0"},
				"south": {"uv": [0, 0, 2, 1], "texture": "#0"},
				"west": {"uv": [0, 0, 2, 1], "texture": "#0"},
				"up": {"uv": [0, 0, 2, 2], "rotation": 90, "texture": "#0"},
				"down": {"uv": [0, 0, 2, 2], "rotation": 270, "texture": "#0"}
			}
		},
		{
			"from": [7.7, 0, -0.45],
			"to": [9.7, 1, 1.55],
			"rotation": {"angle": 45, "axis": "y", "origin": [16, 0, 2]},
			"faces": {
				"north": {"uv": [0, 0, 2, 1], "texture": "#0"},
				"east": {"uv": [0, 0, 2, 1], "texture": "#0"},
				"south": {"uv": [0, 0, 2, 1], "texture": "#0"},
				"west": {"uv": [0, 0, 2, 1], "texture": "#0"},
				"up": {"uv": [0, 0, 2, 2], "rotation": 90, "texture": "#0"},
				"down": {"uv": [0, 0, 2, 2], "rotation": 270, "texture": "#0"}
			}
		},
		{
			"from": [9.32, 0, 6.89],
			"to": [11.32, 1, 8.89],
			"rotation": {"angle": -22.5, "axis": "y", "origin": [16, 0, 2]},
			"faces": {
				"north": {"uv": [0, 0, 2, 1], "texture": "#0"},
				"east": {"uv": [0, 0, 2, 1], "texture": "#0"},
				"south": {"uv": [0, 0, 2, 1], "texture": "#0"},
				"west": {"uv": [0, 0, 2, 1], "texture": "#0"},
				"up": {"uv": [0, 0, 2, 2], "texture": "#0"},
				"down": {"uv": [0, 0, 2, 2], "texture": "#0"}
			}
		}
	],
	"display": {
		"thirdperson_righthand": {
			"translation": [0, 7.25, 0]
		},
		"thirdperson_lefthand": {
			"translation": [0, 7, 0]
		},
		"firstperson_righthand": {
			"translation": [0, 6.5, 0]
		},
		"firstperson_lefthand": {
			"translation": [0, 6, 0]
		},
		"ground": {
			"scale": [0.16, 0.13, 0.16]
		},
		"gui": {
			"rotation": [20, 0, 0],
			"translation": [1.5, 6.5, 0],
			"scale": [1.2, 1.2, 1.2]
		},
		"head": {
			"rotation": [-4, 4, 6],
			"translation": [-1, 18.5, -2.5],
			"scale": [1.5, 1.5, 1.5]
		},
		"fixed": {
			"rotation": [0, 90, 0],
			"translation": [-3.5, 21.5, -0.75],
			"scale": [4, 4, 4]
		}
	},
	"groups": [
		{
			"name": "Top",
			"origin": [12.75, 2, -0.75],
			"color": 0,
			"children": [0, 1, 2, 3, 4, 5, 6, 7, 8, 9, 10, 11, 12, 13, 14, 15, 16, 17, 18, 19, 20, 21]
		},
		{
			"name": "Mid",
			"origin": [12.75, 0, -0.75],
			"color": 0,
			"children": [22, 23, 24, 25, 26, 27, 28, 29, 30, 31, 32, 33, 34, 35, 36, 37, 38, 39, 40, 41, 42, 43]
		},
		{
			"name": "Base",
			"origin": [16, 0, 2],
			"color": 0,
			"children": [44, 45, 46, 47, 48, 49, 50, 51, 52, 53, 54, 55, 56, 57, 58, 59]
		}
	]
}