{
	"credit": "Made with Blockbench",
	"textures": {
		"0": "block/yellow_terracotta",
		"1": "block/blackstone_top",
		"2": "block/redstone_lamp_on",
		"3": "block/stripped_birch_log",
		"particle": "block/yellow_terracotta"
	},
	"elements": [
		{
			"from": [6.75, 1.75, 0],
			"to": [9.25, 4.25, 3],
			"faces": {
				"north": {"uv": [0, 0, 2.5, 2.5], "texture": "#1"},
				"east": {"uv": [0, 0, 3, 2.5], "texture": "#1"},
				"south": {"uv": [0, 0, 2.5, 2.5], "texture": "#1"},
				"west": {"uv": [0, 0, 3, 2.5], "texture": "#1"},
				"up": {"uv": [0, 0, 2.5, 3], "texture": "#1"},
				"down": {"uv": [0, 0, 2.5, 3], "texture": "#1"}
			}
		},
		{
			"from": [7, 2, -0.25],
			"to": [9, 4, 0],
			"faces": {
				"north": {"uv": [0, 0, 16, 16], "texture": "#2"},
				"east": {"uv": [0, 0, 0.25, 2], "texture": "#2"},
				"south": {"uv": [0, 0, 2, 2], "texture": "#2"},
				"west": {"uv": [0, 0, 0.25, 2], "texture": "#2"},
				"up": {"uv": [0, 0, 2, 0.25], "texture": "#2"},
				"down": {"uv": [0, 0, 2, 0.25], "texture": "#2"}
			}
		},
		{
			"from": [0, 0, 0],
			"to": [16, 1, 16],
			"faces": {
				"north": {"uv": [0, 0, 16, 1], "texture": "#0"},
				"east": {"uv": [0, 0, 16, 1], "texture": "#0"},
				"south": {"uv": [0, 0, 16, 1], "texture": "#0"},
				"west": {"uv": [0, 0, 16, 1], "texture": "#0"},
				"up": {"uv": [0, 0, 16, 16], "texture": "#0"},
				"down": {"uv": [0, 0, 16, 16], "texture": "#0"}
			}
		},
		{
			"from": [1, 1, 1],
			"to": [15, 3, 15],
			"faces": {
				"north": {"uv": [0, 0, 14, 2], "texture": "#0"},
				"east": {"uv": [0, 0, 14, 2], "texture": "#0"},
				"south": {"uv": [0, 0, 14, 2], "texture": "#0"},
				"west": {"uv": [0, 0, 14, 2], "texture": "#0"},
				"up": {"uv": [0, 0, 14, 14], "texture": "#0"},
				"down": {"uv": [0, 0, 14, 14], "texture": "#0"}
			}
		},
		{
			"from": [2, 3, 2],
			"to": [14, 5, 14],
			"faces": {
				"north": {"uv": [0, 0, 12, 2], "texture": "#0"},
				"east": {"uv": [0, 0, 12, 2], "texture": "#0"},
				"south": {"uv": [0, 0, 12, 2], "texture": "#0"},
				"west": {"uv": [0, 0, 12, 2], "texture": "#0"},
				"up": {"uv": [0, 0, 12, 12], "texture": "#0"},
				"down": {"uv": [0, 0, 12, 12], "texture": "#0"}
			}
		},
		{
			"from": [7, 0.25, 0.25],
			"to": [9, 2, 1.25],
			"rotation": {"angle": 0, "axis": "y", "origin": [0, -0.75, 0.25]},
			"faces": {
				"north": {"uv": [0, 0, 2, 1.75], "texture": "#3"},
				"east": {"uv": [0, 0, 1, 1.75], "texture": "#3"},
				"south": {"uv": [0, 0, 2, 1.75], "texture": "#3"},
				"west": {"uv": [0, 0, 1, 1.75], "texture": "#3"},
				"up": {"uv": [0, 0, 2, 1], "texture": "#3"},
				"down": {"uv": [0, 0, 2, 1], "texture": "#3"}
			}
		},
		{
			"from": [7, 2.22836, -0.89805],
			"to": [9, 4.47836, 0.10195],
			"rotation": {"angle": 22.5, "axis": "x", "origin": [0, -0.77164, -0.89805]},
			"faces": {
				"north": {"uv": [0, 0, 2, 2.25], "texture": "#3"},
				"east": {"uv": [0, 0, 1, 2.25], "texture": "#3"},
				"south": {"uv": [0, 0, 2, 2.25], "texture": "#3"},
				"west": {"uv": [0, 0, 1, 2.25], "texture": "#3"},
				"up": {"uv": [0, 0, 2, 1], "texture": "#3"},
				"down": {"uv": [0, 0, 2, 1], "texture": "#3"}
			}
		},
		{
			"from": [7, 5.2503, -1.75645],
			"to": [9, 7.5003, -0.75645],
			"rotation": {"angle": 45, "axis": "x", "origin": [0, 1.2503, -1.71739]},
			"faces": {
				"north": {"uv": [0, 0, 2, 2.25], "texture": "#3"},
				"east": {"uv": [0, 0, 1, 2.25], "texture": "#3"},
				"south": {"uv": [0, 0, 2, 2.25], "texture": "#3"},
				"west": {"uv": [0, 0, 1, 2.25], "texture": "#3"},
				"up": {"uv": [0, 0, 2, 1], "texture": "#3"},
				"down": {"uv": [0, 0, 2, 1], "texture": "#3"}
			}
		},
		{
			"from": [7, 4.66972, 2.70203],
			"to": [9, 5.66972, 12.95203],
			"rotation": {"angle": 0, "axis": "x", "origin": [0, 0.66972, -2.29797]},
			"faces": {
				"north": {"uv": [0, 0, 2, 1], "rotation": 180, "texture": "#3"},
				"east": {"uv": [0, 0, 1, 10.25], "rotation": 270, "texture": "#3"},
				"south": {"uv": [0, 0, 2, 1], "texture": "#3"},
				"west": {"uv": [0, 0, 1, 10.25], "rotation": 90, "texture": "#3"},
				"up": {"uv": [0, 0, 2, 10.25], "rotation": 180, "texture": "#3"},
				"down": {"uv": [0, 0, 2, 10.25], "texture": "#3"}
			}
		}
	],
	"display": {
		"thirdperson_righthand": {
			"translation": [0, 3, 0],
			"scale": [0.65, 0.65, 0.65]
		},
		"thirdperson_lefthand": {
			"translation": [0, 3, 0],
			"scale": [0.65, 0.65, 0.65]
		},
		"firstperson_righthand": {
			"translation": [3, 4.5, 0]
		},
		"firstperson_lefthand": {
			"translation": [3, 4.5, 0]
		},
		"ground": {
			"translation": [0, 4.25, 0]
		},
		"gui": {
			"rotation": [-147, -31, -173],
			"translation": [0.5, 3.75, 0],
			"scale": [0.6, 0.6, 0.6]
		},
		"head": {
			"translation": [0, 13.5, 0]
		}
	},
	"groups": [
		0,
		1,
		{
			"name": "Yellow",
			"origin": [0, 0, 0],
			"color": 0,
			"children": [2, 3, 4]
		},
		{
			"name": "Line",
			"origin": [0, 0.66972, -2.29797],
			"color": 0,
			"children": [5, 6, 7, 8]
		}
	]
}