{
	"credit": "Made with Blockbench",
	"textures": {
		"0": "block/stripped_spruce_log",
		"1": "block/stripped_birch_log",
		"2": "block/dark_oak_log_top",
		"3": "block/dark_oak_log",
		"particle": "block/stripped_spruce_log"
	},
	"elements": [
		{
			"from": [-0.5, 2, -0.5],
			"to": [2.5, 4, 2.5],
			"rotation": {"angle": 0, "axis": "y", "origin": [0, 2, 0]},
			"faces": {
				"north": {"uv": [0, 0, 3, 2], "texture": "#0"},
				"east": {"uv": [0, 0, 3, 2], "texture": "#0"},
				"south": {"uv": [0, 0, 3, 2], "texture": "#0"},
				"west": {"uv": [0, 0, 3, 2], "texture": "#0"},
				"up": {"uv": [0, 0, 3, 3], "texture": "#0"},
				"down": {"uv": [0, 0, 3, 3], "texture": "#0"}
			}
		},
		{
			"from": [-0.25, 4, -0.25],
			"to": [2.25, 6.5, 2.25],
			"rotation": {"angle": 0, "axis": "y", "origin": [0, 2, 0]},
			"faces": {
				"north": {"uv": [0, 0, 2.5, 2.5], "texture": "#0"},
				"east": {"uv": [0, 0, 2.5, 2.5], "texture": "#0"},
				"south": {"uv": [0, 0, 2.5, 2.5], "texture": "#0"},
				"west": {"uv": [0, 0, 2.5, 2.5], "texture": "#0"},
				"up": {"uv": [0, 0, 2.5, 2.5], "texture": "#0"},
				"down": {"uv": [0, 0, 2.5, 2.5], "texture": "#0"}
			}
		},
		{
			"from": [-0.25, 7.875, 0.78125],
			"to": [1.75, 11.875, 2.78125],
			"rotation": {"angle": 45, "axis": "x", "origin": [0, 5, 1]},
			"faces": {
				"north": {"uv": [0, 0, 2, 4], "texture": "#0"},
				"east": {"uv": [0, 0, 2, 4], "texture": "#0"},
				"south": {"uv": [0, 0, 2, 4], "texture": "#0"},
				"west": {"uv": [0, 0, 2, 4], "texture": "#0"},
				"up": {"uv": [0, 0, 2, 2], "texture": "#0"},
				"down": {"uv": [0, 0, 2, 2], "texture": "#0"}
			}
		},
		{
			"from": [0, 6, -3],
			"to": [2, 8, 4],
			"rotation": {"angle": 0, "axis": "y", "origin": [0, 2, 0]},
			"faces": {
				"north": {"uv": [0, 0, 2, 2], "texture": "#0"},
				"east": {"uv": [0, 0, 7, 2], "texture": "#0"},
				"south": {"uv": [0, 0, 2, 2], "texture": "#0"},
				"west": {"uv": [0, 0, 7, 2], "texture": "#0"},
				"up": {"uv": [0, 0, 2, 7], "texture": "#0"},
				"down": {"uv": [0, 0, 2, 7], "texture": "#0"}
			}
		},
		{
			"from": [-0.25, 7, -6.5],
			"to": [1.25, 8.5, -2.5],
			"rotation": {"angle": 0, "axis": "y", "origin": [-0.5, 2, 0]},
			"faces": {
				"north": {"uv": [0, 0, 1.5, 1.5], "texture": "#0"},
				"east": {"uv": [0, 0, 4, 1.5], "texture": "#0"},
				"south": {"uv": [0, 0, 1.5, 1.5], "texture": "#0"},
				"west": {"uv": [0, 0, 4, 1.5], "texture": "#0"},
				"up": {"uv": [0, 0, 1.5, 4], "texture": "#0"},
				"down": {"uv": [0, 0, 1.5, 4], "texture": "#0"}
			}
		},
		{
			"from": [-0.5, 8, -8],
			"to": [0.5, 9, -5.5],
			"rotation": {"angle": 0, "axis": "y", "origin": [-1, 2, 0]},
			"faces": {
				"north": {"uv": [0, 0, 1, 1], "texture": "#0"},
				"east": {"uv": [0, 0, 2.5, 1], "texture": "#0"},
				"south": {"uv": [0, 0, 1, 1], "texture": "#0"},
				"west": {"uv": [0, 0, 2.5, 1], "texture": "#0"},
				"up": {"uv": [0, 0, 1, 2.5], "texture": "#0"},
				"down": {"uv": [0, 0, 1, 2.5], "texture": "#0"}
			}
		},
		{
			"from": [-0.9375, 8.25, -10],
			"to": [-0.0625, 9.25, -7.5],
			"rotation": {"angle": 45, "axis": "x", "origin": [-1.5, 8, -7.5]},
			"faces": {
				"north": {"uv": [0, 0, 0.875, 1], "texture": "#0"},
				"east": {"uv": [0, 0, 2.5, 1], "texture": "#0"},
				"south": {"uv": [0, 0, 0.875, 1], "texture": "#0"},
				"west": {"uv": [0, 0, 2.5, 1], "texture": "#0"},
				"up": {"uv": [0, 0, 0.875, 2.5], "texture": "#0"},
				"down": {"uv": [0, 0, 0.875, 2.5], "texture": "#0"}
			}
		},
		{
			"from": [-1.34375, 9.84375, -7.75],
			"to": [-0.65625, 12.34375, -6.9375],
			"rotation": {"angle": -22.5, "axis": "x", "origin": [-1.5, 8, -7.5]},
			"faces": {
				"north": {"uv": [0, 0, 0.6875, 2.5], "rotation": 180, "texture": "#1"},
				"east": {"uv": [0, 0, 2.5, 0.8125], "rotation": 270, "texture": "#1"},
				"south": {"uv": [0, 0, 0.6875, 2.5], "texture": "#1"},
				"west": {"uv": [0, 0, 2.5, 0.8125], "rotation": 90, "texture": "#1"},
				"up": {"uv": [0, 0, 0.6875, 0.8125], "rotation": 180, "texture": "#1"},
				"down": {"uv": [0, 0, 0.6875, 0.8125], "texture": "#1"}
			}
		},
		{
			"from": [-0.53125, 9.625, 3.5625],
			"to": [1.46875, 12.625, 5.5625],
			"rotation": {"angle": 22.5, "axis": "x", "origin": [0, 4, 3]},
			"faces": {
				"north": {"uv": [0, 0, 2, 3], "texture": "#0"},
				"east": {"uv": [0, 0, 2, 3], "texture": "#0"},
				"south": {"uv": [0, 0, 2, 3], "texture": "#0"},
				"west": {"uv": [0, 0, 2, 3], "texture": "#0"},
				"up": {"uv": [0, 0, 2, 2], "texture": "#0"},
				"down": {"uv": [0, 0, 2, 2], "texture": "#0"}
			}
		},
		{
			"from": [-0.6875, 11.75, 3.9375],
			"to": [1.125, 16.75, 5.5625],
			"rotation": {"angle": 22.5, "axis": "x", "origin": [0, 4, 3]},
			"faces": {
				"north": {"uv": [0, 0, 1.8125, 5], "texture": "#0"},
				"east": {"uv": [0, 0, 1.625, 5], "texture": "#0"},
				"south": {"uv": [0, 0, 1.8125, 5], "texture": "#0"},
				"west": {"uv": [0, 0, 1.625, 5], "texture": "#0"},
				"up": {"uv": [0, 0, 1.8125, 1.625], "texture": "#0"},
				"down": {"uv": [0, 0, 1.8125, 1.625], "texture": "#0"}
			}
		},
		{
			"from": [-3.64964, 12.46875, 8.27291],
			"to": [0.31911, 13.5625, 9.36666],
			"rotation": {"angle": -45, "axis": "z", "origin": [0, 13.5, 8.5]},
			"faces": {
				"north": {"uv": [0, 0, 1.09375, 3.96875], "rotation": 90, "texture": "#0"},
				"east": {"uv": [0, 0, 1.09375, 1.09375], "rotation": 270, "texture": "#0"},
				"south": {"uv": [0, 0, 1.09375, 3.96875], "rotation": 270, "texture": "#0"},
				"west": {"uv": [0, 0, 1.09375, 1.09375], "rotation": 270, "texture": "#0"},
				"up": {"uv": [0, 0, 1.09375, 3.96875], "rotation": 270, "texture": "#0"},
				"down": {"uv": [0, 0, 1.09375, 3.96875], "rotation": 270, "texture": "#0"}
			}
		},
		{
			"from": [-5.46214, 12.59375, 8.46041],
			"to": [-1.49339, 13.40625, 9.21041],
			"rotation": {"angle": -45, "axis": "z", "origin": [0, 13.5, 8.5]},
			"faces": {
				"north": {"uv": [0, 0, 0.8125, 3.96875], "rotation": 90, "texture": "#0"},
				"east": {"uv": [0, 0, 0.8125, 0.75], "rotation": 270, "texture": "#0"},
				"south": {"uv": [0, 0, 0.8125, 3.96875], "rotation": 270, "texture": "#0"},
				"west": {"uv": [0, 0, 0.8125, 0.75], "rotation": 270, "texture": "#0"},
				"up": {"uv": [0, 0, 0.75, 3.96875], "rotation": 270, "texture": "#0"},
				"down": {"uv": [0, 0, 0.75, 3.96875], "rotation": 270, "texture": "#0"}
			}
		},
		{
			"from": [-6.64964, 12.71875, 8.55416],
			"to": [-4.74339, 13.34375, 9.14791],
			"rotation": {"angle": -45, "axis": "z", "origin": [0, 13.5, 8.5]},
			"faces": {
				"north": {"uv": [0, 0, 0.625, 1.90625], "rotation": 90, "texture": "#1"},
				"east": {"uv": [0, 0, 0.625, 0.59375], "rotation": 270, "texture": "#1"},
				"south": {"uv": [0, 0, 0.625, 1.90625], "rotation": 270, "texture": "#1"},
				"west": {"uv": [0, 0, 0.625, 0.59375], "rotation": 270, "texture": "#1"},
				"up": {"uv": [0, 0, 0.59375, 1.90625], "rotation": 270, "texture": "#1"},
				"down": {"uv": [0, 0, 0.59375, 1.90625], "rotation": 270, "texture": "#1"}
			}
		},
		{
			"from": [-0.78125, 14.3125, 4.375],
			"to": [0.90625, 19.3125, 5.71875],
			"rotation": {"angle": 22.5, "axis": "x", "origin": [0, 4, 3]},
			"faces": {
				"north": {"uv": [0, 0, 1.6875, 5], "texture": "#0"},
				"east": {"uv": [0, 0, 1.34375, 5], "texture": "#0"},
				"south": {"uv": [0, 0, 1.6875, 5], "texture": "#0"},
				"west": {"uv": [0, 0, 1.34375, 5], "texture": "#0"},
				"up": {"uv": [0, 0, 1.6875, 1.34375], "texture": "#0"},
				"down": {"uv": [0, 0, 1.6875, 1.34375], "texture": "#0"}
			}
		},
		{
			"from": [-1.8125, 17.12224, 10.065],
			"to": [-0.125, 19.62224, 11.40875],
			"rotation": {"angle": 22.5, "axis": "z", "origin": [0, 19.5, 10.5]},
			"faces": {
				"north": {"uv": [0, 0, 1.6875, 2.5], "texture": "#0"},
				"east": {"uv": [0, 0, 1.34375, 2.5], "texture": "#0"},
				"south": {"uv": [0, 0, 1.6875, 2.5], "texture": "#0"},
				"west": {"uv": [0, 0, 1.34375, 2.5], "texture": "#0"},
				"up": {"uv": [0, 0, 1.6875, 1.34375], "texture": "#0"},
				"down": {"uv": [0, 0, 1.6875, 1.34375], "texture": "#0"}
			}
		},
		{
			"from": [-1.6875, 19.12224, 10.94],
			"to": [0, 21.87224, 12.28375],
			"rotation": {"angle": 45, "axis": "x", "origin": [0, 19.5, 10.5]},
			"faces": {
				"north": {"uv": [0, 0, 1.6875, 2.75], "texture": "#0"},
				"east": {"uv": [0, 0, 1.34375, 2.75], "texture": "#0"},
				"south": {"uv": [0, 0, 1.6875, 2.75], "texture": "#0"},
				"west": {"uv": [0, 0, 1.34375, 2.75], "texture": "#0"},
				"up": {"uv": [0, 0, 1.6875, 1.34375], "texture": "#0"},
				"down": {"uv": [0, 0, 1.6875, 1.34375], "texture": "#0"}
			}
		},
		{
			"from": [-1.875, 20.96599, 11.0025],
			"to": [-0.5625, 24.21599, 12.19],
			"rotation": {"angle": 45, "axis": "x", "origin": [0, 19.5, 10.5]},
			"faces": {
				"north": {"uv": [0, 0, 1.3125, 3.25], "texture": "#0"},
				"east": {"uv": [0, 0, 1.1875, 3.25], "texture": "#0"},
				"south": {"uv": [0, 0, 1.3125, 3.25], "texture": "#0"},
				"west": {"uv": [0, 0, 1.1875, 3.25], "texture": "#0"},
				"up": {"uv": [0, 0, 1.3125, 1.1875], "texture": "#0"},
				"down": {"uv": [0, 0, 1.3125, 1.1875], "texture": "#0"}
			}
		},
		{
			"from": [-1.375, 20.96599, 12.5025],
			"to": [-0.5625, 23.71599, 13.34625],
			"rotation": {"angle": 22.5, "axis": "z", "origin": [0, 19.5, 10.5]},
			"faces": {
				"north": {"uv": [0, 0, 0.8125, 2.75], "texture": "#0"},
				"east": {"uv": [0, 0, 0.84375, 2.75], "texture": "#0"},
				"south": {"uv": [0, 0, 0.8125, 2.75], "texture": "#0"},
				"west": {"uv": [0, 0, 0.84375, 2.75], "texture": "#0"},
				"up": {"uv": [0, 0, 0.8125, 0.84375], "texture": "#0"},
				"down": {"uv": [0, 0, 0.8125, 0.84375], "texture": "#0"}
			}
		},
		{
			"from": [-1.28125, 23.27849, 12.59625],
			"to": [-0.65625, 26.02849, 13.2525],
			"rotation": {"angle": 22.5, "axis": "z", "origin": [0, 19.5, 10.5]},
			"faces": {
				"north": {"uv": [0, 0, 0.625, 2.75], "texture": "#0"},
				"east": {"uv": [0, 0, 0.65625, 2.75], "texture": "#0"},
				"south": {"uv": [0, 0, 0.625, 2.75], "texture": "#0"},
				"west": {"uv": [0, 0, 0.65625, 2.75], "texture": "#0"},
				"up": {"uv": [0, 0, 0.625, 0.65625], "texture": "#0"},
				"down": {"uv": [0, 0, 0.625, 0.65625], "texture": "#0"}
			}
		},
		{
			"from": [-0.6875, 18.24724, 10.28375],
			"to": [0, 20.99724, 10.94],
			"rotation": {"angle": -22.5, "axis": "z", "origin": [0, 19.5, 10.5]},
			"faces": {
				"north": {"uv": [0, 0, 0.6875, 2.75], "texture": "#0"},
				"east": {"uv": [0, 0, 0.65625, 2.75], "texture": "#0"},
				"south": {"uv": [0, 0, 0.6875, 2.75], "texture": "#0"},
				"west": {"uv": [0, 0, 0.65625, 2.75], "texture": "#0"},
				"up": {"uv": [0, 0, 0.6875, 0.65625], "texture": "#0"},
				"down": {"uv": [0, 0, 0.6875, 0.65625], "texture": "#0"}
			}
		},
		{
			"from": [-0.625, 20.30974, 10.34625],
			"to": [-0.0625, 23.05974, 10.8775],
			"rotation": {"angle": -22.5, "axis": "z", "origin": [0, 19.5, 10.5]},
			"faces": {
				"north": {"uv": [0, 0, 0.5625, 2.75], "texture": "#0"},
				"east": {"uv": [0, 0, 0.53125, 2.75], "texture": "#0"},
				"south": {"uv": [0, 0, 0.5625, 2.75], "texture": "#0"},
				"west": {"uv": [0, 0, 0.53125, 2.75], "texture": "#0"},
				"up": {"uv": [0, 0, 0.5625, 0.53125], "texture": "#0"},
				"down": {"uv": [0, 0, 0.5625, 0.53125], "texture": "#0"}
			}
		},
		{
			"from": [-1.65625, 23.46599, 11.09625],
			"to": [-0.8125, 26.71599, 12.0025],
			"rotation": {"angle": 45, "axis": "x", "origin": [0, 19.5, 10.5]},
			"faces": {
				"north": {"uv": [0, 0, 0.84375, 3.25], "texture": "#0"},
				"east": {"uv": [0, 0, 0.90625, 3.25], "texture": "#0"},
				"south": {"uv": [0, 0, 0.84375, 3.25], "texture": "#0"},
				"west": {"uv": [0, 0, 0.90625, 3.25], "texture": "#0"},
				"up": {"uv": [0, 0, 0.84375, 0.90625], "texture": "#0"},
				"down": {"uv": [0, 0, 0.84375, 0.90625], "texture": "#0"}
			}
		},
		{
			"from": [-1, 25.30974, 15.09625],
			"to": [-0.375, 28.62224, 15.7525],
			"rotation": {"angle": 22.5, "axis": "z", "origin": [-0.15625, 21.53125, 13]},
			"faces": {
				"north": {"uv": [0, 0, 0.625, 3.3125], "texture": "#0"},
				"east": {"uv": [0, 0, 0.65625, 3.3125], "texture": "#0"},
				"south": {"uv": [0, 0, 0.625, 3.3125], "texture": "#0"},
				"west": {"uv": [0, 0, 0.65625, 3.3125], "texture": "#0"},
				"up": {"uv": [0, 0, 0.625, 0.65625], "texture": "#0"},
				"down": {"uv": [0, 0, 0.625, 0.65625], "texture": "#0"}
			}
		},
		{
			"from": [-1.09375, 22.99724, 15.0025],
			"to": [-0.28125, 26.34099, 15.84625],
			"rotation": {"angle": 22.5, "axis": "z", "origin": [-0.15625, 21.53125, 13]},
			"faces": {
				"north": {"uv": [0, 0, 0.8125, 3.34375], "texture": "#0"},
				"east": {"uv": [0, 0, 0.84375, 3.34375], "texture": "#0"},
				"south": {"uv": [0, 0, 0.8125, 3.34375], "texture": "#0"},
				"west": {"uv": [0, 0, 0.84375, 3.34375], "texture": "#0"},
				"up": {"uv": [0, 0, 0.8125, 0.84375], "texture": "#0"},
				"down": {"uv": [0, 0, 0.8125, 0.84375], "texture": "#0"}
			}
		},
		{
			"from": [-0.78125, 23.21599, 14.19],
			"to": [-0.21875, 25.65349, 14.72125],
			"rotation": {"angle": -22.5, "axis": "z", "origin": [-0.15625, 21.53125, 13]},
			"faces": {
				"north": {"uv": [0, 0, 0.5625, 2.4375], "texture": "#1"},
				"east": {"uv": [0, 0, 0.53125, 2.4375], "texture": "#1"},
				"south": {"uv": [0, 0, 0.5625, 2.4375], "texture": "#1"},
				"west": {"uv": [0, 0, 0.53125, 2.4375], "texture": "#1"},
				"up": {"uv": [0, 0, 0.5625, 0.53125], "texture": "#1"},
				"down": {"uv": [0, 0, 0.5625, 0.53125], "texture": "#1"}
			}
		},
		{
			"from": [-0.84375, 21.15349, 14.1275],
			"to": [-0.15625, 23.43474, 14.78375],
			"rotation": {"angle": -22.5, "axis": "z", "origin": [-0.15625, 21.53125, 13]},
			"faces": {
				"north": {"uv": [0, 0, 0.6875, 2.28125], "texture": "#0"},
				"east": {"uv": [0, 0, 0.65625, 2.28125], "texture": "#0"},
				"south": {"uv": [0, 0, 0.6875, 2.28125], "texture": "#0"},
				"west": {"uv": [0, 0, 0.65625, 2.28125], "texture": "#0"},
				"up": {"uv": [0, 0, 0.6875, 0.65625], "texture": "#0"},
				"down": {"uv": [0, 0, 0.6875, 0.65625], "texture": "#0"}
			}
		},
		{
			"from": [-0.84375, 28.30974, 15.2525],
			"to": [-0.5, 30.62224, 15.6275],
			"rotation": {"angle": 22.5, "axis": "z", "origin": [-0.15625, 21.53125, 13]},
			"faces": {
				"north": {"uv": [0, 0, 0.34375, 2.3125], "texture": "#1"},
				"east": {"uv": [0, 0, 0.375, 2.3125], "texture": "#1"},
				"south": {"uv": [0, 0, 0.34375, 2.3125], "texture": "#1"},
				"west": {"uv": [0, 0, 0.375, 2.3125], "texture": "#1"},
				"up": {"uv": [0, 0, 0.34375, 0.375], "texture": "#1"},
				"down": {"uv": [0, 0, 0.34375, 0.375], "texture": "#1"}
			}
		},
		{
			"from": [4, 2, -0.5],
			"to": [7, 4, 2.5],
			"rotation": {"angle": 0, "axis": "y", "origin": [6.5, 2, 0]},
			"faces": {
				"north": {"uv": [3, 0, 0, 2], "texture": "#0"},
				"east": {"uv": [3, 0, 0, 2], "texture": "#0"},
				"south": {"uv": [3, 0, 0, 2], "texture": "#0"},
				"west": {"uv": [3, 0, 0, 2], "texture": "#0"},
				"up": {"uv": [3, 0, 0, 3], "texture": "#0"},
				"down": {"uv": [3, 0, 0, 3], "texture": "#0"}
			}
		},
		{
			"from": [4.25, 4, -0.25],
			"to": [6.75, 6.5, 2.25],
			"rotation": {"angle": 0, "axis": "y", "origin": [6.5, 2, 0]},
			"faces": {
				"north": {"uv": [2.5, 0, 0, 2.5], "texture": "#0"},
				"east": {"uv": [2.5, 0, 0, 2.5], "texture": "#0"},
				"south": {"uv": [2.5, 0, 0, 2.5], "texture": "#0"},
				"west": {"uv": [2.5, 0, 0, 2.5], "texture": "#0"},
				"up": {"uv": [2.5, 0, 0, 2.5], "texture": "#0"},
				"down": {"uv": [2.5, 0, 0, 2.5], "texture": "#0"}
			}
		},
		{
			"from": [5.40625, 1.375, 3.03125],
			"to": [7.40625, 5.375, 5.03125],
			"rotation": {"angle": -22.5, "axis": "z", "origin": [18.5, 5, 1]},
			"faces": {
				"north": {"uv": [2, 0, 4, 4], "texture": "#0"},
				"east": {"uv": [2, 0, 4, 4], "texture": "#0"},
				"south": {"uv": [2, 0, 4, 4], "texture": "#0"},
				"west": {"uv": [2, 0, 4, 4], "texture": "#0"},
				"up": {"uv": [2, 0, 4, 2], "texture": "#0"},
				"down": {"uv": [2, 0, 4, 2], "texture": "#0"}
			}
		},
		{
			"from": [6.09375, 4.03125, 4.15625],
			"to": [7.84375, 8.03125, 5.625],
			"rotation": {"angle": -22.5, "axis": "z", "origin": [18.5, 5, 1]},
			"faces": {
				"north": {"uv": [2, 0, 3.75, 4], "texture": "#0"},
				"east": {"uv": [2, 0, 3.46875, 4], "texture": "#0"},
				"south": {"uv": [2, 0, 3.75, 4], "texture": "#0"},
				"west": {"uv": [2, 0, 3.46875, 4], "texture": "#0"},
				"up": {"uv": [2, 0, 3.75, 1.46875], "texture": "#0"},
				"down": {"uv": [2, 0, 3.75, 1.46875], "texture": "#0"}
			}
		},
		{
			"from": [6.40625, 9.65625, 6.625],
			"to": [7.71875, 13.65625, 7.78125],
			"rotation": {"angle": 45, "axis": "x", "origin": [6.5, 12.5, 5]},
			"faces": {
				"north": {"uv": [2, 0, 3.3125, 4], "texture": "#0"},
				"east": {"uv": [2, 0, 3.15625, 4], "texture": "#0"},
				"south": {"uv": [2, 0, 3.3125, 4], "texture": "#0"},
				"west": {"uv": [2, 0, 3.15625, 4], "texture": "#0"},
				"up": {"uv": [2, 0, 3.3125, 1.15625], "texture": "#0"},
				"down": {"uv": [2, 0, 3.3125, 1.15625], "texture": "#0"}
			}
		},
		{
			"from": [6.1875, 12.96875, 6.75],
			"to": [7.40625, 16.96875, 7.78125],
			"rotation": {"angle": 45, "axis": "x", "origin": [6.5, 12.5, 5]},
			"faces": {
				"north": {"uv": [2, 0, 3.21875, 4], "texture": "#0"},
				"east": {"uv": [2, 0, 3.03125, 4], "texture": "#0"},
				"south": {"uv": [2, 0, 3.21875, 4], "texture": "#0"},
				"west": {"uv": [2, 0, 3.03125, 4], "texture": "#0"},
				"up": {"uv": [2, 0, 3.21875, 1.03125], "texture": "#0"},
				"down": {"uv": [2, 0, 3.21875, 1.03125], "texture": "#0"}
			}
		},
		{
			"from": [6.1875, 12.96875, 8.46875],
			"to": [7.1875, 16.96875, 9.34375],
			"rotation": {"angle": 22.5, "axis": "z", "origin": [6.5, 12.5, 5]},
			"faces": {
				"north": {"uv": [2, 0, 3, 4], "texture": "#0"},
				"east": {"uv": [2, 0, 2.875, 4], "texture": "#0"},
				"south": {"uv": [2, 0, 3, 4], "texture": "#0"},
				"west": {"uv": [2, 0, 2.875, 4], "texture": "#0"},
				"up": {"uv": [2, 0, 3, 0.875], "texture": "#0"},
				"down": {"uv": [2, 0, 3, 0.875], "texture": "#0"}
			}
		},
		{
			"from": [6.34375, 15.53125, 8.5625],
			"to": [7.09375, 19.53125, 9.28125],
			"rotation": {"angle": 22.5, "axis": "z", "origin": [6.5, 12.5, 5]},
			"faces": {
				"north": {"uv": [2, 0, 2.75, 4], "texture": "#0"},
				"east": {"uv": [2, 0, 2.71875, 4], "texture": "#0"},
				"south": {"uv": [2, 0, 2.75, 4], "texture": "#0"},
				"west": {"uv": [2, 0, 2.71875, 4], "texture": "#0"},
				"up": {"uv": [2, 0, 2.75, 0.71875], "texture": "#0"},
				"down": {"uv": [2, 0, 2.75, 0.71875], "texture": "#0"}
			}
		},
		{
			"from": [6.71875, 11.8125, 9.46875],
			"to": [7.71875, 15.8125, 10.34375],
			"rotation": {"angle": -22.5, "axis": "x", "origin": [6.5, 12.5, 5]},
			"faces": {
				"north": {"uv": [2, 0, 3, 4], "texture": "#0"},
				"east": {"uv": [2, 0, 2.875, 4], "texture": "#0"},
				"south": {"uv": [2, 0, 3, 4], "texture": "#0"},
				"west": {"uv": [2, 0, 2.875, 4], "texture": "#0"},
				"up": {"uv": [2, 0, 3, 0.875], "texture": "#0"},
				"down": {"uv": [2, 0, 3, 0.875], "texture": "#0"}
			}
		},
		{
			"from": [6.84375, 14.8125, 9.59375],
			"to": [7.53125, 18.8125, 10.25],
			"rotation": {"angle": -22.5, "axis": "x", "origin": [6.5, 12.5, 5]},
			"faces": {
				"north": {"uv": [2, 0, 2.6875, 4], "texture": "#1"},
				"east": {"uv": [2, 0, 2.65625, 4], "texture": "#1"},
				"south": {"uv": [2, 0, 2.6875, 4], "texture": "#1"},
				"west": {"uv": [2, 0, 2.65625, 4], "texture": "#1"},
				"up": {"uv": [2, 0, 2.6875, 0.65625], "texture": "#1"},
				"down": {"uv": [2, 0, 2.6875, 0.65625], "texture": "#1"}
			}
		},
		{
			"from": [9.18207, 10.52571, 4.90625],
			"to": [10.52582, 14.52571, 6.3125],
			"rotation": {"angle": -22.5, "axis": "z", "origin": [9, 13, 5]},
			"faces": {
				"north": {"uv": [2, 0, 3.34375, 4], "texture": "#0"},
				"east": {"uv": [2, 0, 3.40625, 4], "texture": "#0"},
				"south": {"uv": [2, 0, 3.34375, 4], "texture": "#0"},
				"west": {"uv": [2, 0, 3.40625, 4], "texture": "#0"},
				"up": {"uv": [2, 0, 3.34375, 1.40625], "texture": "#0"},
				"down": {"uv": [2, 0, 3.34375, 1.40625], "texture": "#0"}
			}
		},
		{
			"from": [9.52582, 13.68196, 5.25],
			"to": [10.86957, 16.96321, 6.65625],
			"rotation": {"angle": -22.5, "axis": "z", "origin": [9, 13, 5]},
			"faces": {
				"north": {"uv": [2, 0, 3.34375, 3.28125], "texture": "#0"},
				"east": {"uv": [2, 0, 3.40625, 3.28125], "texture": "#0"},
				"south": {"uv": [2, 0, 3.34375, 3.28125], "texture": "#0"},
				"west": {"uv": [2, 0, 3.40625, 3.28125], "texture": "#0"},
				"up": {"uv": [2, 0, 3.34375, 1.40625], "texture": "#0"},
				"down": {"uv": [2, 0, 3.34375, 1.40625], "texture": "#0"}
			}
		},
		{
			"from": [9.27582, 17.65071, 6.40625],
			"to": [10.30707, 20.93196, 7.5625],
			"rotation": {"angle": -22.5, "axis": "z", "origin": [9, 13, 5]},
			"faces": {
				"north": {"uv": [2, 0, 3.03125, 3.28125], "texture": "#0"},
				"east": {"uv": [2, 0, 3.15625, 3.28125], "texture": "#0"},
				"south": {"uv": [2, 0, 3.03125, 3.28125], "texture": "#0"},
				"west": {"uv": [2, 0, 3.15625, 3.28125], "texture": "#0"},
				"up": {"uv": [2, 0, 3.03125, 1.15625], "texture": "#0"},
				"down": {"uv": [2, 0, 3.03125, 1.15625], "texture": "#0"}
			}
		},
		{
			"from": [10.92387, 15.44157, 5.5625],
			"to": [12.08012, 18.34782, 6.84375],
			"rotation": {"angle": 22.5, "axis": "x", "origin": [9, 16, 5.5]},
			"faces": {
				"north": {"uv": [2, 0, 3.15625, 2.90625], "texture": "#0"},
				"east": {"uv": [2, 0, 3.28125, 2.90625], "texture": "#0"},
				"south": {"uv": [2, 0, 3.15625, 2.90625], "texture": "#0"},
				"west": {"uv": [2, 0, 3.28125, 2.90625], "texture": "#0"},
				"up": {"uv": [2, 0, 3.15625, 1.28125], "texture": "#0"},
				"down": {"uv": [2, 0, 3.15625, 1.28125], "texture": "#0"}
			}
		},
		{
			"from": [9.61957, 12.90071, 4.90625],
			"to": [10.52582, 16.90071, 5.90625],
			"rotation": {"angle": -22.5, "axis": "x", "origin": [9, 13, 5]},
			"faces": {
				"north": {"uv": [2, 0, 2.90625, 4], "texture": "#0"},
				"east": {"uv": [2, 0, 3, 4], "texture": "#0"},
				"south": {"uv": [2, 0, 2.90625, 4], "texture": "#0"},
				"west": {"uv": [2, 0, 3, 4], "texture": "#0"},
				"up": {"uv": [2, 0, 2.90625, 1], "texture": "#0"},
				"down": {"uv": [2, 0, 2.90625, 1], "texture": "#0"}
			}
		},
		{
			"from": [9.80707, 16.18196, 5.0625],
			"to": [10.43207, 19.68196, 5.78125],
			"rotation": {"angle": -22.5, "axis": "x", "origin": [9, 13, 5]},
			"faces": {
				"north": {"uv": [2, 0, 2.625, 3.5], "texture": "#0"},
				"east": {"uv": [2, 0, 2.71875, 3.5], "texture": "#0"},
				"south": {"uv": [2, 0, 2.625, 3.5], "texture": "#0"},
				"west": {"uv": [2, 0, 2.71875, 3.5], "texture": "#0"},
				"up": {"uv": [2, 0, 2.625, 0.71875], "texture": "#0"},
				"down": {"uv": [2, 0, 2.625, 0.71875], "texture": "#0"}
			}
		},
		{
			"from": [9.93207, 19.30696, 5.15625],
			"to": [10.30707, 21.77571, 5.65625],
			"rotation": {"angle": -22.5, "axis": "x", "origin": [9, 13, 5]},
			"faces": {
				"north": {"uv": [2, 0, 2.375, 2.46875], "texture": "#1"},
				"east": {"uv": [2, 0, 2.5, 2.46875], "texture": "#1"},
				"south": {"uv": [2, 0, 2.375, 2.46875], "texture": "#1"},
				"west": {"uv": [2, 0, 2.5, 2.46875], "texture": "#1"},
				"up": {"uv": [2, 0, 2.375, 0.5], "texture": "#1"},
				"down": {"uv": [2, 0, 2.375, 0.5], "texture": "#1"}
			}
		},
		{
			"from": [4.5, 6, -3],
			"to": [6.5, 8, 4],
			"rotation": {"angle": 0, "axis": "y", "origin": [6.5, 2, 0]},
			"faces": {
				"north": {"uv": [2, 0, 0, 2], "texture": "#0"},
				"east": {"uv": [7, 0, 0, 2], "texture": "#0"},
				"south": {"uv": [2, 0, 0, 2], "texture": "#0"},
				"west": {"uv": [7, 0, 0, 2], "texture": "#0"},
				"up": {"uv": [2, 0, 0, 7], "texture": "#0"},
				"down": {"uv": [2, 0, 0, 7], "texture": "#0"}
			}
		},
		{
			"from": [6.03125, 7, -6.5],
			"to": [7.53125, 8.5, -2.5],
			"rotation": {"angle": -22.5, "axis": "y", "origin": [6, 9.5, -5]},
			"faces": {
				"north": {"uv": [1.5, 0, 3, 1.5], "texture": "#0"},
				"east": {"uv": [4, 0, 8, 1.5], "texture": "#0"},
				"south": {"uv": [1.5, 0, 3, 1.5], "texture": "#0"},
				"west": {"uv": [4, 0, 8, 1.5], "texture": "#0"},
				"up": {"uv": [1.5, 0, 3, 4], "texture": "#0"},
				"down": {"uv": [1.5, 0, 3, 4], "texture": "#0"}
			}
		},
		{
			"from": [5, 8, -7.28125],
			"to": [6, 9, -4.78125],
			"rotation": {"angle": -22.5, "axis": "y", "origin": [8.5, 2, 0]},
			"faces": {
				"north": {"uv": [1, 0, 2, 1], "texture": "#0"},
				"east": {"uv": [2.5, 0, 5, 1], "texture": "#0"},
				"south": {"uv": [1, 0, 2, 1], "texture": "#0"},
				"west": {"uv": [2.5, 0, 5, 1], "texture": "#0"},
				"up": {"uv": [1, 0, 2, 2.5], "texture": "#0"},
				"down": {"uv": [1, 0, 2, 2.5], "texture": "#0"}
			}
		},
		{
			"from": [8.0625, 8.25, -10],
			"to": [8.9375, 9.25, -7.5],
			"rotation": {"angle": 45, "axis": "x", "origin": [9.5, 8, -7.5]},
			"faces": {
				"north": {"uv": [0.875, 0, 1.75, 1], "texture": "#0"},
				"east": {"uv": [2.5, 0, 5, 1], "texture": "#0"},
				"south": {"uv": [0.875, 0, 1.75, 1], "texture": "#0"},
				"west": {"uv": [2.5, 0, 5, 1], "texture": "#0"},
				"up": {"uv": [0.875, 0, 1.75, 2.5], "texture": "#0"},
				"down": {"uv": [0.875, 0, 1.75, 2.5], "texture": "#0"}
			}
		},
		{
			"from": [8.4375, 9.84375, -7.75],
			"to": [9.125, 12.34375, -6.9375],
			"rotation": {"angle": -22.5, "axis": "x", "origin": [9.5, 8, -7.5]},
			"faces": {
				"north": {"uv": [0.6875, 0, 1.375, 2.5], "rotation": 180, "texture": "#1"},
				"east": {"uv": [0, 0.8125, 2.5, 1.625], "rotation": 90, "texture": "#1"},
				"south": {"uv": [0.6875, 0, 1.375, 2.5], "texture": "#1"},
				"west": {"uv": [0, 0.8125, 2.5, 1.625], "rotation": 270, "texture": "#1"},
				"up": {"uv": [0.6875, 0, 1.375, 0.8125], "rotation": 180, "texture": "#1"},
				"down": {"uv": [0.6875, 0, 1.375, 0.8125], "texture": "#1"}
			}
		},
		{
			"from": [11.1275, 20.46599, 6.5625],
			"to": [12.315, 23.71599, 7.875],
			"rotation": {"angle": -45, "axis": "z", "origin": [10.625, 19, 6]},
			"faces": {
				"north": {"uv": [2.375, 0, 3.5625, 3.25], "texture": "#0"},
				"east": {"uv": [2.625, 0, 3.9375, 3.25], "texture": "#0"},
				"south": {"uv": [2.375, 0, 3.5625, 3.25], "texture": "#0"},
				"west": {"uv": [2.625, 0, 3.9375, 3.25], "texture": "#0"},
				"up": {"uv": [1.3125, 1.1875, 2.625, 2.375], "rotation": 90, "texture": "#0"},
				"down": {"uv": [1.3125, 1.1875, 2.625, 2.375], "rotation": 270, "texture": "#0"}
			}
		},
		{
			"from": [12.6275, 20.46599, 6.5625],
			"to": [13.47125, 23.21599, 7.375],
			"rotation": {"angle": 22.5, "axis": "x", "origin": [10.625, 19, 6]},
			"faces": {
				"north": {"uv": [1.6875, 0, 2.53125, 2.75], "texture": "#0"},
				"east": {"uv": [1.625, 0, 2.4375, 2.75], "texture": "#0"},
				"south": {"uv": [1.6875, 0, 2.53125, 2.75], "texture": "#0"},
				"west": {"uv": [1.625, 0, 2.4375, 2.75], "texture": "#0"},
				"up": {"uv": [0.8125, 0.84375, 1.625, 1.6875], "rotation": 90, "texture": "#0"},
				"down": {"uv": [0.8125, 0.84375, 1.625, 1.6875], "rotation": 270, "texture": "#0"}
			}
		},
		{
			"from": [12.72125, 22.77849, 6.65625],
			"to": [13.3775, 25.52849, 7.28125],
			"rotation": {"angle": 22.5, "axis": "x", "origin": [10.625, 19, 6]},
			"faces": {
				"north": {"uv": [1.3125, 0, 1.96875, 2.75], "texture": "#0"},
				"east": {"uv": [1.25, 0, 1.875, 2.75], "texture": "#0"},
				"south": {"uv": [1.3125, 0, 1.96875, 2.75], "texture": "#0"},
				"west": {"uv": [1.25, 0, 1.875, 2.75], "texture": "#0"},
				"up": {"uv": [0.625, 0.65625, 1.25, 1.3125], "rotation": 90, "texture": "#0"},
				"down": {"uv": [0.625, 0.65625, 1.25, 1.3125], "rotation": 270, "texture": "#0"}
			}
		},
		{
			"from": [12.28375, 18.24724, 6],
			"to": [12.94, 20.99724, 6.6875],
			"rotation": {"angle": -22.5, "axis": "x", "origin": [12.5, 19.5, 6]},
			"faces": {
				"north": {"uv": [1.3125, 0, 1.96875, 2.75], "texture": "#0"},
				"east": {"uv": [1.375, 0, 2.0625, 2.75], "texture": "#0"},
				"south": {"uv": [1.3125, 0, 1.96875, 2.75], "texture": "#0"},
				"west": {"uv": [1.375, 0, 2.0625, 2.75], "texture": "#0"},
				"up": {"uv": [0.6875, 0.65625, 1.375, 1.3125], "rotation": 90, "texture": "#0"},
				"down": {"uv": [0.6875, 0.65625, 1.375, 1.3125], "rotation": 270, "texture": "#0"}
			}
		},
		{
			"from": [12.34625, 20.30974, 6.0625],
			"to": [12.8775, 23.05974, 6.625],
			"rotation": {"angle": -22.5, "axis": "x", "origin": [12.5, 19.5, 6]},
			"faces": {
				"north": {"uv": [1.0625, 0, 1.59375, 2.75], "texture": "#0"},
				"east": {"uv": [1.125, 0, 1.6875, 2.75], "texture": "#0"},
				"south": {"uv": [1.0625, 0, 1.59375, 2.75], "texture": "#0"},
				"west": {"uv": [1.125, 0, 1.6875, 2.75], "texture": "#0"},
				"up": {"uv": [0.5625, 0.53125, 1.125, 1.0625], "rotation": 90, "texture": "#0"},
				"down": {"uv": [0.5625, 0.53125, 1.125, 1.0625], "rotation": 270, "texture": "#0"}
			}
		},
		{
			"from": [11.22125, 22.96599, 6.8125],
			"to": [12.1275, 26.21599, 7.65625],
			"rotation": {"angle": -45, "axis": "z", "origin": [10.625, 19, 6]},
			"faces": {
				"north": {"uv": [1.8125, 0, 2.71875, 3.25], "texture": "#0"},
				"east": {"uv": [1.6875, 0, 2.53125, 3.25], "texture": "#0"},
				"south": {"uv": [1.8125, 0, 2.71875, 3.25], "texture": "#0"},
				"west": {"uv": [1.6875, 0, 2.53125, 3.25], "texture": "#0"},
				"up": {"uv": [0.84375, 0.90625, 1.6875, 1.8125], "rotation": 90, "texture": "#0"},
				"down": {"uv": [0.84375, 0.90625, 1.6875, 1.8125], "rotation": 270, "texture": "#0"}
			}
		},
		{
			"from": [15.22125, 24.80974, 6.375],
			"to": [15.8775, 28.12224, 7],
			"rotation": {"angle": 22.5, "axis": "x", "origin": [13.125, 21.03125, 6.15625]},
			"faces": {
				"north": {"uv": [1.3125, 0, 1.96875, 3.3125], "texture": "#0"},
				"east": {"uv": [1.25, 0, 1.875, 3.3125], "texture": "#0"},
				"south": {"uv": [1.3125, 0, 1.96875, 3.3125], "texture": "#0"},
				"west": {"uv": [1.25, 0, 1.875, 3.3125], "texture": "#0"},
				"up": {"uv": [0.625, 0.65625, 1.25, 1.3125], "rotation": 90, "texture": "#0"},
				"down": {"uv": [0.625, 0.65625, 1.25, 1.3125], "rotation": 270, "texture": "#0"}
			}
		},
		{
			"from": [15.1275, 22.49724, 6.28125],
			"to": [15.97125, 25.84099, 7.09375],
			"rotation": {"angle": 22.5, "axis": "x", "origin": [13.125, 21.03125, 6.15625]},
			"faces": {
				"north": {"uv": [1.6875, 0, 2.53125, 3.34375], "texture": "#0"},
				"east": {"uv": [1.625, 0, 2.4375, 3.34375], "texture": "#0"},
				"south": {"uv": [1.6875, 0, 2.53125, 3.34375], "texture": "#0"},
				"west": {"uv": [1.625, 0, 2.4375, 3.34375], "texture": "#0"},
				"up": {"uv": [0.8125, 0.84375, 1.625, 1.6875], "rotation": 90, "texture": "#0"},
				"down": {"uv": [0.8125, 0.84375, 1.625, 1.6875], "rotation": 270, "texture": "#0"}
			}
		},
		{
			"from": [14.315, 22.71599, 6.21875],
			"to": [14.84625, 25.15349, 6.78125],
			"rotation": {"angle": -22.5, "axis": "x", "origin": [13.125, 21.03125, 6.15625]},
			"faces": {
				"north": {"uv": [1.0625, 0, 1.59375, 2.4375], "texture": "#1"},
				"east": {"uv": [1.125, 0, 1.6875, 2.4375], "texture": "#1"},
				"south": {"uv": [1.0625, 0, 1.59375, 2.4375], "texture": "#1"},
				"west": {"uv": [1.125, 0, 1.6875, 2.4375], "texture": "#1"},
				"up": {"uv": [0.5625, 0.53125, 1.125, 1.0625], "rotation": 90, "texture": "#1"},
				"down": {"uv": [0.5625, 0.53125, 1.125, 1.0625], "rotation": 270, "texture": "#1"}
			}
		},
		{
			"from": [14.2525, 20.65349, 6.15625],
			"to": [14.90875, 22.93474, 6.84375],
			"rotation": {"angle": -22.5, "axis": "x", "origin": [13.125, 21.03125, 6.15625]},
			"faces": {
				"north": {"uv": [1.3125, 0, 1.96875, 2.28125], "texture": "#0"},
				"east": {"uv": [1.375, 0, 2.0625, 2.28125], "texture": "#0"},
				"south": {"uv": [1.3125, 0, 1.96875, 2.28125], "texture": "#0"},
				"west": {"uv": [1.375, 0, 2.0625, 2.28125], "texture": "#0"},
				"up": {"uv": [0.6875, 0.65625, 1.375, 1.3125], "rotation": 90, "texture": "#0"},
				"down": {"uv": [0.6875, 0.65625, 1.375, 1.3125], "rotation": 270, "texture": "#0"}
			}
		},
		{
			"from": [15.3775, 27.80974, 6.5],
			"to": [15.7525, 30.12224, 6.84375],
			"rotation": {"angle": 22.5, "axis": "x", "origin": [13.125, 21.03125, 6.15625]},
			"faces": {
				"north": {"uv": [0.75, 0, 1.125, 2.3125], "texture": "#1"},
				"east": {"uv": [0.6875, 0, 1.03125, 2.3125], "texture": "#1"},
				"south": {"uv": [0.75, 0, 1.125, 2.3125], "texture": "#1"},
				"west": {"uv": [0.6875, 0, 1.03125, 2.3125], "texture": "#1"},
				"up": {"uv": [0.34375, 0.375, 0.6875, 0.75], "rotation": 90, "texture": "#1"},
				"down": {"uv": [0.34375, 0.375, 0.6875, 0.75], "rotation": 270, "texture": "#1"}
			}
		},
		{
			"from": [-2.5, 0, -4.5],
			"to": [9, 2, 7],
			"rotation": {"angle": 0, "axis": "y", "origin": [0, 3, 0]},
			"faces": {
				"north": {"uv": [0, 0, 16, 2], "texture": "#3"},
				"east": {"uv": [0, 6, 16, 8], "texture": "#3"},
				"south": {"uv": [0, 4, 16, 6], "texture": "#3"},
				"west": {"uv": [0, 2, 16, 4], "texture": "#3"},
				"up": {"uv": [0, 0, 16, 16], "texture": "#2"},
				"down": {"uv": [0, 0, 13.5, 13.5], "texture": "#2"}
			}
		}
	],
	"display": {
		"head": {
			"translation": [9.5, -27.25, 13.75],
			"scale": [2, 2, 2]
		}
	},
	"groups": [
		{
			"name": "group",
			"origin": [-0.15625, 19.53125, 13],
			"color": 0,
			"children": [0, 1, 2, 3, 4, 5, 6, 7, 8, 9, 10, 11, 12, 13, 14, 15, 16, 17, 18, 19, 20, 21, 22, 23, 24, 25, 26]
		},
		{
			"name": "group",
			"origin": [-0.15625, 19.53125, 13],
			"color": 0,
			"children": [27, 28, 29, 30, 31, 32, 33, 34, 35, 36, 37, 38, 39, 40, 41, 42, 43, 44, 45, 46, 47, 48, 49, 50, 51, 52, 53, 54, 55, 56, 57, 58, 59]
		},
		60
	]
}