{
	"credit": "Made with Blockbench",
	"textures": {
		"0": "block/barrel_side",
		"1": "block/cave_vines",
		"4": "item/nature/chain",
		"5": "block/brown_wool",
		"particle": "block/barrel_side"
	},
	"elements": [
		{
			"from": [-3, 0.25, -3],
			"to": [3, 3.75, 3],
			"faces": {
				"north": {"uv": [0, 0, 16, 11], "texture": "#0"},
				"east": {"uv": [0, 0, 16, 11], "texture": "#0"},
				"south": {"uv": [0, 0, 16, 11], "texture": "#0"},
				"west": {"uv": [0, 0, 16, 11], "texture": "#0"},
				"up": {"uv": [6, 5, 11.5, 11], "texture": "#0"},
				"down": {"uv": [6, 5, 11.5, 11], "texture": "#0"}
			}
		},
		{
			"from": [-2.75, 3.25, -2.75],
			"to": [2.75, 3.84375, 2.75],
			"faces": {
				"north": {"uv": [0, 0, 16, 11], "texture": "#5"},
				"east": {"uv": [0, 0, 6, 9.5], "texture": "#5"},
				"south": {"uv": [0, 0, 16, 11], "texture": "#5"},
				"west": {"uv": [0, 0, 16, 11], "texture": "#5"},
				"up": {"uv": [0, 0, 16, 16], "texture": "#5"},
				"down": {"uv": [0, 5, 16, 16], "texture": "#5"}
			}
		},
		{
			"from": [4.24139, -0.08939, -3],
			"to": [4.3117, 5.41061, 3],
			"rotation": {"angle": 22.5, "axis": "z", "origin": [0, 0, 0]},
			"faces": {
				"north": {"uv": [0.25, 0, 0, 6], "texture": "#1"},
				"east": {"uv": [16, 0, 0, 16], "texture": "#1"},
				"south": {"uv": [0.25, 0, 0, 6], "texture": "#1"},
				"west": {"uv": [16, 0, 0, 15.5], "texture": "#1"},
				"up": {"uv": [0.25, 0, 0, 6], "texture": "#1"},
				"down": {"uv": [0.25, 0, 0, 6], "texture": "#1"}
			}
		},
		{
			"from": [-3, -0.08939, 4.24139],
			"to": [3, 5.41061, 4.3117],
			"rotation": {"angle": -22.5, "axis": "x", "origin": [0, 0, 0]},
			"faces": {
				"north": {"uv": [16, 0, 0, 15.5], "texture": "#1"},
				"east": {"uv": [0.25, 0, 0, 6], "texture": "#1"},
				"south": {"uv": [16, 0, 0, 16], "texture": "#1"},
				"west": {"uv": [0.25, 0, 0, 6], "texture": "#1"},
				"up": {"uv": [0.25, 0, 0, 6], "rotation": 90, "texture": "#1"},
				"down": {"uv": [0.25, 0, 0, 6], "rotation": 270, "texture": "#1"}
			}
		},
		{
			"from": [-4.3117, -0.08939, -3],
			"to": [-4.24139, 5.41061, 3],
			"rotation": {"angle": -22.5, "axis": "z", "origin": [0, 0, 0]},
			"faces": {
				"north": {"uv": [0.25, 0, 0, 6], "texture": "#1"},
				"east": {"uv": [16, 0, 0, 15.5], "texture": "#1"},
				"south": {"uv": [0.25, 0, 0, 6], "texture": "#1"},
				"west": {"uv": [16, 0, 0, 16], "texture": "#1"},
				"up": {"uv": [0.25, 0, 0, 6], "rotation": 180, "texture": "#1"},
				"down": {"uv": [0.25, 0, 0, 6], "rotation": 180, "texture": "#1"}
			}
		},
		{
			"from": [-3, -0.08939, -4.3117],
			"to": [3, 5.41061, -4.24139],
			"rotation": {"angle": 22.5, "axis": "x", "origin": [0, 0, 0]},
			"faces": {
				"north": {"uv": [16, 0, 0, 16], "texture": "#1"},
				"east": {"uv": [0.25, 0, 0, 6], "texture": "#1"},
				"south": {"uv": [16, 0, 0, 15.5], "texture": "#1"},
				"west": {"uv": [0.25, 0, 0, 6], "texture": "#1"},
				"up": {"uv": [0.25, 0, 0, 6], "rotation": 270, "texture": "#1"},
				"down": {"uv": [0.25, 0, 0, 6], "rotation": 90, "texture": "#1"}
			}
		},
		{
			"from": [3.57644, -4.75, -2.97487],
			"to": [3.64675, 3.75, 3.02513],
			"rotation": {"angle": 45, "axis": "y", "origin": [0, 0, 0]},
			"faces": {
				"north": {"uv": [0.25, 0, 0, 6], "texture": "#1"},
				"east": {"uv": [16, 0, 0, 16], "texture": "#1"},
				"south": {"uv": [0.25, 0, 0, 6], "texture": "#1"},
				"west": {"uv": [16, 0, 0, 15.5], "texture": "#1"},
				"up": {"uv": [0.25, 0, 0, 6], "texture": "#1"},
				"down": {"uv": [0.25, 0, 0, 6], "texture": "#1"}
			}
		},
		{
			"from": [-2.97487, -4.75, -3.64675],
			"to": [3.02513, 3.75, -3.57644],
			"rotation": {"angle": 45, "axis": "y", "origin": [0, 0, 0]},
			"faces": {
				"north": {"uv": [16, 0, 0, 16], "texture": "#1"},
				"east": {"uv": [0.25, 0, 0, 6], "texture": "#1"},
				"south": {"uv": [16, 0, 0, 15.5], "texture": "#1"},
				"west": {"uv": [0.25, 0, 0, 6], "texture": "#1"},
				"up": {"uv": [0.25, 0, 0, 6], "rotation": 270, "texture": "#1"},
				"down": {"uv": [0.25, 0, 0, 6], "rotation": 90, "texture": "#1"}
			}
		},
		{
			"from": [-3.02513, -4.75, 3.57644],
			"to": [2.97487, 3.75, 3.64675],
			"rotation": {"angle": -45, "axis": "y", "origin": [0, 0, 0]},
			"faces": {
				"north": {"uv": [16, 0, 0, 15.5], "texture": "#1"},
				"east": {"uv": [0.25, 0, 0, 6], "texture": "#1"},
				"south": {"uv": [16, 0, 0, 16], "texture": "#1"},
				"west": {"uv": [0.25, 0, 0, 6], "texture": "#1"},
				"up": {"uv": [0.25, 0, 0, 6], "rotation": 90, "texture": "#1"},
				"down": {"uv": [0.25, 0, 0, 6], "rotation": 270, "texture": "#1"}
			}
		},
		{
			"from": [-3.02513, -4.75, 3.57644],
			"to": [2.97487, 3.75, 3.64675],
			"rotation": {"angle": 45, "axis": "y", "origin": [0, 0, 0]},
			"faces": {
				"north": {"uv": [16, 0, 0, 15.5], "texture": "#1"},
				"east": {"uv": [0.25, 0, 0, 6], "texture": "#1"},
				"south": {"uv": [16, 0, 0, 16], "texture": "#1"},
				"west": {"uv": [0.25, 0, 0, 6], "texture": "#1"},
				"up": {"uv": [0.25, 0, 0, 6], "rotation": 90, "texture": "#1"},
				"down": {"uv": [0.25, 0, 0, 6], "rotation": 270, "texture": "#1"}
			}
		},
		{
			"from": [0.07644, 3.75, -2.97487],
			"to": [0.14675, 9.75, 3.02513],
			"faces": {
				"north": {"uv": [7, 9, 5.5, 18], "texture": "#4"},
				"east": {"uv": [0, 0, 16, 16], "texture": "#4"},
				"south": {"uv": [8, 9, 6.5, 18], "texture": "#4"},
				"west": {"uv": [0, 0, 16, 16], "texture": "#4"},
				"up": {"uv": [7.5, 15, 9, 9], "texture": "#4"},
				"down": {"uv": [8.5, 9, 10, 15], "texture": "#4"}
			}
		},
		{
			"from": [-2.97487, 3.75, -0.14675],
			"to": [3.02513, 9.75, -0.07644],
			"faces": {
				"north": {"uv": [0, 0, 16, 16], "texture": "#4"},
				"east": {"uv": [6.5, 9, 7.5, 18], "texture": "#4"},
				"south": {"uv": [0, 0, 16, 16], "texture": "#4"},
				"west": {"uv": [5.5, 9, 6.5, 18], "texture": "#4"},
				"up": {"uv": [8.5, 15, 7.5, 9], "rotation": 270, "texture": "#4"},
				"down": {"uv": [9.5, 9, 8.5, 15], "rotation": 90, "texture": "#4"}
			}
		},
		{
			"from": [-2.75, 5.50781, -3],
			"to": [0.75, 5.57813, 3],
			"rotation": {"angle": -22.5, "axis": "z", "origin": [3.5, 0, 0]},
			"faces": {
				"north": {"uv": [0.25, 0, 0, 6], "rotation": 90, "texture": "#1"},
				"east": {"uv": [0.25, 0, 0, 6], "rotation": 270, "texture": "#1"},
				"south": {"uv": [0.25, 0, 0, 6], "rotation": 270, "texture": "#1"},
				"west": {"uv": [0.25, 0, 0, 6], "rotation": 270, "texture": "#1"},
				"up": {"uv": [16, 0, 0, 16], "rotation": 270, "texture": "#1"},
				"down": {"uv": [16, 0, 0, 15.5], "rotation": 270, "texture": "#1"}
			}
		},
		{
			"from": [-3, 7.38005, -3.16236],
			"to": [3, 7.45036, 0.33764],
			"rotation": {"angle": -22.5, "axis": "x", "origin": [0, 7, 0]},
			"faces": {
				"north": {"uv": [0.25, 0, 0, 6], "rotation": 270, "texture": "#1"},
				"east": {"uv": [0.25, 0, 0, 6], "rotation": 270, "texture": "#1"},
				"south": {"uv": [0.25, 0, 0, 6], "rotation": 270, "texture": "#1"},
				"west": {"uv": [0.25, 0, 0, 6], "rotation": 90, "texture": "#1"},
				"up": {"uv": [16, 0, 0, 16], "rotation": 180, "texture": "#1"},
				"down": {"uv": [16, 0, 0, 15.5], "texture": "#1"}
			}
		},
		{
			"from": [0.75, 11.50781, -3],
			"to": [4.25, 11.57813, 3],
			"rotation": {"angle": 22.5, "axis": "z", "origin": [12.5, 0, 0]},
			"faces": {
				"north": {"uv": [0.25, 6, 0, 0], "rotation": 90, "texture": "#1"},
				"east": {"uv": [0.25, 6, 0, 0], "rotation": 270, "texture": "#1"},
				"south": {"uv": [0.25, 6, 0, 0], "rotation": 270, "texture": "#1"},
				"west": {"uv": [0.25, 6, 0, 0], "rotation": 270, "texture": "#1"},
				"up": {"uv": [16, 16, 0, 0], "rotation": 270, "texture": "#1"},
				"down": {"uv": [16, 15.5, 0, 0], "rotation": 270, "texture": "#1"}
			}
		},
		{
			"from": [-3, 7.29517, -0.42837],
			"to": [3, 7.36549, 3.07163],
			"rotation": {"angle": 22.5, "axis": "x", "origin": [0, 7.5, 0]},
			"faces": {
				"north": {"uv": [0.25, 6, 0, 0], "rotation": 270, "texture": "#1"},
				"east": {"uv": [0.25, 6, 0, 0], "rotation": 270, "texture": "#1"},
				"south": {"uv": [0.25, 6, 0, 0], "rotation": 270, "texture": "#1"},
				"west": {"uv": [0.25, 6, 0, 0], "rotation": 90, "texture": "#1"},
				"up": {"uv": [16, 16, 0, 0], "rotation": 180, "texture": "#1"},
				"down": {"uv": [16, 15.5, 0, 0], "texture": "#1"}
			}
		}
	],
	"display": {
		"head": {
			"translation": [31.5, -1.5, 32],
			"scale": [4, 4, 4]
		}
	},
	"groups": [
		0,
		1,
		2,
		3,
		4,
		5,
		6,
		7,
		8,
		9,
		10,
		11,
		{
			"name": "group",
			"origin": [12.5, 0, 0],
			"color": 0,
			"children": [12, 13, 14, 15]
		},
		{
			"name": "group",
			"origin": [12.5, 0, 0],
			"color": 0,
			"children": []
		},
		{
			"name": "group",
			"origin": [12.5, 0, 0],
			"color": 0,
			"children": []
		}
	]
}