{
	"credit": "Made with Blockbench",
	"texture_size": [32, 32],
	"textures": {
		"0": "block/barrel_side",
		"3": "item/nature/flowers",
		"4": "item/nature/chain",
		"5": "block/brown_wool",
		"particle": "block/barrel_side"
	},
	"elements": [
		{
			"from": [-3, 0.25, -3],
			"to": [3, 3.75, 3],
			"faces": {
				"north": {"uv": [0, 0, 16, 11], "texture": "#0"},
				"east": {"uv": [0, 0, 16, 11], "texture": "#0"},
				"south": {"uv": [0, 0, 16, 11], "texture": "#0"},
				"west": {"uv": [0, 0, 16, 11], "texture": "#0"},
				"up": {"uv": [6, 5, 11.5, 11], "texture": "#0"},
				"down": {"uv": [6, 5, 11.5, 11], "texture": "#0"}
			}
		},
		{
			"from": [-2.75, 3.25, -2.75],
			"to": [2.75, 3.84375, 2.75],
			"faces": {
				"north": {"uv": [0, 0, 16, 11], "texture": "#5"},
				"east": {"uv": [0, 0, 6, 9.5], "texture": "#5"},
				"south": {"uv": [0, 0, 16, 11], "texture": "#5"},
				"west": {"uv": [0, 0, 16, 11], "texture": "#5"},
				"up": {"uv": [0, 0, 16, 16], "texture": "#5"},
				"down": {"uv": [0, 5, 16, 16], "texture": "#5"}
			}
		},
		{
			"from": [0.07644, 3.75, -2.97487],
			"to": [0.14675, 9.75, 3.02513],
			"faces": {
				"north": {"uv": [7, 9, 5.5, 18], "texture": "#4"},
				"east": {"uv": [0, 0, 16, 16], "texture": "#4"},
				"south": {"uv": [8, 9, 6.5, 18], "texture": "#4"},
				"west": {"uv": [0, 0, 16, 16], "texture": "#4"},
				"up": {"uv": [7.5, 15, 9, 9], "texture": "#4"},
				"down": {"uv": [8.5, 9, 10, 15], "texture": "#4"}
			}
		},
		{
			"from": [-2.97487, 3.75, -0.14675],
			"to": [3.02513, 9.75, -0.07644],
			"faces": {
				"north": {"uv": [0, 0, 16, 16], "texture": "#4"},
				"east": {"uv": [6.5, 9, 7.5, 18], "texture": "#4"},
				"south": {"uv": [0, 0, 16, 16], "texture": "#4"},
				"west": {"uv": [5.5, 9, 6.5, 18], "texture": "#4"},
				"up": {"uv": [8.5, 15, 7.5, 9], "rotation": 270, "texture": "#4"},
				"down": {"uv": [9.5, 9, 8.5, 15], "rotation": 90, "texture": "#4"}
			}
		},
		{
			"from": [-5.97487, -2.25, -0.14675],
			"to": [6.02513, 9.75, -0.07644],
			"rotation": {"angle": -22.5, "axis": "y", "origin": [0, 0, 0]},
			"faces": {
				"north": {"uv": [0, 0, 16, 16], "texture": "#3"},
				"east": {"uv": [15.75, 15.75, 16, 16], "texture": "#3"},
				"south": {"uv": [0, 0, 16, 16], "texture": "#3"},
				"west": {"uv": [15.75, 15.75, 16, 16], "texture": "#3"},
				"up": {"uv": [16, 16, 15.75, 15.75], "texture": "#3"},
				"down": {"uv": [16, 15.75, 15.75, 16], "texture": "#3"}
			}
		},
		{
			"from": [0.07644, -2.25, -5.97487],
			"to": [0.14675, 9.75, 6.02513],
			"rotation": {"angle": -22.5, "axis": "y", "origin": [0, 0, 0]},
			"faces": {
				"north": {"uv": [15.75, 15.75, 16, 16], "texture": "#3"},
				"east": {"uv": [0, 0, 16, 16], "texture": "#3"},
				"south": {"uv": [15.75, 15.75, 16, 16], "texture": "#3"},
				"west": {"uv": [0, 0, 16, 16], "texture": "#3"},
				"up": {"uv": [16, 16, 15.75, 15.75], "rotation": 90, "texture": "#3"},
				"down": {"uv": [16, 15.75, 15.75, 16], "rotation": 270, "texture": "#3"}
			}
		}
	],
	"display": {
		"head": {
			"rotation": [0, -1, -1],
			"translation": [31.5, -1.5, 32],
			"scale": [4, 4, 4]
		}
	},
	"groups": [
		0,
		1,
		2,
		3,
		4,
		5,
		{
			"name": "group",
			"origin": [12.5, 0, 0],
			"color": 0,
			"children": []
		},
		{
			"name": "group",
			"origin": [12.5, 0, 0],
			"color": 0,
			"children": []
		},
		{
			"name": "group",
			"origin": [12.5, 0, 0],
			"color": 0,
			"children": []
		}
	]
}