{
	"credit": "Made with Blockbench",
	"textures": {
		"0": "block/glass_pane_top",
		"1": "block/white_terracotta",
		"2": "block/redstone_block",
		"3": "block/brown_terracotta",
		"4": "block/target_side",
		"particle": "block/glass_pane_top"
	},
	"elements": [
		{
			"from": [-0.25, -0.25, -0.25],
			"to": [2.5, 0.25, 2.5],
			"faces": {
				"north": {"uv": [7, 4.5, 8.75, 9.5], "texture": "#0"},
				"east": {"uv": [7, 4.5, 8.75, 9.5], "texture": "#0"},
				"south": {"uv": [7, 4.5, 8.75, 9.5], "texture": "#0"},
				"west": {"uv": [7, 4.5, 8.75, 9.5], "texture": "#0"},
				"up": {"uv": [7, 4.5, 8.75, 10.75], "texture": "#0"},
				"down": {"uv": [7, 4.5, 8.75, 10.75], "texture": "#0"}
			}
		},
		{
			"from": [-0.25, 3.25, -0.25],
			"to": [2.5, 4.75, 2.5],
			"faces": {
				"north": {"uv": [7, 4.5, 8.75, 9.5], "texture": "#0"},
				"east": {"uv": [7, 4.5, 8.75, 9.5], "texture": "#0"},
				"south": {"uv": [7, 4.5, 8.75, 9.5], "texture": "#0"},
				"west": {"uv": [7, 4.5, 8.75, 9.5], "texture": "#0"},
				"up": {"uv": [7, 4.5, 8.75, 10.75], "texture": "#0"},
				"down": {"uv": [7, 4.5, 8.75, 10.75], "texture": "#0"}
			}
		},
		{
			"from": [0, 4.75, 0],
			"to": [2.25, 5.25, 2.25],
			"faces": {
				"north": {"uv": [0, 0, 2.75, 1.5], "texture": "#1"},
				"east": {"uv": [0, 0, 2.75, 1.5], "texture": "#1"},
				"south": {"uv": [0, 0, 2.75, 1.5], "texture": "#1"},
				"west": {"uv": [0, 0, 2.75, 1.5], "texture": "#1"},
				"up": {"uv": [0, 0, 2.75, 2.75], "texture": "#1"},
				"down": {"uv": [0, 0, 2.75, 2.75], "texture": "#1"}
			}
		},
		{
			"from": [0.25, 5.25, 0.25],
			"to": [2, 5.75, 2],
			"rotation": {"angle": 0, "axis": "y", "origin": [2.5, 0, 0]},
			"faces": {
				"north": {"uv": [0, 0, 2.75, 1.5], "texture": "#1"},
				"east": {"uv": [0, 0, 2.75, 1.5], "texture": "#1"},
				"south": {"uv": [0, 0, 2.75, 1.5], "texture": "#1"},
				"west": {"uv": [0, 0, 2.75, 1.5], "texture": "#1"},
				"up": {"uv": [0, 0, 2.75, 2.75], "texture": "#1"},
				"down": {"uv": [0, 0, 2.75, 2.75], "texture": "#1"}
			}
		},
		{
			"from": [0.75, 5.75, 0.75],
			"to": [1.5, 6, 1.5],
			"faces": {
				"north": {"uv": [0, 0, 2.75, 1.5], "texture": "#1"},
				"east": {"uv": [0, 0, 2.75, 1.5], "texture": "#1"},
				"south": {"uv": [0, 0, 2.75, 1.5], "texture": "#1"},
				"west": {"uv": [0, 0, 2.75, 1.5], "texture": "#1"},
				"up": {"uv": [0, 0, 2.75, 2.75], "texture": "#1"},
				"down": {"uv": [0, 0, 2.75, 2.75], "texture": "#1"}
			}
		},
		{
			"from": [1.64844, 5.25, 1.75],
			"to": [1.85547, 8, 1.95313],
			"rotation": {"angle": 22.5, "axis": "x", "origin": [1.5, 5.5, 2]},
			"faces": {
				"north": {"uv": [5, 0, 6.25, 16], "texture": "#4"},
				"east": {"uv": [5, 0, 6.25, 16], "texture": "#4"},
				"south": {"uv": [5, 0, 6.25, 16], "texture": "#4"},
				"west": {"uv": [5, 0, 6.25, 16], "texture": "#4"},
				"up": {"uv": [13, 3, 13.75, 5], "texture": "#4"},
				"down": {"uv": [5, 0, 6.25, 16], "texture": "#4"}
			}
		},
		{
			"from": [1.33203, 5.67578, 1.17969],
			"to": [1.4375, 5.79688, 1.35938],
			"rotation": {"angle": -22.5, "axis": "y", "origin": [0, 0, 0]},
			"faces": {
				"north": {"uv": [0, 0, 2.75, 1.5], "texture": "#3"},
				"east": {"uv": [0, 0, 2.75, 1.5], "texture": "#3"},
				"south": {"uv": [0, 0, 2.75, 1.5], "texture": "#3"},
				"west": {"uv": [0, 0, 2.75, 1.5], "texture": "#3"},
				"up": {"uv": [0, 0, 2.75, 2.75], "texture": "#3"},
				"down": {"uv": [0, 0, 2.75, 2.75], "texture": "#3"}
			}
		},
		{
			"from": [0.10156, 5.24609, -0.97266],
			"to": [0.20703, 5.36719, -0.79297],
			"rotation": {"angle": 22.5, "axis": "x", "origin": [0, 0, 0]},
			"faces": {
				"north": {"uv": [0, 0, 2.75, 1.5], "texture": "#3"},
				"east": {"uv": [0, 0, 2.75, 1.5], "texture": "#3"},
				"south": {"uv": [0, 0, 2.75, 1.5], "texture": "#3"},
				"west": {"uv": [0, 0, 2.75, 1.5], "texture": "#3"},
				"up": {"uv": [0, 0, 2.75, 2.75], "texture": "#3"},
				"down": {"uv": [0, 0, 2.75, 2.75], "texture": "#3"}
			}
		},
		{
			"from": [-0.61328, 5.94531, 1.06641],
			"to": [-0.50781, 6.06641, 1.24609],
			"rotation": {"angle": -22.5, "axis": "z", "origin": [0, 0, 0]},
			"faces": {
				"north": {"uv": [0, 0, 2.75, 1.5], "texture": "#3"},
				"east": {"uv": [0, 0, 2.75, 1.5], "texture": "#3"},
				"south": {"uv": [0, 0, 2.75, 1.5], "texture": "#3"},
				"west": {"uv": [0, 0, 2.75, 1.5], "texture": "#3"},
				"up": {"uv": [0, 0, 2.75, 2.75], "texture": "#3"},
				"down": {"uv": [0, 0, 2.75, 2.75], "texture": "#3"}
			}
		},
		{
			"from": [2.12109, 5.21484, 0.39453],
			"to": [2.22656, 5.33594, 0.57422],
			"rotation": {"angle": -45, "axis": "y", "origin": [2, 5, 0.5]},
			"faces": {
				"north": {"uv": [0, 0, 2.75, 1.5], "texture": "#3"},
				"east": {"uv": [0, 0, 2.75, 1.5], "texture": "#3"},
				"south": {"uv": [0, 0, 2.75, 1.5], "texture": "#3"},
				"west": {"uv": [0, 0, 2.75, 1.5], "texture": "#3"},
				"up": {"uv": [0, 0, 2.75, 2.75], "texture": "#3"},
				"down": {"uv": [0, 0, 2.75, 2.75], "texture": "#3"}
			}
		},
		{
			"from": [0.92969, 5.21484, -0.07031],
			"to": [1.03516, 5.33594, 0.10938],
			"rotation": {"angle": -22.5, "axis": "y", "origin": [1, 5.30078, 0]},
			"faces": {
				"north": {"uv": [0, 0, 2.75, 1.5], "texture": "#3"},
				"east": {"uv": [0, 0, 2.75, 1.5], "texture": "#3"},
				"south": {"uv": [0, 0, 2.75, 1.5], "texture": "#3"},
				"west": {"uv": [0, 0, 2.75, 1.5], "texture": "#3"},
				"up": {"uv": [0, 0, 2.75, 2.75], "texture": "#3"},
				"down": {"uv": [0, 0, 2.75, 2.75], "texture": "#3"}
			}
		},
		{
			"from": [3.30078, 4.34375, 1.89453],
			"to": [3.40625, 4.46484, 2.07422],
			"rotation": {"angle": 22.5, "axis": "z", "origin": [0, 0, 0]},
			"faces": {
				"north": {"uv": [0, 0, 2.75, 1.5], "texture": "#3"},
				"east": {"uv": [0, 0, 2.75, 1.5], "texture": "#3"},
				"south": {"uv": [0, 0, 2.75, 1.5], "texture": "#3"},
				"west": {"uv": [0, 0, 2.75, 1.5], "texture": "#3"},
				"up": {"uv": [0, 0, 2.75, 2.75], "texture": "#3"},
				"down": {"uv": [0, 0, 2.75, 2.75], "texture": "#3"}
			}
		},
		{
			"from": [2.27734, 4.89453, 0.05469],
			"to": [3.02734, 5.64453, 0.80469],
			"rotation": {"angle": 22.5, "axis": "z", "origin": [0, 0, 0]},
			"faces": {
				"north": {"uv": [0, 0, 2.75, 1.5], "texture": "#2"},
				"east": {"uv": [0, 0, 2.75, 1.5], "texture": "#2"},
				"south": {"uv": [0, 0, 2.75, 1.5], "texture": "#2"},
				"west": {"uv": [0, 0, 2.75, 1.5], "texture": "#2"},
				"up": {"uv": [0, 0, 2.75, 2.75], "texture": "#2"},
				"down": {"uv": [0, 0, 2.75, 2.75], "texture": "#2"}
			}
		},
		{
			"from": [0.5, 0.25, 0.5],
			"to": [1.75, 1.25, 1.75],
			"faces": {
				"north": {"uv": [7, 4.5, 8.75, 9.5], "texture": "#0"},
				"east": {"uv": [7, 4.5, 8.75, 9.5], "texture": "#0"},
				"south": {"uv": [7, 4.5, 8.75, 9.5], "texture": "#0"},
				"west": {"uv": [7, 4.5, 8.75, 9.5], "texture": "#0"},
				"up": {"uv": [7, 4.5, 8.75, 10.75], "texture": "#0"},
				"down": {"uv": [7, 4.5, 8.75, 10.75], "texture": "#0"}
			}
		},
		{
			"from": [0.25, 1.25, 0.25],
			"to": [2, 2.25, 2],
			"faces": {
				"north": {"uv": [7, 2.5, 8.75, 6], "texture": "#0"},
				"east": {"uv": [7, 2.5, 8.75, 6], "texture": "#0"},
				"south": {"uv": [7, 2.5, 8.75, 6], "texture": "#0"},
				"west": {"uv": [7, 2.5, 8.75, 6], "texture": "#0"},
				"up": {"uv": [7, 2.5, 8.75, 7.25], "texture": "#0"},
				"down": {"uv": [7, 2.5, 8.75, 7.25], "texture": "#0"}
			}
		},
		{
			"from": [0, 2.25, 0],
			"to": [2.25, 3.25, 2.25],
			"faces": {
				"north": {"uv": [7, 4.5, 8.75, 9.5], "texture": "#0"},
				"east": {"uv": [7, 4.5, 8.75, 9.5], "texture": "#0"},
				"south": {"uv": [7, 4.5, 8.75, 9.5], "texture": "#0"},
				"west": {"uv": [7, 4.5, 8.75, 9.5], "texture": "#0"},
				"up": {"uv": [7, 4.5, 8.75, 10.75], "texture": "#0"},
				"down": {"uv": [7, 4.5, 8.75, 10.75], "texture": "#0"}
			}
		}
	],
	"display": {
		"thirdperson_righthand": {
			"rotation": [68, 0, 0],
			"translation": [6.75, -3.75, 8]
		},
		"thirdperson_lefthand": {
			"rotation": [68, 0, 0],
			"translation": [-6.75, -3.5, 8]
		},
		"firstperson_righthand": {
			"translation": [50, 6, 2],
			"scale": [4, 4, 4]
		},
		"firstperson_lefthand": {
			"translation": [-4.75, 5.75, 2],
			"scale": [4, 4, 4]
		},
		"gui": {
			"rotation": [19.75, 43, 0],
			"translation": [16.25, 7.25, 0],
			"scale": [1.7, 1.7, 1.7]
		},
		"head": {
			"translation": [13, 9.25, 13],
			"scale": [1.9, 1.9, 1.9]
		}
	}
}