{
	"credit": "Made with Blockbench",
	"textures": {
		"0": "block/white_stained_glass",
		"1": "block/light_blue_concrete_powder",
		"particle": "block/white_stained_glass"
	},
	"elements": [
		{
			"from": [0, 0, 0.25],
			"to": [0.25, 5, 2.25],
			"faces": {
				"north": {"uv": [8.5, 7, 10.75, 9.5], "texture": "#0"},
				"east": {"uv": [4.5, 4.5, 12.75, 12], "texture": "#0"},
				"south": {"uv": [8.5, 7, 10.75, 9.5], "texture": "#0"},
				"west": {"uv": [1, 1, 14.75, 15], "texture": "#0"},
				"up": {"uv": [0, 0, 10.25, 0.75], "texture": "#0"},
				"down": {"uv": [0, 0, 16, 0.75], "texture": "#0"}
			}
		},
		{
			"from": [0.25, 0, 0.25],
			"to": [2, 1, 2],
			"faces": {
				"north": {"uv": [0, 0, 2.25, 2.5], "texture": "#0"},
				"east": {"uv": [1, 1, 15.25, 15], "texture": "#0"},
				"south": {"uv": [0, 0, 2.25, 2.5], "texture": "#0"},
				"west": {"uv": [1, 1, 14.75, 15], "texture": "#0"},
				"up": {"uv": [0, 0, 10.25, 0.75], "texture": "#0"},
				"down": {"uv": [0, 0, 16, 0.75], "texture": "#0"}
			}
		},
		{
			"from": [2, 0, 0],
			"to": [2.25, 5, 2],
			"faces": {
				"north": {"uv": [7, 6.5, 9.25, 9], "texture": "#0"},
				"east": {"uv": [1, 1, 14.75, 15], "texture": "#0"},
				"south": {"uv": [6.5, 7, 8.75, 9.5], "texture": "#0"},
				"west": {"uv": [1, 1, 14.75, 15], "texture": "#0"},
				"up": {"uv": [0, 0, 10.25, 0.75], "texture": "#0"},
				"down": {"uv": [0, 0, 16, 0.75], "texture": "#0"}
			}
		},
		{
			"from": [0, 0, 0],
			"to": [2, 5, 0.25],
			"faces": {
				"north": {"uv": [1, 1, 14.25, 15], "texture": "#0"},
				"east": {"uv": [5.5, 5, 10.25, 10.5], "texture": "#0"},
				"south": {"uv": [8.5, 6.5, 10.75, 9], "texture": "#0"},
				"west": {"uv": [6.25, 7, 10.5, 11], "texture": "#0"},
				"up": {"uv": [0, 0, 10.25, 0.75], "texture": "#0"},
				"down": {"uv": [0, 0, 16, 0.75], "texture": "#0"}
			}
		},
		{
			"from": [0.25, 0, 2],
			"to": [2.25, 5, 2.25],
			"faces": {
				"north": {"uv": [8, 4, 10.25, 6.5], "texture": "#0"},
				"east": {"uv": [5, 6, 10.75, 12.5], "texture": "#0"},
				"south": {"uv": [1, 1, 14.25, 15], "texture": "#0"},
				"west": {"uv": [5, 7, 10.75, 11], "texture": "#0"},
				"up": {"uv": [0, 0, 10.25, 0.75], "texture": "#0"},
				"down": {"uv": [0, 0, 16, 0.75], "texture": "#0"}
			}
		},
		{
			"name": "water",
			"from": [0.26563, 0.5, 0.25781],
			"to": [1.98438, 4, 1.98438],
			"faces": {
				"north": {"uv": [0, 0, 2.25, 2.5], "texture": "#1"},
				"east": {"uv": [0, 0, 2.25, 2.5], "texture": "#1"},
				"south": {"uv": [0, 0, 2.25, 2.5], "texture": "#1"},
				"west": {"uv": [0, 0, 2.25, 2.5], "texture": "#1"},
				"up": {"uv": [0, 0, 2.25, 2.25], "texture": "#1"},
				"down": {"uv": [0, 0, 2.25, 2.25], "texture": "#1"}
			}
		}
	],
	"display": {
		"thirdperson_righthand": {
			"rotation": [68, 0, 0],
			"translation": [6.75, -3.75, 8]
		},
		"thirdperson_lefthand": {
			"rotation": [68, 0, 0],
			"translation": [-6.75, -3.5, 8]
		},
		"firstperson_righthand": {
			"translation": [50, 6, 2],
			"scale": [4, 4, 4]
		},
		"firstperson_lefthand": {
			"translation": [-4.75, 5.75, 2],
			"scale": [4, 4, 4]
		},
		"gui": {
			"rotation": [19.75, 43, 0],
			"translation": [23.5, 12.25, 0],
			"scale": [2.4, 2.4, 2.41]
		},
		"head": {
			"translation": [13, 10.25, 13],
			"scale": [1.9, 1.9, 1.9]
		}
	}
}