{
	"credit": "Made with Blockbench",
	"textures": {
		"0": "item/bone_meal",
		"1": "block/yellow_shulker_box",
		"2": "block/brown_wool",
		"particle": "item/bone_meal"
	},
	"elements": [
		{
			"from": [8.39987, 4.0486, 7.9744],
			"to": [9.57747, 5.2262, 9.152],
			"rotation": {"angle": 0, "axis": "y", "origin": [4.86707, 18.1798, 2.0864]},
			"faces": {
				"north": {"uv": [4.5, 6, 12.25, 11], "texture": "#0"},
				"east": {"uv": [4.5, 6, 12.25, 11], "texture": "#0"},
				"south": {"uv": [4.5, 6, 12.25, 11], "texture": "#0"},
				"west": {"uv": [4.5, 6, 12, 10.75], "rotation": 270, "texture": "#0"},
				"up": {"uv": [4.5, 6, 12.25, 10.75], "texture": "#0"},
				"down": {"uv": [4.5, 6, 12.25, 10.75], "texture": "#0"}
			}
		},
		{
			"from": [7.51667, 5.2262, 7.68],
			"to": [9.87187, 6.4038, 9.4464],
			"rotation": {"angle": 0, "axis": "y", "origin": [4.86707, 18.1798, 2.0864]},
			"faces": {
				"north": {"uv": [4.5, 6, 12.25, 11], "texture": "#0"},
				"east": {"uv": [4.5, 6, 12.25, 11], "texture": "#0"},
				"south": {"uv": [4.5, 6, 12.25, 11], "texture": "#0"},
				"west": {"uv": [4.5, 6, 12, 10.75], "rotation": 270, "texture": "#0"},
				"up": {"uv": [4.5, 6, 12.25, 10.75], "texture": "#0"},
				"down": {"uv": [4.5, 6, 12.25, 10.75], "texture": "#0"}
			}
		},
		{
			"from": [6.63347, 6.4038, 7.3856],
			"to": [10.16627, 7.5814, 9.7408],
			"rotation": {"angle": 0, "axis": "y", "origin": [4.86707, 18.1798, 2.0864]},
			"faces": {
				"north": {"uv": [4.5, 6, 12.25, 11], "texture": "#0"},
				"east": {"uv": [4.5, 6, 12.25, 11], "texture": "#0"},
				"south": {"uv": [4.5, 6, 12.25, 11], "texture": "#0"},
				"west": {"uv": [4.5, 6, 12, 10.75], "rotation": 270, "texture": "#0"},
				"up": {"uv": [4.5, 6, 12.25, 10.75], "texture": "#0"},
				"down": {"uv": [4.5, 6, 12.25, 10.75], "texture": "#0"}
			}
		},
		{
			"from": [8.61183, 7.1982, 7.68],
			"to": [8.90623, 11.5862, 7.9744],
			"rotation": {"angle": 22.5, "axis": "z", "origin": [9.66947, 6.7838, 7.864]},
			"faces": {
				"north": {"uv": [2.5, 2, 13.25, 9.5], "texture": "#1"},
				"east": {"uv": [2.5, 2, 13.25, 9.5], "texture": "#1"},
				"south": {"uv": [2.5, 2, 13.25, 9.5], "texture": "#1"},
				"west": {"uv": [2.5, 2, 13, 9.25], "rotation": 270, "texture": "#1"},
				"up": {"uv": [2.5, 2, 13.25, 9.25], "texture": "#1"},
				"down": {"uv": [2.5, 2, 13.25, 9.25], "texture": "#1"}
			}
		},
		{
			"from": [9.37746, 6.6982, 7.68],
			"to": [9.67186, 10.5862, 7.9744],
			"rotation": {"angle": 22.5, "axis": "z", "origin": [9.66947, 6.7838, 7.864]},
			"faces": {
				"north": {"uv": [2.5, 2, 13.25, 9.5], "texture": "#1"},
				"east": {"uv": [2.5, 2, 13.25, 9.5], "texture": "#1"},
				"south": {"uv": [2.5, 2, 13.25, 9.5], "texture": "#1"},
				"west": {"uv": [2.5, 2, 13, 9.25], "rotation": 270, "texture": "#1"},
				"up": {"uv": [2.5, 2, 13.25, 9.25], "texture": "#1"},
				"down": {"uv": [2.5, 2, 13.25, 9.25], "texture": "#1"}
			}
		},
		{
			"from": [7.44381, 8.2926, 7.65657],
			"to": [7.73821, 11.1382, 7.95097],
			"rotation": {"angle": 22.5, "axis": "z", "origin": [9.66947, 6.7838, 7.864]},
			"faces": {
				"north": {"uv": [2.5, 2, 13.25, 9.5], "texture": "#1"},
				"east": {"uv": [2.5, 2, 13.25, 9.5], "texture": "#1"},
				"south": {"uv": [2.5, 2, 13.25, 9.5], "texture": "#1"},
				"west": {"uv": [2.5, 2, 13, 9.25], "rotation": 270, "texture": "#1"},
				"up": {"uv": [2.5, 2, 13.25, 9.25], "texture": "#1"},
				"down": {"uv": [2.5, 2, 13.25, 9.25], "texture": "#1"}
			}
		},
		{
			"from": [9.24379, 6.6982, 7.44954],
			"to": [9.53819, 10.5862, 7.74394],
			"rotation": {"angle": -22.5, "axis": "z", "origin": [9.66947, 6.7838, 7.864]},
			"faces": {
				"north": {"uv": [2.5, 2, 13.25, 9.5], "texture": "#1"},
				"east": {"uv": [2.5, 2, 13.25, 9.5], "texture": "#1"},
				"south": {"uv": [2.5, 2, 13.25, 9.5], "texture": "#1"},
				"west": {"uv": [2.5, 2, 13, 9.25], "rotation": 270, "texture": "#1"},
				"up": {"uv": [2.5, 2, 13.25, 9.25], "texture": "#1"},
				"down": {"uv": [2.5, 2, 13.25, 9.25], "texture": "#1"}
			}
		},
		{
			"from": [8.14223, 6.33101, 7.46125],
			"to": [8.43663, 10.21901, 7.75565],
			"rotation": {"angle": -22.5, "axis": "z", "origin": [9.66947, 6.7838, 7.864]},
			"faces": {
				"north": {"uv": [2.5, 2, 13.25, 9.5], "texture": "#1"},
				"east": {"uv": [2.5, 2, 13.25, 9.5], "texture": "#1"},
				"south": {"uv": [2.5, 2, 13.25, 9.5], "texture": "#1"},
				"west": {"uv": [2.5, 2, 13, 9.25], "rotation": 270, "texture": "#1"},
				"up": {"uv": [2.5, 2, 13.25, 9.25], "texture": "#1"},
				"down": {"uv": [2.5, 2, 13.25, 9.25], "texture": "#1"}
			}
		},
		{
			"from": [9.01642, 6.6982, 8.6],
			"to": [9.31082, 10.5862, 8.8944],
			"rotation": {"angle": -22.5, "axis": "z", "origin": [9.66947, 6.7838, 7.864]},
			"faces": {
				"north": {"uv": [2.5, 2, 13.25, 9.5], "texture": "#1"},
				"east": {"uv": [2.5, 2, 13.25, 9.5], "texture": "#1"},
				"south": {"uv": [2.5, 2, 13.25, 9.5], "texture": "#1"},
				"west": {"uv": [2.5, 2, 13, 9.25], "rotation": 270, "texture": "#1"},
				"up": {"uv": [2.5, 2, 13.25, 9.25], "texture": "#1"},
				"down": {"uv": [2.5, 2, 13.25, 9.25], "texture": "#1"}
			}
		},
		{
			"from": [9.31411, 6.6982, 7.79329],
			"to": [9.60851, 10.5862, 8.08769],
			"rotation": {"angle": 22.5, "axis": "y", "origin": [9.66947, 6.7838, 7.864]},
			"faces": {
				"north": {"uv": [2.5, 2, 13.25, 9.5], "texture": "#1"},
				"east": {"uv": [2.5, 2, 13.25, 9.5], "texture": "#1"},
				"south": {"uv": [2.5, 2, 13.25, 9.5], "texture": "#1"},
				"west": {"uv": [2.5, 2, 13, 9.25], "rotation": 270, "texture": "#1"},
				"up": {"uv": [2.5, 2, 13.25, 9.25], "texture": "#1"},
				"down": {"uv": [2.5, 2, 13.25, 9.25], "texture": "#1"}
			}
		},
		{
			"from": [8.52948, 6.6982, 7.30769],
			"to": [8.82388, 10.5862, 7.60209],
			"rotation": {"angle": 22.5, "axis": "y", "origin": [9.66947, 6.7838, 7.864]},
			"faces": {
				"north": {"uv": [2.5, 2, 13.25, 9.5], "texture": "#1"},
				"east": {"uv": [2.5, 2, 13.25, 9.5], "texture": "#1"},
				"south": {"uv": [2.5, 2, 13.25, 9.5], "texture": "#1"},
				"west": {"uv": [2.5, 2, 13, 9.25], "rotation": 270, "texture": "#1"},
				"up": {"uv": [2.5, 2, 13.25, 9.25], "texture": "#1"},
				"down": {"uv": [2.5, 2, 13.25, 9.25], "texture": "#1"}
			}
		},
		{
			"from": [7.2912, 6.6982, 7.15144],
			"to": [7.5856, 10.5862, 7.44584],
			"rotation": {"angle": 22.5, "axis": "y", "origin": [9.66947, 6.7838, 7.864]},
			"faces": {
				"north": {"uv": [2.5, 2, 13.25, 9.5], "texture": "#1"},
				"east": {"uv": [2.5, 2, 13.25, 9.5], "texture": "#1"},
				"south": {"uv": [2.5, 2, 13.25, 9.5], "texture": "#1"},
				"west": {"uv": [2.5, 2, 13, 9.25], "rotation": 270, "texture": "#1"},
				"up": {"uv": [2.5, 2, 13.25, 9.25], "texture": "#1"},
				"down": {"uv": [2.5, 2, 13.25, 9.25], "texture": "#1"}
			}
		},
		{
			"from": [6.70864, 6.6982, 9.35579],
			"to": [7.00304, 10.5862, 9.65019],
			"rotation": {"angle": -22.5, "axis": "x", "origin": [9.66947, 6.7838, 7.864]},
			"faces": {
				"north": {"uv": [2.5, 2, 13.25, 9.5], "texture": "#1"},
				"east": {"uv": [2.5, 2, 13.25, 9.5], "texture": "#1"},
				"south": {"uv": [2.5, 2, 13.25, 9.5], "texture": "#1"},
				"west": {"uv": [2.5, 2, 13, 9.25], "rotation": 270, "texture": "#1"},
				"up": {"uv": [2.5, 2, 13.25, 9.25], "texture": "#1"},
				"down": {"uv": [2.5, 2, 13.25, 9.25], "texture": "#1"}
			}
		},
		{
			"from": [7.17739, 7.54976, 8.81282],
			"to": [7.47179, 9.43776, 9.10722],
			"rotation": {"angle": 22.5, "axis": "x", "origin": [9.66947, 6.7838, 7.864]},
			"faces": {
				"north": {"uv": [2.5, 2, 13.25, 9.5], "texture": "#1"},
				"east": {"uv": [2.5, 2, 13.25, 9.5], "texture": "#1"},
				"south": {"uv": [2.5, 2, 13.25, 9.5], "texture": "#1"},
				"west": {"uv": [2.5, 2, 13, 9.25], "rotation": 270, "texture": "#1"},
				"up": {"uv": [2.5, 2, 13.25, 9.25], "texture": "#1"},
				"down": {"uv": [2.5, 2, 13.25, 9.25], "texture": "#1"}
			}
		},
		{
			"from": [9.17739, 7.13179, 9.07063],
			"to": [9.47179, 9.01979, 9.36503],
			"rotation": {"angle": -22.5, "axis": "z", "origin": [9.66947, 6.7838, 7.864]},
			"faces": {
				"north": {"uv": [2.5, 2, 13.25, 9.5], "texture": "#1"},
				"east": {"uv": [2.5, 2, 13.25, 9.5], "texture": "#1"},
				"south": {"uv": [2.5, 2, 13.25, 9.5], "texture": "#1"},
				"west": {"uv": [2.5, 2, 13, 9.25], "rotation": 270, "texture": "#1"},
				"up": {"uv": [2.5, 2, 13.25, 9.25], "texture": "#1"},
				"down": {"uv": [2.5, 2, 13.25, 9.25], "texture": "#1"}
			}
		},
		{
			"from": [7.46254, 6.33101, 9.29329],
			"to": [7.75694, 8.21901, 9.58769],
			"rotation": {"angle": -22.5, "axis": "z", "origin": [9.66947, 6.7838, 7.864]},
			"faces": {
				"north": {"uv": [2.5, 2, 13.25, 9.5], "texture": "#1"},
				"east": {"uv": [2.5, 2, 13.25, 9.5], "texture": "#1"},
				"south": {"uv": [2.5, 2, 13.25, 9.5], "texture": "#1"},
				"west": {"uv": [2.5, 2, 13, 9.25], "rotation": 270, "texture": "#1"},
				"up": {"uv": [2.5, 2, 13.25, 9.25], "texture": "#1"},
				"down": {"uv": [2.5, 2, 13.25, 9.25], "texture": "#1"}
			}
		},
		{
			"from": [8.6227, 6.65523, 9.29329],
			"to": [8.9171, 8.54323, 9.58769],
			"rotation": {"angle": 0, "axis": "z", "origin": [9.66947, 6.7838, 7.864]},
			"faces": {
				"north": {"uv": [2.5, 2, 13.25, 9.5], "texture": "#1"},
				"east": {"uv": [2.5, 2, 13.25, 9.5], "texture": "#1"},
				"south": {"uv": [2.5, 2, 13.25, 9.5], "texture": "#1"},
				"west": {"uv": [2.5, 2, 13, 9.25], "rotation": 270, "texture": "#1"},
				"up": {"uv": [2.5, 2, 13.25, 9.25], "texture": "#1"},
				"down": {"uv": [2.5, 2, 13.25, 9.25], "texture": "#1"}
			}
		},
		{
			"from": [9.54067, 6.6982, 7.68],
			"to": [9.83507, 10.5862, 7.9744],
			"rotation": {"angle": 22.5, "axis": "x", "origin": [9.66947, 6.7838, 7.864]},
			"faces": {
				"north": {"uv": [2.5, 2, 13.25, 9.5], "texture": "#1"},
				"east": {"uv": [2.5, 2, 13.25, 9.5], "texture": "#1"},
				"south": {"uv": [2.5, 2, 13.25, 9.5], "texture": "#1"},
				"west": {"uv": [2.5, 2, 13, 9.25], "rotation": 270, "texture": "#1"},
				"up": {"uv": [2.5, 2, 13.25, 9.25], "texture": "#1"},
				"down": {"uv": [2.5, 2, 13.25, 9.25], "texture": "#1"}
			}
		},
		{
			"from": [7.35107, 7.1982, 8.048],
			"to": [7.64547, 10.5862, 8.3424],
			"rotation": {"angle": 22.5, "axis": "x", "origin": [9.66947, 6.7838, 7.864]},
			"faces": {
				"north": {"uv": [2.5, 2, 13.25, 9.5], "texture": "#1"},
				"east": {"uv": [2.5, 2, 13.25, 9.5], "texture": "#1"},
				"south": {"uv": [2.5, 2, 13.25, 9.5], "texture": "#1"},
				"west": {"uv": [2.5, 2, 13, 9.25], "rotation": 270, "texture": "#1"},
				"up": {"uv": [2.5, 2, 13.25, 9.25], "texture": "#1"},
				"down": {"uv": [2.5, 2, 13.25, 9.25], "texture": "#1"}
			}
		},
		{
			"from": [7.70067, 6.907, 8.0848],
			"to": [9.17267, 9.3566, 9.0048],
			"rotation": {"angle": 0, "axis": "y", "origin": [4.86707, 18.1798, 2.0864]},
			"faces": {
				"north": {"uv": [2.5, 2, 13.25, 9.5], "texture": "#2"},
				"east": {"uv": [2.5, 2, 13.25, 9.5], "texture": "#2"},
				"south": {"uv": [2.5, 2, 13.25, 9.5], "texture": "#2"},
				"west": {"uv": [2.5, 2, 13, 9.25], "rotation": 270, "texture": "#2"},
				"up": {"uv": [2.5, 2, 13.25, 9.25], "texture": "#2"},
				"down": {"uv": [2.5, 2, 13.25, 9.25], "texture": "#2"}
			}
		},
		{
			"from": [8.05027, 9.1726, 8.1768],
			"to": [9.02547, 9.7798, 8.9496],
			"rotation": {"angle": 0, "axis": "y", "origin": [4.86707, 18.1798, 2.0864]},
			"faces": {
				"north": {"uv": [2.5, 2, 13.25, 9.5], "texture": "#2"},
				"east": {"uv": [2.5, 2, 13.25, 9.5], "texture": "#2"},
				"south": {"uv": [2.5, 2, 13.25, 9.5], "texture": "#2"},
				"west": {"uv": [2.5, 2, 13, 9.25], "rotation": 270, "texture": "#2"},
				"up": {"uv": [2.5, 2, 13.25, 9.25], "texture": "#2"},
				"down": {"uv": [2.5, 2, 13.25, 9.25], "texture": "#2"}
			}
		},
		{
			"from": [8.21587, 9.7246, 8.3424],
			"to": [9.00707, 10.0006, 8.7472],
			"rotation": {"angle": 0, "axis": "y", "origin": [4.86707, 18.1798, 2.0864]},
			"faces": {
				"north": {"uv": [2.5, 2, 13.25, 9.5], "texture": "#2"},
				"east": {"uv": [2.5, 2, 13.25, 9.5], "texture": "#2"},
				"south": {"uv": [2.5, 2, 13.25, 9.5], "texture": "#2"},
				"west": {"uv": [2.5, 2, 13, 9.25], "rotation": 270, "texture": "#2"},
				"up": {"uv": [2.5, 2, 13.25, 9.25], "texture": "#2"},
				"down": {"uv": [2.5, 2, 13.25, 9.25], "texture": "#2"}
			}
		}
	],
	"display": {
		"thirdperson_righthand": {
			"translation": [-0.75, 5.5, 0.75],
			"scale": [1.6, 1.6, 1.6]
		},
		"thirdperson_lefthand": {
			"translation": [1, 5.5, 0.75],
			"scale": [1.6, 1.6, 1.6]
		},
		"firstperson_righthand": {
			"scale": [1.6, 1.6, 1.6]
		},
		"firstperson_lefthand": {
			"scale": [1.6, 1.6, 1.6]
		},
		"gui": {
			"rotation": [19.96, -24.9, 8.68],
			"translation": [-0.75, 1.25, 0],
			"scale": [2, 2, 2]
		},
		"head": {
			"rotation": [-90, 0, 0],
			"translation": [-1.25, 0, -2.25],
			"scale": [3.5, 3.5, 3.5]
		}
	}
}