{
	"credit": "Made with Blockbench",
	"textures": {
		"0": "block/white_concrete",
		"1": "block/light_blue_wool",
		"particle": "block/white_concrete"
	},
	"elements": [
		{
			"from": [0.75, -3, 1.25],
			"to": [1, 1.5, 1.5],
			"faces": {
				"north": {"uv": [1, 4.5, 2.75, 7], "texture": "#0"},
				"east": {"uv": [1, 4.5, 2.75, 7], "texture": "#0"},
				"south": {"uv": [1, 4.5, 2.75, 7], "texture": "#0"},
				"west": {"uv": [1, 4.5, 2.75, 7], "texture": "#0"},
				"up": {"uv": [1, 4.5, 2.75, 6.75], "texture": "#0"},
				"down": {"uv": [1, 4.5, 2.75, 6.75], "texture": "#0"}
			}
		},
		{
			"from": [-0.625, 1.5, -0.125],
			"to": [2.375, 3, 2.875],
			"faces": {
				"north": {"uv": [11.5, 0.5, 16, 3.5], "texture": "#1"},
				"east": {"uv": [2.5, 14.5, 14, 16], "texture": "#1"},
				"south": {"uv": [6.5, 4.5, 11, 7.5], "texture": "#1"},
				"west": {"uv": [2.5, 14.5, 13.5, 16], "texture": "#1"},
				"up": {"uv": [0, 0, 4.5, 3], "texture": "#1"},
				"down": {"uv": [0, 0, 8, 7], "texture": "#1"}
			}
		},
		{
			"from": [-0.625, 5, -0.125],
			"to": [2.375, 6.5, 2.875],
			"faces": {
				"north": {"uv": [11, 3.5, 15.5, 6.5], "texture": "#1"},
				"east": {"uv": [6, 0, 13.5, 2], "texture": "#1"},
				"south": {"uv": [9, 6, 13.5, 9], "texture": "#1"},
				"west": {"uv": [6, 0, 13, 2], "texture": "#1"},
				"up": {"uv": [0, 0, 10.5, 7.5], "texture": "#1"},
				"down": {"uv": [0, 0, 4.5, 3], "texture": "#1"}
			}
		},
		{
			"from": [-0.875, 2, -0.375],
			"to": [2.625, 3.5, 3.125],
			"faces": {
				"north": {"uv": [2, 6, 6.5, 9], "texture": "#1"},
				"east": {"uv": [2.5, 12, 14, 14], "texture": "#1"},
				"south": {"uv": [11, 7, 15.5, 10], "texture": "#1"},
				"west": {"uv": [2, 12, 14, 14], "texture": "#1"},
				"up": {"uv": [0, 0, 4.5, 3], "texture": "#1"},
				"down": {"uv": [0, 0, 4.5, 3], "texture": "#1"}
			}
		},
		{
			"from": [-0.875, 4.5, -0.375],
			"to": [2.625, 6, 3.125],
			"faces": {
				"north": {"uv": [3.5, 9, 8, 12], "texture": "#1"},
				"east": {"uv": [2.5, 3.5, 13.5, 6.5], "texture": "#1"},
				"south": {"uv": [8.5, 10, 13, 13], "texture": "#1"},
				"west": {"uv": [2.5, 3.5, 13.5, 6.5], "texture": "#1"},
				"up": {"uv": [0, 0, 4.5, 3], "texture": "#1"},
				"down": {"uv": [0, 0, 4.5, 3], "texture": "#1"}
			}
		},
		{
			"from": [-1.125, 2.5, -0.625],
			"to": [2.875, 5.5, 3.375],
			"faces": {
				"north": {"uv": [0, 5, 15.5, 10.5], "texture": "#1"},
				"east": {"uv": [0, 6, 16, 11], "texture": "#1"},
				"south": {"uv": [0, 5, 16, 9.5], "texture": "#1"},
				"west": {"uv": [0, 6, 16, 11], "texture": "#1"},
				"up": {"uv": [0, 0, 4.5, 3], "texture": "#1"},
				"down": {"uv": [0, 0, 4.5, 3], "texture": "#1"}
			}
		}
	],
	"display": {
		"thirdperson_righthand": {
			"rotation": [40, 0, 0],
			"translation": [7, 3.5, 12.5]
		},
		"thirdperson_lefthand": {
			"rotation": [40, 0, 0],
			"translation": [-7, 3.5, 13]
		},
		"firstperson_righthand": {
			"translation": [50, 6, 2],
			"scale": [4, 4, 4]
		},
		"firstperson_lefthand": {
			"translation": [-4.75, 5.75, 2],
			"scale": [4, 4, 4]
		},
		"gui": {
			"rotation": [26.23, -30.84, 10.72],
			"translation": [3, 3.75, 0],
			"scale": [1.5, 1.5, 1.5]
		},
		"head": {
			"translation": [14.25, 7.75, 13.25],
			"scale": [2, 2, 2]
		}
	}
}