{
	"credit": "Made with Blockbench",
	"textures": {
		"0": "block/bee_nest_bottom",
		"particle": "block/bee_nest_bottom"
	},
	"elements": [
		{
			"from": [0.25, 0, 0.25],
			"to": [2, 5, 2],
			"faces": {
				"north": {"uv": [0, 4.5, 0.75, 7], "texture": "#0"},
				"east": {"uv": [0, 4.5, 0.75, 7], "texture": "#0"},
				"south": {"uv": [0, 4.5, 0.75, 7], "texture": "#0"},
				"west": {"uv": [0, 4.5, 0.75, 7], "texture": "#0"},
				"up": {"uv": [0, 4.5, 0.75, 6.75], "texture": "#0"},
				"down": {"uv": [0, 4.5, 0.75, 6.75], "texture": "#0"}
			}
		},
		{
			"from": [1, -3, 1],
			"to": [1.25, 1.5, 1.25],
			"faces": {
				"north": {"uv": [1, 4.5, 2.75, 7], "texture": "#0"},
				"east": {"uv": [1, 4.5, 2.75, 7], "texture": "#0"},
				"south": {"uv": [1, 4.5, 2.75, 7], "texture": "#0"},
				"west": {"uv": [1, 4.5, 2.75, 7], "texture": "#0"},
				"up": {"uv": [1, 4.5, 2.75, 6.75], "texture": "#0"},
				"down": {"uv": [1, 4.5, 2.75, 6.75], "texture": "#0"}
			}
		}
	],
	"display": {
		"thirdperson_righthand": {
			"rotation": [40, 0, 0],
			"translation": [7, 3.5, 12.5]
		},
		"thirdperson_lefthand": {
			"rotation": [40, 0, 0],
			"translation": [-7, 3.5, 13]
		},
		"firstperson_righthand": {
			"translation": [50, 6, 2],
			"scale": [4, 4, 4]
		},
		"firstperson_lefthand": {
			"translation": [-4.75, 5.75, 2],
			"scale": [4, 4, 4]
		},
		"gui": {
			"rotation": [39.01, 27.7, -32.38],
			"translation": [22.75, 0.75, 0],
			"scale": [2, 2, 2]
		},
		"head": {
			"translation": [6.75, 6.5, 6.25]
		}
	}
}