{
	"credit": "Made with Blockbench",
	"textures": {
		"0": "block/jungle_log_top",
		"1": "block/sunflower_front",
		"2": "block/bamboo_small_leaves",
		"3": "block/yellow_glazed_terracotta",
		"particle": "block/jungle_log_top"
	},
	"elements": [
		{
			"from": [-2.25, 1, -0.75],
			"to": [1.5, 1.25, 3],
			"faces": {
				"north": {"uv": [7, 4.5, 8.75, 9.5], "texture": "#0"},
				"east": {"uv": [7, 4.5, 8.75, 9.5], "texture": "#0"},
				"south": {"uv": [7, 4.5, 8.75, 9.5], "texture": "#0"},
				"west": {"uv": [7, 4.5, 8.75, 9.5], "texture": "#0"},
				"up": {"uv": [7, 4.5, 8.75, 10.75], "texture": "#0"},
				"down": {"uv": [7, 4.5, 8.75, 10.75], "texture": "#0"}
			}
		},
		{
			"from": [-1.75, 1, -1.25],
			"to": [1, 1.25, -0.75],
			"faces": {
				"north": {"uv": [7, 4.5, 8.75, 9.5], "texture": "#0"},
				"east": {"uv": [7, 4.5, 8.75, 9.5], "texture": "#0"},
				"south": {"uv": [7, 4.5, 8.75, 9.5], "texture": "#0"},
				"west": {"uv": [7, 4.5, 8.75, 9.5], "texture": "#0"},
				"up": {"uv": [7, 4.5, 8.75, 10.75], "texture": "#0"},
				"down": {"uv": [7, 4.5, 8.75, 10.75], "texture": "#0"}
			}
		},
		{
			"from": [-1.75, 1, 3],
			"to": [1, 1.25, 3.5],
			"faces": {
				"north": {"uv": [7, 4.5, 8.75, 9.5], "texture": "#0"},
				"east": {"uv": [7, 4.5, 8.75, 9.5], "texture": "#0"},
				"south": {"uv": [7, 4.5, 8.75, 9.5], "texture": "#0"},
				"west": {"uv": [7, 4.5, 8.75, 9.5], "texture": "#0"},
				"up": {"uv": [7, 4.5, 8.75, 10.75], "texture": "#0"},
				"down": {"uv": [7, 4.5, 8.75, 10.75], "texture": "#0"}
			}
		},
		{
			"from": [-2.75, 1, -0.25],
			"to": [-2.25, 1.25, 2.5],
			"faces": {
				"north": {"uv": [7, 4.5, 8.75, 9.5], "texture": "#0"},
				"east": {"uv": [7, 4.5, 8.75, 9.5], "texture": "#0"},
				"south": {"uv": [7, 4.5, 8.75, 9.5], "texture": "#0"},
				"west": {"uv": [7, 4.5, 8.75, 9.5], "texture": "#0"},
				"up": {"uv": [7, 4.5, 8.75, 10.75], "rotation": 90, "texture": "#0"},
				"down": {"uv": [7, 4.5, 8.75, 10.75], "rotation": 270, "texture": "#0"}
			}
		},
		{
			"from": [1.5, 1, -0.25],
			"to": [2, 1.25, 2.5],
			"faces": {
				"north": {"uv": [7, 4.5, 8.75, 9.5], "texture": "#0"},
				"east": {"uv": [7, 4.5, 8.75, 9.5], "texture": "#0"},
				"south": {"uv": [7, 4.5, 8.75, 9.5], "texture": "#0"},
				"west": {"uv": [7, 4.5, 8.75, 9.5], "texture": "#0"},
				"up": {"uv": [7, 4.5, 8.75, 10.75], "rotation": 90, "texture": "#0"},
				"down": {"uv": [7, 4.5, 8.75, 10.75], "rotation": 270, "texture": "#0"}
			}
		},
		{
			"from": [-2.5, 1.25, -0.6875],
			"to": [1.5, 1.29688, 3.25],
			"faces": {
				"north": {"uv": [0, 9.75, 1.75, 14.75], "texture": "#2"},
				"east": {"uv": [0, 9.75, 1.75, 14.75], "texture": "#2"},
				"south": {"uv": [0, 9.75, 1.75, 14.75], "texture": "#2"},
				"west": {"uv": [0, 9.75, 1.75, 14.75], "texture": "#2"},
				"up": {"uv": [0, 0, 16, 15.5], "texture": "#2"},
				"down": {"uv": [0, 9.75, 1.75, 16], "texture": "#2"}
			}
		},
		{
			"from": [0.17579, 1.24609, 2.21485],
			"to": [0.67579, 1.32031, 2.74219],
			"rotation": {"angle": 22.5, "axis": "y", "origin": [0, 0, -0.125]},
			"faces": {
				"north": {"uv": [7, 4.5, 8.75, 9.5], "texture": "#3"},
				"east": {"uv": [7, 4.5, 8.75, 9.5], "texture": "#3"},
				"south": {"uv": [7, 4.5, 8.75, 9.5], "texture": "#3"},
				"west": {"uv": [7, 4.5, 8.75, 9.5], "texture": "#3"},
				"up": {"uv": [0, 0, 9, 9], "texture": "#3"},
				"down": {"uv": [7, 4.5, 8.75, 10.75], "texture": "#3"}
			}
		},
		{
			"from": [-0.24218, 1.24609, 2.61329],
			"to": [0.25782, 1.32031, 3.14063],
			"rotation": {"angle": -45, "axis": "y", "origin": [0, 0, -0.125]},
			"faces": {
				"north": {"uv": [7, 4.5, 8.75, 9.5], "texture": "#3"},
				"east": {"uv": [7, 4.5, 8.75, 9.5], "texture": "#3"},
				"south": {"uv": [7, 4.5, 8.75, 9.5], "texture": "#3"},
				"west": {"uv": [7, 4.5, 8.75, 9.5], "texture": "#3"},
				"up": {"uv": [0, 0, 9, 9], "texture": "#3"},
				"down": {"uv": [7, 4.5, 8.75, 10.75], "texture": "#3"}
			}
		},
		{
			"from": [-0.72656, 1.24609, -0.89453],
			"to": [-0.19922, 1.32031, -0.39453],
			"rotation": {"angle": -22.5, "axis": "y", "origin": [0, 0, -0.125]},
			"faces": {
				"north": {"uv": [7, 4.5, 8.75, 9.5], "texture": "#3"},
				"east": {"uv": [7, 4.5, 8.75, 9.5], "texture": "#3"},
				"south": {"uv": [7, 4.5, 8.75, 9.5], "texture": "#3"},
				"west": {"uv": [7, 4.5, 8.75, 9.5], "texture": "#3"},
				"up": {"uv": [0, 0, 9, 9], "rotation": 90, "texture": "#3"},
				"down": {"uv": [7, 4.5, 8.75, 10.75], "rotation": 270, "texture": "#3"}
			}
		},
		{
			"from": [-1.875, 1.25, -0.28906],
			"to": [1.125, 1.84375, 0.36719],
			"rotation": {"angle": 22.5, "axis": "y", "origin": [0.30859, 0, 0.87891]},
			"faces": {
				"north": {"uv": [7.5, 4.5, 9.25, 7], "texture": "#1"},
				"east": {"uv": [7.5, 7.5, 9.25, 10], "texture": "#1"},
				"south": {"uv": [6, 7.5, 7.75, 10], "texture": "#1"},
				"west": {"uv": [7, 6, 8.75, 8.5], "texture": "#1"},
				"up": {"uv": [8, 6.5, 11.75, 9.25], "texture": "#1"},
				"down": {"uv": [8, 8, 9.75, 10.75], "texture": "#1"}
			}
		},
		{
			"from": [-1.875, 1.25, 0.50781],
			"to": [1.125, 1.84375, 1.16406],
			"rotation": {"angle": 22.5, "axis": "y", "origin": [0.30859, 0, 0.87891]},
			"faces": {
				"north": {"uv": [5.5, 7, 7.25, 9.5], "texture": "#1"},
				"east": {"uv": [8, 8, 9.75, 10.5], "texture": "#1"},
				"south": {"uv": [8, 8, 8.25, 10.5], "texture": "#1"},
				"west": {"uv": [8, 8, 9.75, 10.5], "texture": "#1"},
				"up": {"uv": [6.5, 6, 10.25, 8.75], "texture": "#1"},
				"down": {"uv": [8, 8, 9.75, 10.75], "texture": "#1"}
			}
		},
		{
			"from": [-1.875, 1.25, 1.28906],
			"to": [1.125, 1.84375, 1.94531],
			"rotation": {"angle": 22.5, "axis": "y", "origin": [0.30859, 0, 0.87891]},
			"faces": {
				"north": {"uv": [8, 8, 9.75, 10.5], "texture": "#1"},
				"east": {"uv": [9, 7.5, 10.75, 10], "texture": "#1"},
				"south": {"uv": [9, 7.5, 10.75, 10], "texture": "#1"},
				"west": {"uv": [6, 8.5, 7.75, 11], "texture": "#1"},
				"up": {"uv": [6.5, 5.5, 10.25, 8.25], "texture": "#1"},
				"down": {"uv": [8, 8, 9.75, 10.75], "texture": "#1"}
			}
		}
	],
	"display": {
		"thirdperson_righthand": {
			"rotation": [68, 0, 0],
			"translation": [21, -5, 21.25],
			"scale": [2.5, 2.5, 2.5]
		},
		"thirdperson_lefthand": {
			"rotation": [68, 0, 0],
			"translation": [-21, -5, 21.25],
			"scale": [2.5, 2.5, 2.5]
		},
		"firstperson_righthand": {
			"translation": [50, 9, 2],
			"scale": [4, 4, 4]
		},
		"firstperson_lefthand": {
			"translation": [-6, 9, 2],
			"scale": [4, 4, 4]
		},
		"gui": {
			"rotation": [45, 45, 0],
			"translation": [26, 13.75, 0],
			"scale": [2.4, 2.4, 2.4]
		},
		"head": {
			"translation": [33.5, 21.5, 27.75],
			"scale": [4, 4, 4]
		}
	},
	"groups": [
		0,
		1,
		2,
		3,
		4,
		5,
		{
			"name": "group",
			"origin": [0, -3, 0],
			"color": 0,
			"children": []
		},
		{
			"name": "group",
			"origin": [0, -3, 0],
			"color": 0,
			"children": []
		},
		{
			"name": "group",
			"origin": [0, 0, 0],
			"color": 0,
			"children": [6, 7, 8]
		},
		{
			"name": "group",
			"origin": [0, 0, 0],
			"color": 0,
			"children": []
		},
		{
			"name": "group",
			"origin": [0, 0, 0],
			"color": 0,
			"children": [9, 10, 11]
		}
	]
}