{
	"credit": "Made with Blockbench",
	"textures": {
		"0": "block/quartz_block_bottom",
		"1": "block/acacia_planks",
		"2": "block/bamboo_small_leaves",
		"3": "block/yellow_glazed_terracotta",
		"particle": "block/quartz_block_bottom"
	},
	"elements": [
		{
			"from": [-2.5, 0.75, -1],
			"to": [3, 1.25, 3.25],
			"faces": {
				"north": {"uv": [7, 4.5, 8.75, 9.5], "texture": "#0"},
				"east": {"uv": [7, 4.5, 8.75, 9.5], "texture": "#0"},
				"south": {"uv": [7, 4.5, 8.75, 9.5], "texture": "#0"},
				"west": {"uv": [7, 4.5, 8.75, 9.5], "texture": "#0"},
				"up": {"uv": [7, 4.5, 8.75, 10.75], "texture": "#0"},
				"down": {"uv": [7, 4.5, 8.75, 10.75], "texture": "#0"}
			}
		},
		{
			"from": [-3, 1.25, -0.875],
			"to": [3.5, 1.29688, 3.25],
			"faces": {
				"north": {"uv": [0, 9.75, 1.75, 14.75], "texture": "#2"},
				"east": {"uv": [0, 9.75, 1.75, 14.75], "texture": "#2"},
				"south": {"uv": [0, 9.75, 1.75, 14.75], "texture": "#2"},
				"west": {"uv": [0, 9.75, 1.75, 14.75], "texture": "#2"},
				"up": {"uv": [0, 0, 16, 15.5], "texture": "#2"},
				"down": {"uv": [0, 9.75, 1.75, 16], "texture": "#2"}
			}
		},
		{
			"from": [-1.75, 1.25, 2.25],
			"to": [-0.75, 1.5, 2.5],
			"faces": {
				"north": {"uv": [7, 4.5, 8.75, 9.5], "texture": "#1"},
				"east": {"uv": [7, 4.5, 8.75, 9.5], "texture": "#1"},
				"south": {"uv": [7, 4.5, 8.75, 9.5], "texture": "#1"},
				"west": {"uv": [7, 4.5, 8.75, 9.5], "texture": "#1"},
				"up": {"uv": [3, 2.5, 5.75, 3.25], "texture": "#1"},
				"down": {"uv": [7, 4.5, 8.75, 10.75], "texture": "#1"}
			}
		},
		{
			"from": [-1.75, 1.25, 0],
			"to": [-0.75, 1.75, 2.25],
			"faces": {
				"north": {"uv": [8, 8, 9.75, 10.5], "texture": "#1"},
				"east": {"uv": [8, 8, 9.75, 10.5], "texture": "#1"},
				"south": {"uv": [8, 8, 9.75, 10.5], "texture": "#1"},
				"west": {"uv": [8, 8, 9.75, 10.5], "texture": "#1"},
				"up": {"uv": [7, 8, 10.75, 10.75], "texture": "#1"},
				"down": {"uv": [8, 8, 9.75, 10.75], "texture": "#1"}
			}
		},
		{
			"from": [-1.51562, 1.74609, 0.72266],
			"to": [-1.01562, 1.82031, 1.25],
			"faces": {
				"north": {"uv": [7, 4.5, 8.75, 9.5], "texture": "#3"},
				"east": {"uv": [7, 4.5, 8.75, 9.5], "texture": "#3"},
				"south": {"uv": [7, 4.5, 8.75, 9.5], "texture": "#3"},
				"west": {"uv": [7, 4.5, 8.75, 9.5], "texture": "#3"},
				"up": {"uv": [0, 0, 9, 9], "texture": "#3"},
				"down": {"uv": [7, 4.5, 8.75, 10.75], "texture": "#3"}
			}
		},
		{
			"from": [-0.02734, 1.74609, 0.72266],
			"to": [0.47266, 1.82031, 1.25],
			"faces": {
				"north": {"uv": [7, 4.5, 8.75, 9.5], "texture": "#3"},
				"east": {"uv": [7, 4.5, 8.75, 9.5], "texture": "#3"},
				"south": {"uv": [7, 4.5, 8.75, 9.5], "texture": "#3"},
				"west": {"uv": [7, 4.5, 8.75, 9.5], "texture": "#3"},
				"up": {"uv": [0, 0, 9, 9], "texture": "#3"},
				"down": {"uv": [7, 4.5, 8.75, 10.75], "texture": "#3"}
			}
		},
		{
			"from": [1.51953, 1.74609, 0.72266],
			"to": [2.01953, 1.82031, 1.25],
			"faces": {
				"north": {"uv": [7, 4.5, 8.75, 9.5], "texture": "#3"},
				"east": {"uv": [7, 4.5, 8.75, 9.5], "texture": "#3"},
				"south": {"uv": [7, 4.5, 8.75, 9.5], "texture": "#3"},
				"west": {"uv": [7, 4.5, 8.75, 9.5], "texture": "#3"},
				"up": {"uv": [0, 0, 9, 9], "texture": "#3"},
				"down": {"uv": [7, 4.5, 8.75, 10.75], "texture": "#3"}
			}
		},
		{
			"from": [-1.75, 1.25, -0.25],
			"to": [-0.75, 1.5, 0],
			"faces": {
				"north": {"uv": [7, 4.5, 8.75, 9.5], "texture": "#1"},
				"east": {"uv": [7, 4.5, 8.75, 9.5], "texture": "#1"},
				"south": {"uv": [7, 4.5, 8.75, 9.5], "texture": "#1"},
				"west": {"uv": [7, 4.5, 8.75, 9.5], "texture": "#1"},
				"up": {"uv": [3, 2.5, 6.25, 3.75], "texture": "#1"},
				"down": {"uv": [7, 4.5, 8.75, 10.75], "texture": "#1"}
			}
		},
		{
			"from": [-0.25, 1.25, 2.25],
			"to": [0.75, 1.5, 2.5],
			"faces": {
				"north": {"uv": [7, 4.5, 8.75, 9.5], "texture": "#1"},
				"east": {"uv": [7, 4.5, 8.75, 9.5], "texture": "#1"},
				"south": {"uv": [7, 4.5, 8.75, 9.5], "texture": "#1"},
				"west": {"uv": [7, 4.5, 8.75, 9.5], "texture": "#1"},
				"up": {"uv": [3, 2.5, 5.75, 3.25], "texture": "#1"},
				"down": {"uv": [7, 4.5, 8.75, 10.75], "texture": "#1"}
			}
		},
		{
			"from": [-0.25, 1.25, 0],
			"to": [0.75, 1.75, 2.25],
			"faces": {
				"north": {"uv": [8, 8, 9.75, 10.5], "texture": "#1"},
				"east": {"uv": [8, 8, 9.75, 10.5], "texture": "#1"},
				"south": {"uv": [8, 8, 9.75, 10.5], "texture": "#1"},
				"west": {"uv": [8, 8, 9.75, 10.5], "texture": "#1"},
				"up": {"uv": [7, 8, 10.75, 10.75], "texture": "#1"},
				"down": {"uv": [8, 8, 9.75, 10.75], "texture": "#1"}
			}
		},
		{
			"from": [-0.25, 1.25, -0.25],
			"to": [0.75, 1.5, 0],
			"faces": {
				"north": {"uv": [7, 4.5, 8.75, 9.5], "texture": "#1"},
				"east": {"uv": [7, 4.5, 8.75, 9.5], "texture": "#1"},
				"south": {"uv": [7, 4.5, 8.75, 9.5], "texture": "#1"},
				"west": {"uv": [7, 4.5, 8.75, 9.5], "texture": "#1"},
				"up": {"uv": [3, 2.5, 6.25, 3.75], "texture": "#1"},
				"down": {"uv": [7, 4.5, 8.75, 10.75], "texture": "#1"}
			}
		},
		{
			"from": [1.25, 1.25, 2.25],
			"to": [2.25, 1.5, 2.5],
			"faces": {
				"north": {"uv": [7, 4.5, 8.75, 9.5], "texture": "#1"},
				"east": {"uv": [7, 4.5, 8.75, 9.5], "texture": "#1"},
				"south": {"uv": [7, 4.5, 8.75, 9.5], "texture": "#1"},
				"west": {"uv": [7, 4.5, 8.75, 9.5], "texture": "#1"},
				"up": {"uv": [3, 2.5, 5.75, 3.25], "texture": "#1"},
				"down": {"uv": [7, 4.5, 8.75, 10.75], "texture": "#1"}
			}
		},
		{
			"from": [1.25, 1.25, 0],
			"to": [2.25, 1.75, 2.25],
			"faces": {
				"north": {"uv": [8, 8, 9.75, 10.5], "texture": "#1"},
				"east": {"uv": [8, 8, 9.75, 10.5], "texture": "#1"},
				"south": {"uv": [8, 8, 9.75, 10.5], "texture": "#1"},
				"west": {"uv": [8, 8, 9.75, 10.5], "texture": "#1"},
				"up": {"uv": [7, 8, 10.75, 10.75], "texture": "#1"},
				"down": {"uv": [8, 8, 9.75, 10.75], "texture": "#1"}
			}
		},
		{
			"from": [1.25, 1.25, -0.25],
			"to": [2.25, 1.5, 0],
			"faces": {
				"north": {"uv": [7, 6, 8.75, 8.5], "texture": "#1"},
				"east": {"uv": [7, 6, 8.75, 8.5], "texture": "#1"},
				"south": {"uv": [7, 6, 8.75, 8.5], "texture": "#1"},
				"west": {"uv": [7, 6, 8.75, 8.5], "texture": "#1"},
				"up": {"uv": [7.5, 7, 10.75, 8.25], "texture": "#1"},
				"down": {"uv": [7, 6, 8.75, 9.75], "texture": "#1"}
			}
		}
	],
	"display": {
		"thirdperson_righthand": {
			"rotation": [68, 0, 0],
			"translation": [19.5, -5, 21.25],
			"scale": [2.5, 2.5, 2.5]
		},
		"thirdperson_lefthand": {
			"rotation": [68, 0, 0],
			"translation": [-19.25, -5, 21.25],
			"scale": [2.5, 2.5, 2.5]
		},
		"firstperson_righthand": {
			"translation": [50, 9, 2],
			"scale": [4, 4, 4]
		},
		"firstperson_lefthand": {
			"translation": [-6, 9, 2],
			"scale": [4, 4, 4]
		},
		"gui": {
			"rotation": [45, 45, 0],
			"translation": [20.75, 11, 0],
			"scale": [2, 2, 2]
		},
		"head": {
			"translation": [31, 20.75, 27],
			"scale": [4, 4, 4]
		}
	},
	"groups": [
		0,
		1,
		{
			"name": "group",
			"origin": [0, -3, 0],
			"color": 0,
			"children": []
		},
		{
			"name": "group",
			"origin": [0, -3, 0],
			"color": 0,
			"children": []
		},
		{
			"name": "group",
			"origin": [0, 0, 0],
			"color": 0,
			"children": [2, 3, 4, 5, 6, 7]
		},
		{
			"name": "group",
			"origin": [0, 0, 0],
			"color": 0,
			"children": [8, 9, 10]
		},
		{
			"name": "group",
			"origin": [0, 0, 0],
			"color": 0,
			"children": [11, 12, 13]
		}
	]
}