{
	"credit": "Made with Blockbench",
	"textures": {
		"0": "block/light_gray_concrete",
		"1": "item/cooked_beef",
		"2": "block/bamboo_small_leaves",
		"3": "block/yellow_glazed_terracotta",
		"particle": "block/light_gray_concrete"
	},
	"elements": [
		{
			"from": [-2.25, 0.75, -0.75],
			"to": [1.5, 1.25, 3],
			"faces": {
				"north": {"uv": [7, 4.5, 8.75, 9.5], "texture": "#0"},
				"east": {"uv": [7, 4.5, 8.75, 9.5], "texture": "#0"},
				"south": {"uv": [7, 4.5, 8.75, 9.5], "texture": "#0"},
				"west": {"uv": [7, 4.5, 8.75, 9.5], "texture": "#0"},
				"up": {"uv": [7, 4.5, 8.75, 10.75], "texture": "#0"},
				"down": {"uv": [7, 4.5, 8.75, 10.75], "texture": "#0"}
			}
		},
		{
			"from": [-1.75, 0.75, -1.25],
			"to": [1, 1.25, -0.75],
			"faces": {
				"north": {"uv": [7, 4.5, 8.75, 9.5], "texture": "#0"},
				"east": {"uv": [7, 4.5, 8.75, 9.5], "texture": "#0"},
				"south": {"uv": [7, 4.5, 8.75, 9.5], "texture": "#0"},
				"west": {"uv": [7, 4.5, 8.75, 9.5], "texture": "#0"},
				"up": {"uv": [7, 4.5, 8.75, 10.75], "texture": "#0"},
				"down": {"uv": [7, 4.5, 8.75, 10.75], "texture": "#0"}
			}
		},
		{
			"from": [-1.75, 0.75, 3],
			"to": [1, 1.25, 3.5],
			"faces": {
				"north": {"uv": [7, 4.5, 8.75, 9.5], "texture": "#0"},
				"east": {"uv": [7, 4.5, 8.75, 9.5], "texture": "#0"},
				"south": {"uv": [7, 4.5, 8.75, 9.5], "texture": "#0"},
				"west": {"uv": [7, 4.5, 8.75, 9.5], "texture": "#0"},
				"up": {"uv": [7, 4.5, 8.75, 10.75], "texture": "#0"},
				"down": {"uv": [7, 4.5, 8.75, 10.75], "texture": "#0"}
			}
		},
		{
			"from": [-2.75, 0.75, -0.25],
			"to": [-2.25, 1.25, 2.5],
			"faces": {
				"north": {"uv": [7, 4.5, 8.75, 9.5], "texture": "#0"},
				"east": {"uv": [7, 4.5, 8.75, 9.5], "texture": "#0"},
				"south": {"uv": [7, 4.5, 8.75, 9.5], "texture": "#0"},
				"west": {"uv": [7, 4.5, 8.75, 9.5], "texture": "#0"},
				"up": {"uv": [7, 4.5, 8.75, 10.75], "rotation": 90, "texture": "#0"},
				"down": {"uv": [7, 4.5, 8.75, 10.75], "rotation": 270, "texture": "#0"}
			}
		},
		{
			"from": [1.5, 0.75, -0.25],
			"to": [2, 1.25, 2.5],
			"faces": {
				"north": {"uv": [7, 4.5, 8.75, 9.5], "texture": "#0"},
				"east": {"uv": [7, 4.5, 8.75, 9.5], "texture": "#0"},
				"south": {"uv": [7, 4.5, 8.75, 9.5], "texture": "#0"},
				"west": {"uv": [7, 4.5, 8.75, 9.5], "texture": "#0"},
				"up": {"uv": [7, 4.5, 8.75, 10.75], "rotation": 90, "texture": "#0"},
				"down": {"uv": [7, 4.5, 8.75, 10.75], "rotation": 270, "texture": "#0"}
			}
		},
		{
			"from": [-2.5, 1.25, -0.6875],
			"to": [1.5, 1.29688, 3.25],
			"faces": {
				"north": {"uv": [0, 9.75, 1.75, 14.75], "texture": "#2"},
				"east": {"uv": [0, 9.75, 1.75, 14.75], "texture": "#2"},
				"south": {"uv": [0, 9.75, 1.75, 14.75], "texture": "#2"},
				"west": {"uv": [0, 9.75, 1.75, 14.75], "texture": "#2"},
				"up": {"uv": [0, 0, 16, 15.5], "texture": "#2"},
				"down": {"uv": [0, 9.75, 1.75, 16], "texture": "#2"}
			}
		},
		{
			"from": [-1.08203, 1.24609, 2.21485],
			"to": [-0.58203, 1.32031, 2.74219],
			"rotation": {"angle": 0, "axis": "y", "origin": [0, 0, -0.125]},
			"faces": {
				"north": {"uv": [7, 4.5, 8.75, 9.5], "texture": "#3"},
				"east": {"uv": [7, 4.5, 8.75, 9.5], "texture": "#3"},
				"south": {"uv": [7, 4.5, 8.75, 9.5], "texture": "#3"},
				"west": {"uv": [7, 4.5, 8.75, 9.5], "texture": "#3"},
				"up": {"uv": [0, 0, 9, 9], "texture": "#3"},
				"down": {"uv": [7, 4.5, 8.75, 10.75], "texture": "#3"}
			}
		},
		{
			"from": [0.90235, 1.24609, -0.29297],
			"to": [1.40235, 1.32031, 0.23438],
			"rotation": {"angle": -22.5, "axis": "y", "origin": [0, 0, -0.125]},
			"faces": {
				"north": {"uv": [7, 4.5, 8.75, 9.5], "texture": "#3"},
				"east": {"uv": [7, 4.5, 8.75, 9.5], "texture": "#3"},
				"south": {"uv": [7, 4.5, 8.75, 9.5], "texture": "#3"},
				"west": {"uv": [7, 4.5, 8.75, 9.5], "texture": "#3"},
				"up": {"uv": [0, 0, 9, 9], "texture": "#3"},
				"down": {"uv": [7, 4.5, 8.75, 10.75], "texture": "#3"}
			}
		},
		{
			"from": [-0.64453, 1.24609, 2.39063],
			"to": [-0.14453, 1.32031, 2.91797],
			"rotation": {"angle": 22.5, "axis": "y", "origin": [0, 0, -0.125]},
			"faces": {
				"north": {"uv": [7, 4.5, 8.75, 9.5], "texture": "#3"},
				"east": {"uv": [7, 4.5, 8.75, 9.5], "texture": "#3"},
				"south": {"uv": [7, 4.5, 8.75, 9.5], "texture": "#3"},
				"west": {"uv": [7, 4.5, 8.75, 9.5], "texture": "#3"},
				"up": {"uv": [0, 0, 9, 9], "texture": "#3"},
				"down": {"uv": [7, 4.5, 8.75, 10.75], "texture": "#3"}
			}
		},
		{
			"from": [0.55859, 1.25, 1.62891],
			"to": [1.55859, 1.5, 1.87891],
			"rotation": {"angle": -22.5, "axis": "y", "origin": [0.30859, 0, 0.87891]},
			"faces": {
				"north": {"uv": [7, 4.5, 8.75, 9.5], "texture": "#1"},
				"east": {"uv": [7, 4.5, 8.75, 9.5], "texture": "#1"},
				"south": {"uv": [7, 4.5, 8.75, 9.5], "texture": "#1"},
				"west": {"uv": [7, 4.5, 8.75, 9.5], "texture": "#1"},
				"up": {"uv": [10, 7.5, 10.75, 10.25], "rotation": 270, "texture": "#1"},
				"down": {"uv": [9.5, 4, 11.25, 10.25], "texture": "#1"}
			}
		},
		{
			"from": [0.55859, 1.25, 0.87891],
			"to": [1.55859, 1.75, 1.62891],
			"rotation": {"angle": -22.5, "axis": "y", "origin": [0.30859, 0, 0.87891]},
			"faces": {
				"north": {"uv": [8, 8, 9.75, 10.5], "texture": "#1"},
				"east": {"uv": [8, 8, 9.75, 10.5], "texture": "#1"},
				"south": {"uv": [8, 8, 9.75, 10.5], "texture": "#1"},
				"west": {"uv": [8, 8, 9.75, 10.5], "texture": "#1"},
				"up": {"uv": [5, 8.5, 8.75, 11.25], "texture": "#1"},
				"down": {"uv": [8, 8, 9.75, 10.75], "texture": "#1"}
			}
		},
		{
			"from": [0.55859, 1.25, 0.62891],
			"to": [1.55859, 1.5, 0.87891],
			"rotation": {"angle": -22.5, "axis": "y", "origin": [0.30859, 0, 0.87891]},
			"faces": {
				"north": {"uv": [7, 6, 8.75, 8.5], "texture": "#1"},
				"east": {"uv": [7, 6, 8.75, 8.5], "texture": "#1"},
				"south": {"uv": [7, 6, 8.75, 8.5], "texture": "#1"},
				"west": {"uv": [7, 6, 8.75, 8.5], "texture": "#1"},
				"up": {"uv": [7.5, 7, 10.75, 8.25], "texture": "#1"},
				"down": {"uv": [7, 6, 8.75, 9.75], "texture": "#1"}
			}
		},
		{
			"from": [-0.80859, 1.25, -0.31641],
			"to": [-0.55859, 1.5, 0.68359],
			"rotation": {"angle": -22.5, "axis": "y", "origin": [0.30859, 0, 0.87891]},
			"faces": {
				"north": {"uv": [7, 4.5, 8.75, 9.5], "texture": "#1"},
				"east": {"uv": [7, 4.5, 8.75, 9.5], "texture": "#1"},
				"south": {"uv": [7, 4.5, 8.75, 9.5], "texture": "#1"},
				"west": {"uv": [7, 4.5, 8.75, 9.5], "texture": "#1"},
				"up": {"uv": [10, 7.5, 10.75, 10.25], "texture": "#1"},
				"down": {"uv": [6, 5.5, 7.75, 11.75], "rotation": 270, "texture": "#1"}
			}
		},
		{
			"from": [-0.55859, 1.25, -0.31641],
			"to": [0.19141, 1.75, 0.68359],
			"rotation": {"angle": -22.5, "axis": "y", "origin": [0.30859, 0, 0.87891]},
			"faces": {
				"north": {"uv": [8, 8, 9.75, 10.5], "texture": "#1"},
				"east": {"uv": [8, 8, 9.75, 10.5], "texture": "#1"},
				"south": {"uv": [8, 8, 9.75, 10.5], "texture": "#1"},
				"west": {"uv": [8, 8, 9.75, 10.5], "texture": "#1"},
				"up": {"uv": [7, 8, 10.75, 10.75], "rotation": 90, "texture": "#1"},
				"down": {"uv": [8, 8, 9.75, 10.75], "rotation": 270, "texture": "#1"}
			}
		},
		{
			"from": [0.19141, 1.25, -0.31641],
			"to": [0.44141, 1.5, 0.68359],
			"rotation": {"angle": -22.5, "axis": "y", "origin": [0.30859, 0, 0.87891]},
			"faces": {
				"north": {"uv": [7, 6, 8.75, 8.5], "texture": "#1"},
				"east": {"uv": [7, 6, 8.75, 8.5], "texture": "#1"},
				"south": {"uv": [7, 6, 8.75, 8.5], "texture": "#1"},
				"west": {"uv": [7, 6, 8.75, 8.5], "texture": "#1"},
				"up": {"uv": [7.5, 7, 10.75, 8.25], "rotation": 90, "texture": "#1"},
				"down": {"uv": [7, 6, 8.75, 9.75], "rotation": 270, "texture": "#1"}
			}
		},
		{
			"from": [-1.81641, 1.25, 0.54688],
			"to": [-0.81641, 1.5, 0.79688],
			"rotation": {"angle": 0, "axis": "y", "origin": [0.30859, 0, 0.87891]},
			"faces": {
				"north": {"uv": [7, 4.5, 8.75, 9.5], "texture": "#1"},
				"east": {"uv": [7, 4.5, 8.75, 9.5], "texture": "#1"},
				"south": {"uv": [7, 4.5, 8.75, 9.5], "texture": "#1"},
				"west": {"uv": [7, 4.5, 8.75, 9.5], "texture": "#1"},
				"up": {"uv": [10, 7.5, 10.75, 10.25], "rotation": 270, "texture": "#1"},
				"down": {"uv": [7, 4.5, 8.75, 10.75], "texture": "#1"}
			}
		},
		{
			"from": [-1.81641, 1.25, -0.20312],
			"to": [-0.81641, 1.75, 0.54688],
			"rotation": {"angle": 0, "axis": "y", "origin": [0.30859, 0, 0.87891]},
			"faces": {
				"north": {"uv": [8, 8, 9.75, 10.5], "texture": "#1"},
				"east": {"uv": [8, 8, 9.75, 10.5], "texture": "#1"},
				"south": {"uv": [8, 8, 9.75, 10.5], "texture": "#1"},
				"west": {"uv": [8, 8, 9.75, 10.5], "texture": "#1"},
				"up": {"uv": [7, 7, 10.75, 9.75], "texture": "#1"},
				"down": {"uv": [8, 8, 9.75, 10.75], "texture": "#1"}
			}
		},
		{
			"from": [-1.81641, 1.25, -0.45312],
			"to": [-0.81641, 1.5, -0.20312],
			"rotation": {"angle": 0, "axis": "y", "origin": [0.30859, 0, 0.87891]},
			"faces": {
				"north": {"uv": [7, 6, 8.75, 8.5], "texture": "#1"},
				"east": {"uv": [7, 6, 8.75, 8.5], "texture": "#1"},
				"south": {"uv": [7, 6, 8.75, 8.5], "texture": "#1"},
				"west": {"uv": [7, 6, 8.75, 8.5], "texture": "#1"},
				"up": {"uv": [9, 8.5, 12.25, 9.75], "texture": "#1"},
				"down": {"uv": [7, 6, 8.75, 9.75], "texture": "#1"}
			}
		},
		{
			"from": [-1.09766, 1.25, 0.15234],
			"to": [-0.84766, 1.5, 1.15234],
			"rotation": {"angle": 45, "axis": "y", "origin": [0.30859, 0, 0.87891]},
			"faces": {
				"north": {"uv": [7, 4.5, 8.75, 9.5], "texture": "#1"},
				"east": {"uv": [7, 4.5, 8.75, 9.5], "texture": "#1"},
				"south": {"uv": [7, 4.5, 8.75, 9.5], "texture": "#1"},
				"west": {"uv": [7, 4.5, 8.75, 9.5], "texture": "#1"},
				"up": {"uv": [10, 7.5, 10.75, 10.25], "texture": "#1"},
				"down": {"uv": [7, 4.5, 8.75, 10.75], "rotation": 270, "texture": "#1"}
			}
		},
		{
			"from": [-0.84766, 1.25, 0.15234],
			"to": [-0.09766, 1.75, 1.15234],
			"rotation": {"angle": 45, "axis": "y", "origin": [0.30859, 0, 0.87891]},
			"faces": {
				"north": {"uv": [8, 8, 9.75, 10.5], "texture": "#1"},
				"east": {"uv": [8, 8, 9.75, 10.5], "texture": "#1"},
				"south": {"uv": [8, 8, 9.75, 10.5], "texture": "#1"},
				"west": {"uv": [8, 8, 9.75, 10.5], "texture": "#1"},
				"up": {"uv": [7, 8, 10.75, 10.75], "rotation": 90, "texture": "#1"},
				"down": {"uv": [8, 8, 9.75, 10.75], "rotation": 270, "texture": "#1"}
			}
		},
		{
			"from": [-0.09766, 1.25, 0.15234],
			"to": [0.15234, 1.5, 1.15234],
			"rotation": {"angle": 45, "axis": "y", "origin": [0.30859, 0, 0.87891]},
			"faces": {
				"north": {"uv": [7, 6, 8.75, 8.5], "texture": "#1"},
				"east": {"uv": [7, 6, 8.75, 8.5], "texture": "#1"},
				"south": {"uv": [7, 6, 8.75, 8.5], "texture": "#1"},
				"west": {"uv": [7, 6, 8.75, 8.5], "texture": "#1"},
				"up": {"uv": [7.5, 7, 10.75, 8.25], "rotation": 90, "texture": "#1"},
				"down": {"uv": [7, 6, 8.75, 9.75], "rotation": 270, "texture": "#1"}
			}
		},
		{
			"from": [-2.30469, 1.25, 1.21484],
			"to": [-1.30469, 1.5, 1.46484],
			"rotation": {"angle": 22.5, "axis": "y", "origin": [0.30859, 0, 0.87891]},
			"faces": {
				"north": {"uv": [7, 4.5, 8.75, 9.5], "texture": "#1"},
				"east": {"uv": [7, 4.5, 8.75, 9.5], "texture": "#1"},
				"south": {"uv": [7, 4.5, 8.75, 9.5], "texture": "#1"},
				"west": {"uv": [7, 4.5, 8.75, 9.5], "texture": "#1"},
				"up": {"uv": [10, 7.5, 10.75, 10.25], "rotation": 270, "texture": "#1"},
				"down": {"uv": [7, 4.5, 8.75, 10.75], "texture": "#1"}
			}
		},
		{
			"from": [-2.30469, 1.25, 0.46484],
			"to": [-1.30469, 1.75, 1.21484],
			"rotation": {"angle": 22.5, "axis": "y", "origin": [0.30859, 0, 0.87891]},
			"faces": {
				"north": {"uv": [8, 8, 9.75, 10.5], "texture": "#1"},
				"east": {"uv": [8, 8, 9.75, 10.5], "texture": "#1"},
				"south": {"uv": [8, 8, 9.75, 10.5], "texture": "#1"},
				"west": {"uv": [8, 8, 9.75, 10.5], "texture": "#1"},
				"up": {"uv": [8, 6, 11.75, 8.75], "texture": "#1"},
				"down": {"uv": [8, 8, 9.75, 10.75], "texture": "#1"}
			}
		},
		{
			"from": [-2.30469, 1.25, 0.21484],
			"to": [-1.30469, 1.5, 0.46484],
			"rotation": {"angle": 22.5, "axis": "y", "origin": [0.30859, 0, 0.87891]},
			"faces": {
				"north": {"uv": [7, 6, 8.75, 8.5], "texture": "#1"},
				"east": {"uv": [7, 6, 8.75, 8.5], "texture": "#1"},
				"south": {"uv": [7, 6, 8.75, 8.5], "texture": "#1"},
				"west": {"uv": [7, 6, 8.75, 8.5], "texture": "#1"},
				"up": {"uv": [9, 6, 12.25, 7.25], "texture": "#1"},
				"down": {"uv": [7, 6, 8.75, 9.75], "texture": "#1"}
			}
		}
	],
	"display": {
		"thirdperson_righthand": {
			"rotation": [68, 0, 0],
			"translation": [21, -5, 21.25],
			"scale": [2.5, 2.5, 2.5]
		},
		"thirdperson_lefthand": {
			"rotation": [68, 0, 0],
			"translation": [-21, -5, 21.25],
			"scale": [2.5, 2.5, 2.5]
		},
		"firstperson_righthand": {
			"translation": [50, 9, 2],
			"scale": [4, 4, 4]
		},
		"firstperson_lefthand": {
			"translation": [-6, 9, 2],
			"scale": [4, 4, 4]
		},
		"gui": {
			"rotation": [45, 45, 0],
			"translation": [26, 14, 0],
			"scale": [2.4, 2.4, 2.4]
		},
		"head": {
			"translation": [33.5, 21.5, 27.75],
			"scale": [4, 4, 4]
		}
	},
	"groups": [
		0,
		1,
		2,
		3,
		4,
		5,
		{
			"name": "group",
			"origin": [0, -3, 0],
			"color": 0,
			"children": []
		},
		{
			"name": "group",
			"origin": [0, -3, 0],
			"color": 0,
			"children": []
		},
		{
			"name": "group",
			"origin": [0, 0, 0],
			"color": 0,
			"children": [6, 7, 8]
		},
		{
			"name": "group",
			"origin": [0, 0, 0],
			"color": 0,
			"children": []
		},
		{
			"name": "group",
			"origin": [0, 0, 0],
			"color": 0,
			"children": [9, 10, 11, 12, 13, 14, 15, 16, 17, 18, 19, 20, 21, 22, 23]
		}
	]
}