{
	"credit": "Made with Blockbench",
	"textures": {
		"0": "block/bee_nest_bottom",
		"1": "block/yellow_wool",
		"2": "item/rotten_flesh",
		"3": "block/red_shulker_box",
		"4": "block/blackstone",
		"particle": "block/bee_nest_bottom"
	},
	"elements": [
		{
			"from": [1.25, 0.22266, -0.25],
			"to": [2.5, 1.75, 7],
			"faces": {
				"north": {"uv": [1, 4.5, 2.75, 9.5], "texture": "#0"},
				"east": {"uv": [1, 4.5, 2.75, 9.5], "texture": "#0"},
				"south": {"uv": [1, 4.5, 2.75, 9.5], "texture": "#0"},
				"west": {"uv": [1, 4.5, 2.75, 9.5], "texture": "#0"},
				"up": {"uv": [1, 4.5, 2.75, 10.75], "texture": "#0"},
				"down": {"uv": [1, 4.5, 2.75, 10.75], "texture": "#0"}
			}
		},
		{
			"from": [0.75, 0.71484, -0.08984],
			"to": [1.27344, 0.84766, 6.83984],
			"faces": {
				"north": {"uv": [1, 4.5, 2.75, 9.5], "texture": "#3"},
				"east": {"uv": [1, 4.5, 2.75, 9.5], "texture": "#3"},
				"south": {"uv": [1, 4.5, 2.75, 9.5], "texture": "#3"},
				"west": {"uv": [1, 4.5, 2.75, 9.5], "texture": "#3"},
				"up": {"uv": [1, 4.5, 2.75, 10.75], "texture": "#3"},
				"down": {"uv": [1, 4.5, 2.75, 10.75], "texture": "#3"}
			}
		},
		{
			"from": [-3.90625, 0.25, 4.30859],
			"to": [3.84375, 0.75391, 5.97266],
			"rotation": {"angle": -22.5, "axis": "y", "origin": [0, 0, 0]},
			"faces": {
				"north": {"uv": [4, 3, 4.75, 4.5], "texture": "#1"},
				"east": {"uv": [4, 3, 4.75, 4.5], "texture": "#1"},
				"south": {"uv": [4, 3, 4.75, 4.5], "texture": "#1"},
				"west": {"uv": [4, 3, 4.75, 4.5], "texture": "#1"},
				"up": {"uv": [4, 3, 4.75, 5.75], "texture": "#1"},
				"down": {"uv": [4, 3, 4.75, 5.75], "texture": "#0"}
			}
		},
		{
			"from": [-3.1875, 0.25781, 1.62891],
			"to": [1.89063, 0.70703, 5.14453],
			"rotation": {"angle": 0, "axis": "y", "origin": [0, 0, 16]},
			"faces": {
				"north": {"uv": [2.75, 4.5, 1, 9.5], "texture": "#1"},
				"east": {"uv": [2.75, 4.5, 1, 9.5], "texture": "#1"},
				"south": {"uv": [2.75, 4.5, 1, 9.5], "texture": "#1"},
				"west": {"uv": [2.75, 4.5, 1, 9.5], "texture": "#1"},
				"up": {"uv": [1, 10.75, 2.75, 4.5], "texture": "#1"},
				"down": {"uv": [1, 10.75, 2.75, 4.5], "texture": "#0"}
			}
		},
		{
			"from": [-1.08203, 0.73047, 3.16016],
			"to": [-0.00391, 0.82031, 4.17578],
			"rotation": {"angle": -45, "axis": "y", "origin": [-0.5, 0.5, 2]},
			"faces": {
				"north": {"uv": [10.75, 6.5, 9, 10], "texture": "#2"},
				"east": {"uv": [10.75, 6.5, 9, 10], "texture": "#2"},
				"south": {"uv": [10.75, 6.5, 9, 10], "texture": "#2"},
				"west": {"uv": [10.75, 6.5, 9, 10], "texture": "#2"},
				"up": {"uv": [9, 9.75, 10.75, 6.5], "texture": "#2"},
				"down": {"uv": [9, 11.25, 10.75, 6.5], "texture": "#2"}
			}
		},
		{
			"from": [-3.69141, 0.73047, 4.42578],
			"to": [-2.61328, 0.82031, 5.44141],
			"rotation": {"angle": -22.5, "axis": "y", "origin": [-0.5, 0.5, 2]},
			"faces": {
				"north": {"uv": [10.75, 6.5, 9, 10], "texture": "#2"},
				"east": {"uv": [10.75, 6.5, 9, 10], "texture": "#2"},
				"south": {"uv": [10.75, 6.5, 9, 10], "texture": "#2"},
				"west": {"uv": [10.75, 6.5, 9, 10], "texture": "#2"},
				"up": {"uv": [9, 9.75, 10.75, 6.5], "texture": "#2"},
				"down": {"uv": [9, 11.25, 10.75, 6.5], "texture": "#2"}
			}
		},
		{
			"from": [-0.40625, 0.73047, 1.58594],
			"to": [0.67188, 0.82031, 2.60156],
			"rotation": {"angle": 45, "axis": "y", "origin": [-0.5, 0.5, 2]},
			"faces": {
				"north": {"uv": [10.75, 6.5, 9, 10], "texture": "#2"},
				"east": {"uv": [10.75, 6.5, 9, 10], "texture": "#2"},
				"south": {"uv": [10.75, 6.5, 9, 10], "texture": "#2"},
				"west": {"uv": [10.75, 6.5, 9, 10], "texture": "#2"},
				"up": {"uv": [9, 9.75, 10.75, 6.5], "texture": "#2"},
				"down": {"uv": [9, 11.25, 10.75, 6.5], "texture": "#2"}
			}
		},
		{
			"from": [-1.34375, 0.73047, 3.08594],
			"to": [-0.82812, 0.82031, 3.60156],
			"rotation": {"angle": 45, "axis": "y", "origin": [-0.5, 0.5, 2]},
			"faces": {
				"north": {"uv": [10.75, 6.5, 9, 10], "texture": "#4"},
				"east": {"uv": [10.75, 6.5, 9, 10], "texture": "#4"},
				"south": {"uv": [10.75, 6.5, 9, 10], "texture": "#4"},
				"west": {"uv": [10.75, 6.5, 9, 10], "texture": "#4"},
				"up": {"uv": [9, 9.75, 10.75, 6.5], "texture": "#4"},
				"down": {"uv": [9, 11.25, 10.75, 6.5], "texture": "#4"}
			}
		},
		{
			"from": [-1.67578, 0.73047, 1.42969],
			"to": [-1.16016, 0.82031, 1.94531],
			"rotation": {"angle": 0, "axis": "y", "origin": [-0.5, 0.5, 2]},
			"faces": {
				"north": {"uv": [10.75, 6.5, 9, 10], "texture": "#4"},
				"east": {"uv": [10.75, 6.5, 9, 10], "texture": "#4"},
				"south": {"uv": [10.75, 6.5, 9, 10], "texture": "#4"},
				"west": {"uv": [10.75, 6.5, 9, 10], "texture": "#4"},
				"up": {"uv": [9, 9.75, 10.75, 6.5], "rotation": 270, "texture": "#4"},
				"down": {"uv": [9, 11.25, 10.75, 6.5], "rotation": 90, "texture": "#4"}
			}
		},
		{
			"from": [-3.35937, 0.73047, 3.38672],
			"to": [-2.84375, 0.82031, 3.90234],
			"rotation": {"angle": 22.5, "axis": "y", "origin": [-0.5, 0.5, 2]},
			"faces": {
				"north": {"uv": [10.75, 6.5, 9, 10], "texture": "#4"},
				"east": {"uv": [10.75, 6.5, 9, 10], "texture": "#4"},
				"south": {"uv": [10.75, 6.5, 9, 10], "texture": "#4"},
				"west": {"uv": [10.75, 6.5, 9, 10], "texture": "#4"},
				"up": {"uv": [9, 9.75, 10.75, 6.5], "rotation": 270, "texture": "#4"},
				"down": {"uv": [9, 11.25, 10.75, 6.5], "rotation": 90, "texture": "#4"}
			}
		},
		{
			"from": [-3.44922, 0.73047, 1.09766],
			"to": [-2.93359, 0.82031, 1.61328],
			"rotation": {"angle": 22.5, "axis": "y", "origin": [-0.5, 0.5, 2]},
			"faces": {
				"north": {"uv": [10.75, 6.5, 9, 10], "texture": "#4"},
				"east": {"uv": [10.75, 6.5, 9, 10], "texture": "#4"},
				"south": {"uv": [10.75, 6.5, 9, 10], "texture": "#4"},
				"west": {"uv": [10.75, 6.5, 9, 10], "texture": "#4"},
				"up": {"uv": [9, 9.75, 10.75, 6.5], "rotation": 180, "texture": "#4"},
				"down": {"uv": [9, 11.25, 10.75, 6.5], "rotation": 180, "texture": "#4"}
			}
		},
		{
			"from": [-1.1875, 0.73047, 4.62891],
			"to": [-0.10937, 0.82031, 5.64453],
			"rotation": {"angle": 0, "axis": "y", "origin": [-0.5, 0.5, 2]},
			"faces": {
				"north": {"uv": [10.75, 7.5, 9, 10], "texture": "#2"},
				"east": {"uv": [10.75, 7.5, 9, 10], "texture": "#2"},
				"south": {"uv": [10.75, 7.5, 9, 10], "texture": "#2"},
				"west": {"uv": [10.75, 7.5, 9, 10], "texture": "#2"},
				"up": {"uv": [9, 11.25, 10.75, 7.5], "texture": "#2"},
				"down": {"uv": [9, 11.25, 10.75, 7.5], "texture": "#2"}
			}
		},
		{
			"from": [-0.35937, 0.23828, 1.47656],
			"to": [7.39063, 0.75, 3.16016],
			"rotation": {"angle": 22.5, "axis": "y", "origin": [0, 0, 16]},
			"faces": {
				"north": {"uv": [4.75, 3, 4, 4.5], "texture": "#1"},
				"east": {"uv": [4.75, 3, 4, 4.5], "texture": "#1"},
				"south": {"uv": [4.75, 3, 4, 4.5], "texture": "#1"},
				"west": {"uv": [4.75, 3, 4, 4.5], "texture": "#1"},
				"up": {"uv": [4, 5.75, 4.75, 3], "texture": "#1"},
				"down": {"uv": [4, 5.75, 4.75, 3], "texture": "#0"}
			}
		}
	],
	"display": {
		"thirdperson_righthand": {
			"rotation": [71.95, -90, 4.45],
			"translation": [-4.5, -3, 8.75]
		},
		"thirdperson_lefthand": {
			"rotation": [69, 90, 0],
			"translation": [4.75, -3.25, 8.5]
		},
		"firstperson_righthand": {
			"translation": [50, 6, 2],
			"scale": [4, 4, 4]
		},
		"firstperson_lefthand": {
			"translation": [-4.75, 5.75, 2],
			"scale": [4, 4, 4]
		},
		"gui": {
			"rotation": [51.75, 43, 0],
			"translation": [13.75, 9, 0],
			"scale": [1.5, 1.5, 1.5]
		},
		"head": {
			"translation": [12.25, 5.75, 6.5],
			"scale": [1.4, 1.4, 1.4]
		}
	}
}