{
	"credit": "Made with Blockbench",
	"textures": {
		"0": "block/bee_nest_bottom",
		"1": "item/salmon",
		"2": "block/yellow_concrete_powder",
		"particle": "block/bee_nest_bottom"
	},
	"elements": [
		{
			"from": [-0.25, 0.25, -0.25],
			"to": [2.5, 1.75, 7],
			"faces": {
				"north": {"uv": [1, 4.5, 2.75, 9.5], "texture": "#0"},
				"east": {"uv": [1, 4.5, 2.75, 9.5], "texture": "#0"},
				"south": {"uv": [1, 4.5, 2.75, 9.5], "texture": "#0"},
				"west": {"uv": [1, 4.5, 2.75, 9.5], "texture": "#0"},
				"up": {"uv": [1, 4.5, 2.75, 10.75], "texture": "#0"},
				"down": {"uv": [1, 4.5, 2.75, 10.75], "texture": "#0"}
			}
		},
		{
			"from": [0.5, 0.75, -1.25],
			"to": [1.75, 2, 8],
			"faces": {
				"north": {"uv": [11, 5.5, 10.25, 5], "texture": "#1"},
				"east": {"uv": [8.5, 5, 9.75, 8], "texture": "#1"},
				"south": {"uv": [11, 5.5, 10.25, 5], "texture": "#1"},
				"west": {"uv": [8.5, 5, 9.75, 8], "texture": "#1"},
				"up": {"uv": [8.5, 5, 9.75, 9.25], "texture": "#1"},
				"down": {"uv": [8.5, 5, 9.75, 9.25], "texture": "#1"}
			}
		},
		{
			"from": [1.35938, 1.87109, -0.42187],
			"to": [1.60938, 2.12109, 0.58984],
			"rotation": {"angle": -45, "axis": "y", "origin": [0, 0, 0.32813]},
			"faces": {
				"north": {"uv": [11, 5.5, 10.25, 5], "texture": "#2"},
				"east": {"uv": [8.5, 5, 9.75, 8], "texture": "#2"},
				"south": {"uv": [11, 5.5, 10.25, 5], "texture": "#2"},
				"west": {"uv": [8.5, 5, 9.75, 8], "texture": "#2"},
				"up": {"uv": [8.5, 5, 9.75, 9.25], "texture": "#2"},
				"down": {"uv": [8.5, 5, 9.75, 9.25], "texture": "#2"}
			}
		},
		{
			"from": [2.35547, 1.87109, 0.82031],
			"to": [2.60547, 2.12109, 1.64844],
			"rotation": {"angle": -45, "axis": "y", "origin": [0, 0, 0.32813]},
			"faces": {
				"north": {"uv": [11, 5.5, 10.25, 5], "texture": "#2"},
				"east": {"uv": [8.5, 5, 9.75, 8], "texture": "#2"},
				"south": {"uv": [11, 5.5, 10.25, 5], "texture": "#2"},
				"west": {"uv": [8.5, 5, 9.75, 8], "texture": "#2"},
				"up": {"uv": [8.5, 5, 9.75, 9.25], "texture": "#2"},
				"down": {"uv": [8.5, 5, 9.75, 9.25], "texture": "#2"}
			}
		},
		{
			"from": [-0.50391, 1.87109, 1.68359],
			"to": [-0.25391, 2.12109, 2.93359],
			"rotation": {"angle": 45, "axis": "y", "origin": [0, 0, 0.32813]},
			"faces": {
				"north": {"uv": [11, 5.5, 10.25, 5], "texture": "#2"},
				"east": {"uv": [8.5, 5, 9.75, 8], "texture": "#2"},
				"south": {"uv": [11, 5.5, 10.25, 5], "texture": "#2"},
				"west": {"uv": [8.5, 5, 9.75, 8], "texture": "#2"},
				"up": {"uv": [8.5, 5, 9.75, 9.25], "rotation": 180, "texture": "#2"},
				"down": {"uv": [8.5, 5, 9.75, 9.25], "rotation": 180, "texture": "#2"}
			}
		},
		{
			"from": [-0.50391, 1.87109, 0.25781],
			"to": [-0.25391, 2.12109, 1.28125],
			"rotation": {"angle": 45, "axis": "y", "origin": [0, 0, -1.09766]},
			"faces": {
				"north": {"uv": [11, 5.5, 10.25, 5], "texture": "#2"},
				"east": {"uv": [8.5, 5, 9.75, 8], "texture": "#2"},
				"south": {"uv": [11, 5.5, 10.25, 5], "texture": "#2"},
				"west": {"uv": [8.5, 5, 9.75, 8], "texture": "#2"},
				"up": {"uv": [8.5, 5, 9.75, 9.25], "rotation": 180, "texture": "#2"},
				"down": {"uv": [8.5, 5, 9.75, 9.25], "rotation": 180, "texture": "#2"}
			}
		},
		{
			"from": [1.35938, 1.87109, -1.84766],
			"to": [1.60938, 2.12109, -0.83594],
			"rotation": {"angle": -45, "axis": "y", "origin": [0, 0, -1.09766]},
			"faces": {
				"north": {"uv": [11, 5.5, 10.25, 5], "texture": "#2"},
				"east": {"uv": [8.5, 5, 9.75, 8], "texture": "#2"},
				"south": {"uv": [11, 5.5, 10.25, 5], "texture": "#2"},
				"west": {"uv": [8.5, 5, 9.75, 8], "texture": "#2"},
				"up": {"uv": [8.5, 5, 9.75, 9.25], "texture": "#2"},
				"down": {"uv": [8.5, 5, 9.75, 9.25], "texture": "#2"}
			}
		},
		{
			"from": [-0.50391, 1.87109, 4.51172],
			"to": [-0.25391, 2.12109, 5.76172],
			"rotation": {"angle": 45, "axis": "y", "origin": [0, 0, 3.15625]},
			"faces": {
				"north": {"uv": [11, 5.5, 10.25, 5], "texture": "#2"},
				"east": {"uv": [8.5, 5, 9.75, 8], "texture": "#2"},
				"south": {"uv": [11, 5.5, 10.25, 5], "texture": "#2"},
				"west": {"uv": [8.5, 5, 9.75, 8], "texture": "#2"},
				"up": {"uv": [8.5, 5, 9.75, 9.25], "rotation": 180, "texture": "#2"},
				"down": {"uv": [8.5, 5, 9.75, 9.25], "rotation": 180, "texture": "#2"}
			}
		},
		{
			"from": [2.35547, 1.87109, 3.64844],
			"to": [2.60547, 2.12109, 4.47656],
			"rotation": {"angle": -45, "axis": "y", "origin": [0, 0, 3.15625]},
			"faces": {
				"north": {"uv": [11, 5.5, 10.25, 5], "texture": "#2"},
				"east": {"uv": [8.5, 5, 9.75, 8], "texture": "#2"},
				"south": {"uv": [11, 5.5, 10.25, 5], "texture": "#2"},
				"west": {"uv": [8.5, 5, 9.75, 8], "texture": "#2"},
				"up": {"uv": [8.5, 5, 9.75, 9.25], "texture": "#2"},
				"down": {"uv": [8.5, 5, 9.75, 9.25], "texture": "#2"}
			}
		},
		{
			"from": [-0.50391, 1.87109, 5.92969],
			"to": [-0.25391, 2.12109, 7.17969],
			"rotation": {"angle": 45, "axis": "y", "origin": [0, 0, 4.57422]},
			"faces": {
				"north": {"uv": [11, 5.5, 10.25, 5], "texture": "#2"},
				"east": {"uv": [8.5, 5, 9.75, 8], "texture": "#2"},
				"south": {"uv": [11, 5.5, 10.25, 5], "texture": "#2"},
				"west": {"uv": [8.5, 5, 9.75, 8], "texture": "#2"},
				"up": {"uv": [8.5, 5, 9.75, 9.25], "rotation": 180, "texture": "#2"},
				"down": {"uv": [8.5, 5, 9.75, 9.25], "rotation": 180, "texture": "#2"}
			}
		},
		{
			"from": [2.35547, 1.87109, 5.06641],
			"to": [2.60547, 2.12109, 5.89453],
			"rotation": {"angle": -45, "axis": "y", "origin": [0, 0, 4.57422]},
			"faces": {
				"north": {"uv": [11, 5.5, 10.25, 5], "texture": "#2"},
				"east": {"uv": [8.5, 5, 9.75, 8], "texture": "#2"},
				"south": {"uv": [11, 5.5, 10.25, 5], "texture": "#2"},
				"west": {"uv": [8.5, 5, 9.75, 8], "texture": "#2"},
				"up": {"uv": [8.5, 5, 9.75, 9.25], "texture": "#2"},
				"down": {"uv": [8.5, 5, 9.75, 9.25], "texture": "#2"}
			}
		},
		{
			"from": [-0.50391, 1.87109, 3.09766],
			"to": [-0.25391, 2.12109, 4.34766],
			"rotation": {"angle": 45, "axis": "y", "origin": [0, 0, 1.74219]},
			"faces": {
				"north": {"uv": [11, 5.5, 10.25, 5], "texture": "#2"},
				"east": {"uv": [8.5, 5, 9.75, 8], "texture": "#2"},
				"south": {"uv": [11, 5.5, 10.25, 5], "texture": "#2"},
				"west": {"uv": [8.5, 5, 9.75, 8], "texture": "#2"},
				"up": {"uv": [8.5, 5, 9.75, 9.25], "rotation": 180, "texture": "#2"},
				"down": {"uv": [8.5, 5, 9.75, 9.25], "rotation": 180, "texture": "#2"}
			}
		},
		{
			"from": [2.35547, 1.87109, 2.23438],
			"to": [2.60547, 2.12109, 3.08594],
			"rotation": {"angle": -45, "axis": "y", "origin": [0, 0, 1.74219]},
			"faces": {
				"north": {"uv": [11, 5.5, 10.25, 5], "texture": "#2"},
				"east": {"uv": [8.5, 5, 9.75, 8], "texture": "#2"},
				"south": {"uv": [11, 5.5, 10.25, 5], "texture": "#2"},
				"west": {"uv": [8.5, 5, 9.75, 8], "texture": "#2"},
				"up": {"uv": [8.5, 5, 9.75, 9.25], "texture": "#2"},
				"down": {"uv": [8.5, 5, 9.75, 9.25], "texture": "#2"}
			}
		}
	],
	"display": {
		"thirdperson_righthand": {
			"rotation": [71.95, -90, 4.45],
			"translation": [-4.5, -3, 8.75]
		},
		"thirdperson_lefthand": {
			"rotation": [69, 90, 0],
			"translation": [4.75, -3.25, 8.5]
		},
		"firstperson_righthand": {
			"translation": [50, 6, 2],
			"scale": [4, 4, 4]
		},
		"firstperson_lefthand": {
			"translation": [-4.75, 5.75, 2],
			"scale": [4, 4, 4]
		},
		"gui": {
			"rotation": [51.75, 43, 0],
			"translation": [13.75, 8.75, 0],
			"scale": [1.7, 1.7, 1.7]
		},
		"head": {
			"rotation": [0, -90, 0],
			"translation": [-8.5, 6, 12.25],
			"scale": [1.8, 1.8, 1.8]
		}
	}
}