{
	"credit": "Made with Blockbench",
	"textures": {
		"0": "block/glass_pane_top",
		"1": "block/white_terracotta",
		"2": "block/redstone_block",
		"3": "block/brown_terracotta",
		"5": "block/bee_nest_side",
		"6": "block/green_concrete_powder",
		"7": "block/pink_concrete",
		"particle": "block/glass_pane_top"
	},
	"elements": [
		{
			"from": [-1.25, -0.25, -0.25],
			"to": [3.5, 0.25, 2.5],
			"faces": {
				"north": {"uv": [7, 4.5, 8.75, 9.5], "texture": "#0"},
				"east": {"uv": [7, 4.5, 8.75, 9.5], "texture": "#0"},
				"south": {"uv": [7, 4.5, 8.75, 9.5], "texture": "#0"},
				"west": {"uv": [7, 4.5, 8.75, 9.5], "texture": "#0"},
				"up": {"uv": [7, 4.5, 8.75, 10.75], "texture": "#0"},
				"down": {"uv": [7, 4.5, 8.75, 10.75], "texture": "#0"}
			}
		},
		{
			"from": [-2.25, 0.25, -0.75],
			"to": [4.5, 1.25, 3],
			"faces": {
				"north": {"uv": [7, 4.5, 8.75, 9.5], "texture": "#0"},
				"east": {"uv": [7, 4.5, 8.75, 9.5], "texture": "#0"},
				"south": {"uv": [7, 4.5, 8.75, 9.5], "texture": "#0"},
				"west": {"uv": [7, 4.5, 8.75, 9.5], "texture": "#0"},
				"up": {"uv": [7, 4.5, 8.75, 10.75], "texture": "#0"},
				"down": {"uv": [7, 4.5, 8.75, 10.75], "texture": "#0"}
			}
		},
		{
			"from": [-2.75, 0.75, 1.75],
			"to": [5, 1.75, 2.75],
			"faces": {
				"north": {"uv": [8, 0.5, 13.75, 1.5], "texture": "#5"},
				"east": {"uv": [8, 0.5, 13.75, 1.5], "texture": "#5"},
				"south": {"uv": [8, 0.5, 13.75, 1.5], "texture": "#5"},
				"west": {"uv": [8, 0.5, 13.75, 1.5], "texture": "#5"},
				"up": {"uv": [8, 0.5, 13.75, 1.75], "texture": "#5"},
				"down": {"uv": [8, 0.5, 13.75, 1.75], "texture": "#5"}
			}
		},
		{
			"from": [-2.75, 0.75, -0.5],
			"to": [5, 1.75, 0.5],
			"faces": {
				"north": {"uv": [8, 0.5, 13.75, 1.5], "texture": "#5"},
				"east": {"uv": [8, 0.5, 13.75, 1.5], "texture": "#5"},
				"south": {"uv": [8, 0.5, 13.75, 1.5], "texture": "#5"},
				"west": {"uv": [8, 0.5, 13.75, 1.5], "texture": "#5"},
				"up": {"uv": [8, 0.5, 13.75, 1.75], "texture": "#5"},
				"down": {"uv": [8, 0.5, 13.75, 1.75], "texture": "#5"}
			}
		},
		{
			"from": [-1.5, 1.25, 0],
			"to": [0.75, 2.25, 2.25],
			"rotation": {"angle": 0, "axis": "y", "origin": [-1.5, -3, 0]},
			"faces": {
				"north": {"uv": [0, 0, 2.75, 1.5], "texture": "#1"},
				"east": {"uv": [0, 0, 2.75, 1.5], "texture": "#1"},
				"south": {"uv": [0, 0, 2.75, 1.5], "texture": "#1"},
				"west": {"uv": [0, 0, 2.75, 1.5], "texture": "#1"},
				"up": {"uv": [0, 0, 2.75, 2.75], "texture": "#1"},
				"down": {"uv": [0, 0, 2.75, 2.75], "texture": "#1"}
			}
		},
		{
			"from": [-1.25, 2.25, 0.25],
			"to": [0.5, 2.75, 2],
			"rotation": {"angle": 0, "axis": "y", "origin": [1, -3, 0]},
			"faces": {
				"north": {"uv": [0, 0, 2.75, 1.5], "texture": "#1"},
				"east": {"uv": [0, 0, 2.75, 1.5], "texture": "#1"},
				"south": {"uv": [0, 0, 2.75, 1.5], "texture": "#1"},
				"west": {"uv": [0, 0, 2.75, 1.5], "texture": "#1"},
				"up": {"uv": [0, 0, 2.75, 2.75], "texture": "#1"},
				"down": {"uv": [0, 0, 2.75, 2.75], "texture": "#1"}
			}
		},
		{
			"from": [-0.75, 2.75, 0.75],
			"to": [0, 3, 1.5],
			"rotation": {"angle": 0, "axis": "y", "origin": [-1.5, -3, 0]},
			"faces": {
				"north": {"uv": [0, 0, 2.75, 1.5], "texture": "#1"},
				"east": {"uv": [0, 0, 2.75, 1.5], "texture": "#1"},
				"south": {"uv": [0, 0, 2.75, 1.5], "texture": "#1"},
				"west": {"uv": [0, 0, 2.75, 1.5], "texture": "#1"},
				"up": {"uv": [0, 0, 2.75, 2.75], "texture": "#1"},
				"down": {"uv": [0, 0, 2.75, 2.75], "texture": "#1"}
			}
		},
		{
			"from": [-0.16797, 2.67578, 1.17969],
			"to": [-0.0625, 2.79688, 1.35938],
			"rotation": {"angle": -22.5, "axis": "y", "origin": [-1.5, -3, 0]},
			"faces": {
				"north": {"uv": [0, 0, 2.75, 1.5], "texture": "#7"},
				"east": {"uv": [0, 0, 2.75, 1.5], "texture": "#7"},
				"south": {"uv": [0, 0, 2.75, 1.5], "texture": "#7"},
				"west": {"uv": [0, 0, 2.75, 1.5], "texture": "#7"},
				"up": {"uv": [0, 0, 2.75, 2.75], "texture": "#7"},
				"down": {"uv": [0, 0, 2.75, 2.75], "texture": "#7"}
			}
		},
		{
			"from": [-1.39844, 2.24609, -0.97266],
			"to": [-1.29297, 2.36719, -0.79297],
			"rotation": {"angle": 22.5, "axis": "x", "origin": [-1.5, -3, 0]},
			"faces": {
				"north": {"uv": [0, 0, 2.75, 1.5], "texture": "#3"},
				"east": {"uv": [0, 0, 2.75, 1.5], "texture": "#3"},
				"south": {"uv": [0, 0, 2.75, 1.5], "texture": "#3"},
				"west": {"uv": [0, 0, 2.75, 1.5], "texture": "#3"},
				"up": {"uv": [0, 0, 2.75, 2.75], "texture": "#3"},
				"down": {"uv": [0, 0, 2.75, 2.75], "texture": "#3"}
			}
		},
		{
			"from": [-2.11328, 2.94531, 1.06641],
			"to": [-2.00781, 3.06641, 1.24609],
			"rotation": {"angle": -22.5, "axis": "z", "origin": [-1.5, -3, 0]},
			"faces": {
				"north": {"uv": [0, 0, 2.75, 1.5], "texture": "#6"},
				"east": {"uv": [0, 0, 2.75, 1.5], "texture": "#6"},
				"south": {"uv": [0, 0, 2.75, 1.5], "texture": "#6"},
				"west": {"uv": [0, 0, 2.75, 1.5], "texture": "#6"},
				"up": {"uv": [0, 0, 2.75, 2.75], "texture": "#6"},
				"down": {"uv": [0, 0, 2.75, 2.75], "texture": "#6"}
			}
		},
		{
			"from": [0.62109, 2.21484, 0.39453],
			"to": [0.72656, 2.33594, 0.57422],
			"rotation": {"angle": -45, "axis": "y", "origin": [0.5, 2, 0.5]},
			"faces": {
				"north": {"uv": [0, 0, 2.75, 1.5], "texture": "#7"},
				"east": {"uv": [0, 0, 2.75, 1.5], "texture": "#7"},
				"south": {"uv": [0, 0, 2.75, 1.5], "texture": "#7"},
				"west": {"uv": [0, 0, 2.75, 1.5], "texture": "#7"},
				"up": {"uv": [0, 0, 2.75, 2.75], "texture": "#7"},
				"down": {"uv": [0, 0, 2.75, 2.75], "texture": "#7"}
			}
		},
		{
			"from": [-0.57031, 2.21484, -0.07031],
			"to": [-0.46484, 2.33594, 0.10938],
			"rotation": {"angle": -22.5, "axis": "y", "origin": [-0.5, 2.30078, 0]},
			"faces": {
				"north": {"uv": [0, 0, 2.75, 1.5], "texture": "#6"},
				"east": {"uv": [0, 0, 2.75, 1.5], "texture": "#6"},
				"south": {"uv": [0, 0, 2.75, 1.5], "texture": "#6"},
				"west": {"uv": [0, 0, 2.75, 1.5], "texture": "#6"},
				"up": {"uv": [0, 0, 2.75, 2.75], "texture": "#6"},
				"down": {"uv": [0, 0, 2.75, 2.75], "texture": "#6"}
			}
		},
		{
			"from": [1.80078, 1.34375, 1.89453],
			"to": [1.90625, 1.46484, 2.07422],
			"rotation": {"angle": 22.5, "axis": "z", "origin": [-1.5, -3, 0]},
			"faces": {
				"north": {"uv": [0, 0, 2.75, 1.5], "texture": "#3"},
				"east": {"uv": [0, 0, 2.75, 1.5], "texture": "#3"},
				"south": {"uv": [0, 0, 2.75, 1.5], "texture": "#3"},
				"west": {"uv": [0, 0, 2.75, 1.5], "texture": "#3"},
				"up": {"uv": [0, 0, 2.75, 2.75], "texture": "#3"},
				"down": {"uv": [0, 0, 2.75, 2.75], "texture": "#3"}
			}
		},
		{
			"from": [0.77734, 1.89453, 0.05469],
			"to": [1.52734, 2.64453, 0.80469],
			"rotation": {"angle": 22.5, "axis": "z", "origin": [-1.5, -3, 0]},
			"faces": {
				"north": {"uv": [0, 0, 2.75, 1.5], "texture": "#2"},
				"east": {"uv": [0, 0, 2.75, 1.5], "texture": "#2"},
				"south": {"uv": [0, 0, 2.75, 1.5], "texture": "#2"},
				"west": {"uv": [0, 0, 2.75, 1.5], "texture": "#2"},
				"up": {"uv": [0, 0, 2.75, 2.75], "texture": "#2"},
				"down": {"uv": [0, 0, 2.75, 2.75], "texture": "#2"}
			}
		},
		{
			"from": [1.5, 1.25, 0],
			"to": [3.75, 2.25, 2.25],
			"rotation": {"angle": 0, "axis": "y", "origin": [3.75, -3, 0]},
			"faces": {
				"north": {"uv": [0, 0, 2.75, 1.5], "texture": "#3"},
				"east": {"uv": [0, 0, 2.75, 1.5], "texture": "#3"},
				"south": {"uv": [0, 0, 2.75, 1.5], "texture": "#3"},
				"west": {"uv": [0, 0, 2.75, 1.5], "texture": "#3"},
				"up": {"uv": [0, 0, 2.75, 2.75], "rotation": 90, "texture": "#3"},
				"down": {"uv": [0, 0, 2.75, 2.75], "rotation": 270, "texture": "#3"}
			}
		},
		{
			"from": [1.75, 2.25, 0.25],
			"to": [3.5, 2.75, 2],
			"rotation": {"angle": 0, "axis": "y", "origin": [3.75, -3, 2.5]},
			"faces": {
				"north": {"uv": [0, 0, 2.75, 1.5], "texture": "#3"},
				"east": {"uv": [0, 0, 2.75, 1.5], "texture": "#3"},
				"south": {"uv": [0, 0, 2.75, 1.5], "texture": "#3"},
				"west": {"uv": [0, 0, 2.75, 1.5], "texture": "#3"},
				"up": {"uv": [0, 0, 2.75, 2.75], "rotation": 90, "texture": "#3"},
				"down": {"uv": [0, 0, 2.75, 2.75], "rotation": 270, "texture": "#3"}
			}
		},
		{
			"from": [2.25, 2.75, 0.75],
			"to": [3, 3, 1.5],
			"rotation": {"angle": 0, "axis": "y", "origin": [3.75, -3, 0]},
			"faces": {
				"north": {"uv": [0, 0, 2.75, 1.5], "texture": "#3"},
				"east": {"uv": [0, 0, 2.75, 1.5], "texture": "#3"},
				"south": {"uv": [0, 0, 2.75, 1.5], "texture": "#3"},
				"west": {"uv": [0, 0, 2.75, 1.5], "texture": "#3"},
				"up": {"uv": [0, 0, 2.75, 2.75], "rotation": 90, "texture": "#3"},
				"down": {"uv": [0, 0, 2.75, 2.75], "rotation": 270, "texture": "#3"}
			}
		},
		{
			"from": [2.39062, 2.67578, 1.33203],
			"to": [2.57031, 2.79688, 1.4375],
			"rotation": {"angle": -22.5, "axis": "y", "origin": [3.75, -3, 0]},
			"faces": {
				"north": {"uv": [0, 0, 2.75, 1.5], "texture": "#7"},
				"east": {"uv": [0, 0, 2.75, 1.5], "texture": "#7"},
				"south": {"uv": [0, 0, 2.75, 1.5], "texture": "#7"},
				"west": {"uv": [0, 0, 2.75, 1.5], "texture": "#7"},
				"up": {"uv": [0, 0, 2.75, 2.75], "rotation": 90, "texture": "#7"},
				"down": {"uv": [0, 0, 2.75, 2.75], "rotation": 270, "texture": "#7"}
			}
		},
		{
			"from": [4.54297, 2.24609, 0.10156],
			"to": [4.72266, 2.36719, 0.20703],
			"rotation": {"angle": 22.5, "axis": "z", "origin": [3.75, -3, 0]},
			"faces": {
				"north": {"uv": [0, 0, 2.75, 1.5], "texture": "#6"},
				"east": {"uv": [0, 0, 2.75, 1.5], "texture": "#6"},
				"south": {"uv": [0, 0, 2.75, 1.5], "texture": "#6"},
				"west": {"uv": [0, 0, 2.75, 1.5], "texture": "#6"},
				"up": {"uv": [0, 0, 2.75, 2.75], "rotation": 90, "texture": "#6"},
				"down": {"uv": [0, 0, 2.75, 2.75], "rotation": 270, "texture": "#6"}
			}
		},
		{
			"from": [2.50391, 2.94531, -0.61328],
			"to": [2.68359, 3.06641, -0.50781],
			"rotation": {"angle": 22.5, "axis": "x", "origin": [3.75, -3, 0]},
			"faces": {
				"north": {"uv": [0, 0, 2.75, 1.5], "texture": "#6"},
				"east": {"uv": [0, 0, 2.75, 1.5], "texture": "#6"},
				"south": {"uv": [0, 0, 2.75, 1.5], "texture": "#6"},
				"west": {"uv": [0, 0, 2.75, 1.5], "texture": "#6"},
				"up": {"uv": [0, 0, 2.75, 2.75], "rotation": 90, "texture": "#6"},
				"down": {"uv": [0, 0, 2.75, 2.75], "rotation": 270, "texture": "#6"}
			}
		},
		{
			"from": [3.17578, 2.21484, 2.12109],
			"to": [3.35547, 2.33594, 2.22656],
			"rotation": {"angle": -45, "axis": "y", "origin": [3.25, 2, 2]},
			"faces": {
				"north": {"uv": [0, 0, 2.75, 1.5], "texture": "#1"},
				"east": {"uv": [0, 0, 2.75, 1.5], "texture": "#1"},
				"south": {"uv": [0, 0, 2.75, 1.5], "texture": "#1"},
				"west": {"uv": [0, 0, 2.75, 1.5], "texture": "#1"},
				"up": {"uv": [0, 0, 2.75, 2.75], "rotation": 90, "texture": "#1"},
				"down": {"uv": [0, 0, 2.75, 2.75], "rotation": 270, "texture": "#1"}
			}
		},
		{
			"from": [3.64062, 2.21484, 0.92969],
			"to": [3.82031, 2.33594, 1.03516],
			"rotation": {"angle": -22.5, "axis": "y", "origin": [3.75, 2.30078, 1]},
			"faces": {
				"north": {"uv": [0, 0, 2.75, 1.5], "texture": "#7"},
				"east": {"uv": [0, 0, 2.75, 1.5], "texture": "#7"},
				"south": {"uv": [0, 0, 2.75, 1.5], "texture": "#7"},
				"west": {"uv": [0, 0, 2.75, 1.5], "texture": "#7"},
				"up": {"uv": [0, 0, 2.75, 2.75], "rotation": 90, "texture": "#7"},
				"down": {"uv": [0, 0, 2.75, 2.75], "rotation": 270, "texture": "#7"}
			}
		},
		{
			"from": [1.67578, 1.34375, 3.30078],
			"to": [1.85547, 1.46484, 3.40625],
			"rotation": {"angle": -22.5, "axis": "x", "origin": [3.75, -3, 0]},
			"faces": {
				"north": {"uv": [0, 0, 2.75, 1.5], "texture": "#1"},
				"east": {"uv": [0, 0, 2.75, 1.5], "texture": "#1"},
				"south": {"uv": [0, 0, 2.75, 1.5], "texture": "#1"},
				"west": {"uv": [0, 0, 2.75, 1.5], "texture": "#1"},
				"up": {"uv": [0, 0, 2.75, 2.75], "rotation": 90, "texture": "#1"},
				"down": {"uv": [0, 0, 2.75, 2.75], "rotation": 270, "texture": "#1"}
			}
		},
		{
			"from": [2.94531, 1.89453, 2.27734],
			"to": [3.69531, 2.64453, 3.02734],
			"rotation": {"angle": -22.5, "axis": "x", "origin": [3.75, -3, 0]},
			"faces": {
				"north": {"uv": [0, 0, 2.75, 1.5], "texture": "#2"},
				"east": {"uv": [0, 0, 2.75, 1.5], "texture": "#2"},
				"south": {"uv": [0, 0, 2.75, 1.5], "texture": "#2"},
				"west": {"uv": [0, 0, 2.75, 1.5], "texture": "#2"},
				"up": {"uv": [0, 0, 2.75, 2.75], "rotation": 90, "texture": "#2"},
				"down": {"uv": [0, 0, 2.75, 2.75], "rotation": 270, "texture": "#2"}
			}
		}
	],
	"display": {
		"thirdperson_righthand": {
			"rotation": [68, 0, 0],
			"translation": [6.75, -3.75, 8]
		},
		"thirdperson_lefthand": {
			"rotation": [68, 0, 0],
			"translation": [-6.75, -3.5, 8]
		},
		"firstperson_righthand": {
			"translation": [50, 6, 2],
			"scale": [4, 4, 4]
		},
		"firstperson_lefthand": {
			"translation": [-4.75, 5.75, 2],
			"scale": [4, 4, 4]
		},
		"gui": {
			"rotation": [50, 43, 0],
			"translation": [16.5, 7, 0],
			"scale": [1.7, 1.7, 1.7]
		},
		"head": {
			"translation": [13.75, 6.25, 13.75],
			"scale": [2, 2, 2]
		}
	},
	"groups": [
		0,
		1,
		2,
		3,
		{
			"name": "group",
			"origin": [0, -3, 0],
			"color": 0,
			"children": [4, 5, 6, 7, 8, 9, 10, 11, 12, 13]
		},
		{
			"name": "group",
			"origin": [0, -3, 0],
			"color": 0,
			"children": [14, 15, 16, 17, 18, 19, 20, 21, 22, 23]
		}
	]
}