{
	"credit": "Made with Blockbench",
	"texture_size": [64, 64],
	"textures": {
		"0": "block/red_concrete_powder",
		"1": "block/blue_concrete_powder",
		"2": "block/black_shulker_box",
		"3": "block/black_wool",
		"particle": "block/red_concrete_powder"
	},
	"elements": [
		{
			"from": [2, 0, 0],
			"to": [4, 5, 1],
			"rotation": {"angle": 0, "axis": "y", "origin": [10, 8, 8]},
			"faces": {
				"north": {"uv": [0, 0, 2, 5], "texture": "#1"},
				"east": {"uv": [0, 0, 1, 5], "texture": "#1"},
				"south": {"uv": [0, 0, 2, 5], "texture": "#1"},
				"west": {"uv": [0, 0, 1, 5], "texture": "#1"},
				"up": {"uv": [0, 0, 2, 1], "texture": "#1"},
				"down": {"uv": [0, 0, 2, 1], "texture": "#1"}
			}
		},
		{
			"from": [2.8, 1.4, 0.7],
			"to": [3.3, 1.9, 1.2],
			"faces": {
				"north": {"uv": [0, 0, 0.5, 0.5], "texture": "#3"},
				"east": {"uv": [0, 0, 0.5, 0.5], "texture": "#3"},
				"south": {"uv": [0, 0, 8, 5], "texture": "#3"},
				"west": {"uv": [0, 0, 0.5, 0.5], "texture": "#3"},
				"up": {"uv": [0, 0, 0.5, 0.5], "texture": "#3"},
				"down": {"uv": [0, 0, 0.5, 0.5], "texture": "#3"}
			}
		},
		{
			"from": [3.3, 2, 0.7],
			"to": [3.8, 2.5, 1.2],
			"faces": {
				"north": {"uv": [0, 0, 0.5, 0.5], "texture": "#3"},
				"east": {"uv": [0, 0, 0.5, 0.5], "texture": "#3"},
				"south": {"uv": [0, 0, 8, 5], "texture": "#3"},
				"west": {"uv": [0, 0, 0.5, 0.5], "texture": "#3"},
				"up": {"uv": [0, 0, 0.5, 0.5], "texture": "#3"},
				"down": {"uv": [0, 0, 0.5, 0.5], "texture": "#3"}
			}
		},
		{
			"from": [2.3, 2, 0.7],
			"to": [2.8, 2.5, 1.2],
			"faces": {
				"north": {"uv": [0, 0, 0.5, 0.5], "texture": "#3"},
				"east": {"uv": [0, 0, 0.5, 0.5], "texture": "#3"},
				"south": {"uv": [0, 0, 8, 5], "texture": "#3"},
				"west": {"uv": [0, 0, 0.5, 0.5], "texture": "#3"},
				"up": {"uv": [0, 0, 0.5, 0.5], "texture": "#3"},
				"down": {"uv": [0, 0, 0.5, 0.5], "texture": "#3"}
			}
		},
		{
			"from": [2.8, 2.6, 0.7],
			"to": [3.3, 3.1, 1.2],
			"faces": {
				"north": {"uv": [0, 0, 0.5, 0.5], "texture": "#3"},
				"east": {"uv": [0, 0, 0.5, 0.5], "texture": "#3"},
				"south": {"uv": [0, 0, 8, 5], "texture": "#3"},
				"west": {"uv": [0, 0, 0.5, 0.5], "texture": "#3"},
				"up": {"uv": [0, 0, 0.5, 0.5], "texture": "#3"},
				"down": {"uv": [0, 0, 0.5, 0.5], "texture": "#3"}
			}
		},
		{
			"from": [2.8, 3.6, 0.7],
			"to": [3.3, 4.1, 1.2],
			"faces": {
				"north": {"uv": [0, 0, 0.5, 0.5], "texture": "#3"},
				"east": {"uv": [0, 0, 0.5, 0.5], "texture": "#3"},
				"south": {"uv": [0, 0, 8, 5], "texture": "#3"},
				"west": {"uv": [0, 0, 0.5, 0.5], "texture": "#3"},
				"up": {"uv": [0, 0, 0.5, 0.5], "texture": "#3"},
				"down": {"uv": [0, 0, 0.5, 0.5], "texture": "#3"}
			}
		},
		{
			"from": [2.1, 4.7, 0.4],
			"to": [3.6, 5.2, 0.9],
			"faces": {
				"north": {"uv": [0, 0, 0.5, 0.5], "texture": "#3"},
				"east": {"uv": [0, 0, 0.5, 0.5], "texture": "#3"},
				"south": {"uv": [0, 0, 8, 5], "texture": "#3"},
				"west": {"uv": [0, 0, 0.5, 0.5], "texture": "#3"},
				"up": {"uv": [0, 0, 0.5, 0.5], "texture": "#3"},
				"down": {"uv": [0, 0, 0.5, 0.5], "texture": "#3"}
			}
		},
		{
			"from": [2.1, 4.6, -0.2],
			"to": [3.6, 5.1, 0.2],
			"faces": {
				"north": {"uv": [0, 0, 0.5, 0.5], "texture": "#3"},
				"east": {"uv": [0, 0, 0.5, 0.5], "texture": "#3"},
				"south": {"uv": [0, 0, 8, 5], "texture": "#3"},
				"west": {"uv": [0, 0, 0.5, 0.5], "texture": "#3"},
				"up": {"uv": [0, 0, 0.5, 0.5], "texture": "#3"},
				"down": {"uv": [0, 0, 0.5, 0.5], "texture": "#3"}
			}
		},
		{
			"from": [12, 0, 0],
			"to": [14, 5, 1],
			"rotation": {"angle": 0, "axis": "y", "origin": [20, 8, 8]},
			"faces": {
				"north": {"uv": [0, 0, 2, 5], "texture": "#0"},
				"east": {"uv": [0, 0, 1, 5], "texture": "#0"},
				"south": {"uv": [0, 0, 2, 5], "texture": "#0"},
				"west": {"uv": [0, 0, 1, 5], "texture": "#0"},
				"up": {"uv": [0, 0, 2, 1], "texture": "#0"},
				"down": {"uv": [0, 0, 2, 1], "texture": "#0"}
			}
		},
		{
			"from": [12.8, 2.4, 0.7],
			"to": [13.3, 2.9, 1.2],
			"faces": {
				"north": {"uv": [0, 0, 0.5, 0.5], "texture": "#3"},
				"east": {"uv": [0, 0, 0.5, 0.5], "texture": "#3"},
				"south": {"uv": [0, 0, 8, 5], "texture": "#3"},
				"west": {"uv": [0, 0, 0.5, 0.5], "texture": "#3"},
				"up": {"uv": [0, 0, 0.5, 0.5], "texture": "#3"},
				"down": {"uv": [0, 0, 0.5, 0.5], "texture": "#3"}
			}
		},
		{
			"from": [12.8, 1.4, 0.7],
			"to": [13.3, 1.9, 1.2],
			"faces": {
				"north": {"uv": [0, 0, 0.5, 0.5], "texture": "#3"},
				"east": {"uv": [0, 0, 0.5, 0.5], "texture": "#3"},
				"south": {"uv": [0, 0, 8, 5], "texture": "#3"},
				"west": {"uv": [0, 0, 0.5, 0.5], "texture": "#3"},
				"up": {"uv": [0, 0, 0.5, 0.5], "texture": "#3"},
				"down": {"uv": [0, 0, 0.5, 0.5], "texture": "#3"}
			}
		},
		{
			"from": [12.4, 4.7, 0.4],
			"to": [13.9, 5.2, 0.9],
			"faces": {
				"north": {"uv": [0, 0, 0.5, 0.5], "texture": "#3"},
				"east": {"uv": [0, 0, 0.5, 0.5], "texture": "#3"},
				"south": {"uv": [0, 0, 8, 5], "texture": "#3"},
				"west": {"uv": [0, 0, 0.5, 0.5], "texture": "#3"},
				"up": {"uv": [0, 0, 0.5, 0.5], "texture": "#3"},
				"down": {"uv": [0, 0, 0.5, 0.5], "texture": "#3"}
			}
		},
		{
			"from": [12.4, 4.6, -0.2],
			"to": [13.9, 5.1, 0.2],
			"faces": {
				"north": {"uv": [0, 0, 0.5, 0.5], "texture": "#3"},
				"east": {"uv": [0, 0, 0.5, 0.5], "texture": "#3"},
				"south": {"uv": [0, 0, 8, 5], "texture": "#3"},
				"west": {"uv": [0, 0, 0.5, 0.5], "texture": "#3"},
				"up": {"uv": [0, 0, 0.5, 0.5], "texture": "#3"},
				"down": {"uv": [0, 0, 0.5, 0.5], "texture": "#3"}
			}
		},
		{
			"from": [13.3, 3, 0.7],
			"to": [13.8, 3.5, 1.2],
			"faces": {
				"north": {"uv": [0, 0, 0.5, 0.5], "texture": "#3"},
				"east": {"uv": [0, 0, 0.5, 0.5], "texture": "#3"},
				"south": {"uv": [0, 0, 8, 5], "texture": "#3"},
				"west": {"uv": [0, 0, 0.5, 0.5], "texture": "#3"},
				"up": {"uv": [0, 0, 0.5, 0.5], "texture": "#3"},
				"down": {"uv": [0, 0, 0.5, 0.5], "texture": "#3"}
			}
		},
		{
			"from": [12.3, 3, 0.7],
			"to": [12.8, 3.5, 1.2],
			"faces": {
				"north": {"uv": [0, 0, 0.5, 0.5], "texture": "#3"},
				"east": {"uv": [0, 0, 0.5, 0.5], "texture": "#3"},
				"south": {"uv": [0, 0, 8, 5], "texture": "#3"},
				"west": {"uv": [0, 0, 0.5, 0.5], "texture": "#3"},
				"up": {"uv": [0, 0, 0.5, 0.5], "texture": "#3"},
				"down": {"uv": [0, 0, 0.5, 0.5], "texture": "#3"}
			}
		},
		{
			"from": [12.8, 3.6, 0.7],
			"to": [13.3, 4.1, 1.2],
			"faces": {
				"north": {"uv": [0, 0, 0.5, 0.5], "texture": "#3"},
				"east": {"uv": [0, 0, 0.5, 0.5], "texture": "#3"},
				"south": {"uv": [0, 0, 8, 5], "texture": "#3"},
				"west": {"uv": [0, 0, 0.5, 0.5], "texture": "#3"},
				"up": {"uv": [0, 0, 0.5, 0.5], "texture": "#3"},
				"down": {"uv": [0, 0, 0.5, 0.5], "texture": "#3"}
			}
		},
		{
			"name": "Screen",
			"from": [4, 0, 0],
			"to": [12, 5, 1],
			"rotation": {"angle": 0, "axis": "y", "origin": [8, 8, 8]},
			"faces": {
				"north": {"uv": [0, 0, 8, 5], "texture": "#2"},
				"east": {"uv": [0, 0, 1, 5], "texture": "#2"},
				"south": {"uv": [0, 0, 8, 5], "texture": "#2"},
				"west": {"uv": [0, 0, 1, 5], "texture": "#2"},
				"up": {"uv": [0, 0, 8, 1], "texture": "#2"},
				"down": {"uv": [0, 0, 8, 1], "texture": "#2"}
			}
		}
	],
	"display": {
		"thirdperson_righthand": {
			"translation": [0, 7.5, 8.5]
		},
		"firstperson_righthand": {
			"translation": [2, 1.25, 0]
		},
		"gui": {
			"translation": [0, 5, 0]
		},
		"fixed": {
			"rotation": [0, -180, 0],
			"translation": [0, 8.25, -8]
		}
	},
	"groups": [
		{
			"name": "Red Joycon",
			"origin": [10, 8, 8],
			"color": 0,
			"children": [
				0,
				{
					"name": "Buttons",
					"origin": [0, 0, 0],
					"color": 0,
					"children": [1, 2, 3, 4, 5, 6, 7]
				}
			]
		},
		{
			"name": "Blue Joycon",
			"origin": [10, 8, 8],
			"color": 0,
			"children": [
				8,
				{
					"name": "Buttons2",
					"origin": [0, 0, 0],
					"color": 0,
					"children": [9, 10, 11, 12, 13, 14, 15]
				}
			]
		},
		{
			"name": "bone",
			"origin": [0, 0, 0],
			"color": 0,
			"children": [16]
		}
	]
}