{
	"credit": "Made with Blockbench",
	"texture_size": [32, 32],
	"textures": {
		"2": "item/logo",
		"particle": "item/logo"
	},
	"elements": [
		{
			"from": [1, 13, 1],
			"to": [10, 14, 10],
			"faces": {
				"north": {"uv": [16, 0, 23.46667, 2.28571], "texture": "#2"},
				"east": {"uv": [0, 34.28571, 16, 36.57143], "texture": "#2"},
				"south": {"uv": [16, 2.28571, 23.46667, 4.57143], "texture": "#2"},
				"west": {"uv": [0, 32, 16, 34.28571], "texture": "#2"},
				"up": {"uv": [15, 15, 1, 1], "rotation": 270, "texture": "#2"},
				"down": {"uv": [16, 16, 0, 32], "rotation": 90, "texture": "#2"}
			}
		},
		{
			"from": [2, 13, 0],
			"to": [9, 14, 1],
			"faces": {
				"north": {"uv": [6, 6, 6.5, 6.5], "texture": "#2"},
				"east": {"uv": [0, 0, 0.5, 0.5], "texture": "#2"},
				"south": {"uv": [0, 0, 6.5, 0.5], "texture": "#2"},
				"west": {"uv": [0, 0, 0.5, 0.5], "texture": "#2"},
				"up": {"uv": [0, 0, 1, 16], "rotation": 90, "texture": "#2"},
				"down": {"uv": [0, 0, 6.5, 0.5], "texture": "#2"}
			}
		},
		{
			"from": [0, 13, 2],
			"to": [1, 14, 9],
			"faces": {
				"north": {"uv": [6, 6, 6.5, 6.5], "texture": "#2"},
				"east": {"uv": [0, 0, 0.5, 0.5], "texture": "#2"},
				"south": {"uv": [0, 0, 6.5, 0.5], "texture": "#2"},
				"west": {"uv": [0, 0, 0.5, 0.5], "texture": "#2"},
				"up": {"uv": [0, 15, 16, 16], "rotation": 90, "texture": "#2"},
				"down": {"uv": [0, 0, 6.5, 0.5], "texture": "#2"}
			}
		},
		{
			"from": [10, 13, 2],
			"to": [11, 14, 9],
			"faces": {
				"north": {"uv": [6, 6, 6.5, 6.5], "texture": "#2"},
				"east": {"uv": [0, 0, 0.5, 0.5], "texture": "#2"},
				"south": {"uv": [0, 0, 6.5, 0.5], "texture": "#2"},
				"west": {"uv": [0, 0, 0.5, 0.5], "texture": "#2"},
				"up": {"uv": [0, 0, 16, 1], "rotation": 90, "texture": "#2"},
				"down": {"uv": [0, 0, 6.5, 0.5], "texture": "#2"}
			}
		},
		{
			"from": [2, 13, 10],
			"to": [9, 14, 11],
			"faces": {
				"north": {"uv": [0, 0, 7.5, 0.5], "texture": "#2"},
				"east": {"uv": [0, 0, 0.5, 0.5], "texture": "#2"},
				"south": {"uv": [0, 0, 7.5, 0.5], "texture": "#2"},
				"west": {"uv": [0, 0, 0.5, 0.5], "texture": "#2"},
				"up": {"uv": [15, 0, 16, 16], "rotation": 90, "texture": "#2"},
				"down": {"uv": [0, 0, 7.5, 0.5], "texture": "#2"}
			}
		}
	],
	"display": {
		"thirdperson_righthand": {
			"rotation": [14.97, 85.52, 69.52],
			"translation": [1.25, 2.5, -2.25],
			"scale": [0.36328, 0.40234, 0.35352]
		},
		"thirdperson_lefthand": {
			"rotation": [15, 86, 70],
			"translation": [1.25, 0.25, -2],
			"scale": [0.4, 0.4, 0.4]
		},
		"firstperson_righthand": {
			"rotation": [-73.75, 5.32, 102.57],
			"translation": [-2.25, 7.25, 6.25],
			"scale": [0.4, 0.4, 0.4]
		},
		"firstperson_lefthand": {
			"rotation": [104.79, -2.04, 98.63],
			"translation": [-2, 5.25, 6.5],
			"scale": [0.4, 0.4, 0.4]
		},
		"gui": {
			"rotation": [0, 65.5, 77.75],
			"translation": [4.5, 1.5, 0]
		}
	}
}